error: invalid character `{` in package name: `{{project-name}}`, the first character must be a Unicode XID start character (most letters or `_`)
 --> ../../.cargo/git/checkouts/dotzuki-10858e612e941535/88f1fcc/workspace/dotzuki-template/Cargo.toml:4:8
  |
4 | name = "{{project-name}}"
  |        ^^^^^^^^^^^^^^^^^^
warning: function `emit_flex_container` is never used
    --> crates/pokered-data/build.rs:2138:4
     |
2138 | fn emit_flex_container(out: &mut String, flex: &serde_json::Value) {
     |    ^^^^^^^^^^^^^^^^^^^
     |
     = note: `#[warn(dead_code)]` (part of `#[warn(unused)]`) on by default

warning: function `emit_list_params` is never used
    --> crates/pokered-data/build.rs:2390:4
     |
2390 | fn emit_list_params(out: &mut String, list: &serde_json::Value) {
     |    ^^^^^^^^^^^^^^^^

warning: `pokered-data` (build script) generated 2 warnings
   Compiling pokered-data v0.1.0 (/Users/liuyanghe02/develop/open-pokered-3/crates/pokered-data)
warning: unused imports: `Display`, `EnumCount`, `EnumIter`, and `EnumString`
 --> crates/pokered-data/src/items.rs:3:20
  |
3 | use strum_macros::{Display, EnumCount, EnumIter, EnumString};
  |                    ^^^^^^^  ^^^^^^^^^  ^^^^^^^^  ^^^^^^^^^^
  |
  = note: `#[warn(unused_imports)]` (part of `#[warn(unused)]`) on by default

warning: unused import: `PaletteTrait`
   --> crates/pokered-data/src/impl_traits.rs:264:48
    |
264 | use dotzuki_engine::palette::{PaletteProvider, PaletteTrait, SgbPaletteEntry};
    |                                                ^^^^^^^^^^^^

warning: unreachable pattern
  --> crates/pokered-data/src/lang_data.rs:90:9
   |
90 |         _ => "???", // species added through the editor (no localized name yet)
   |         ^ no value can reach this
   |
note: multiple earlier patterns match some of the same values
  --> crates/pokered-data/src/lang_data.rs:90:9
   |
38 |         Species::None=>"---",
   |         ------------- matches some of the same values
39 |         Species::Bulbasaur=>"BULBASAUR",Species::Ivysaur=>"IVYSAUR",Species::Venusaur=>"VENUSAUR",
   |         ------------------              ----------------            ----------------- matches some of the same values
   |         |                               |
   |         |                               matches some of the same values
   |         matches some of the same values
...
90 |         _ => "???", // species added through the editor (no localized name yet)
   |         ^ ...and 148 other patterns collectively make this unreachable
   = note: `#[warn(unreachable_patterns)]` (part of `#[warn(unused)]`) on by default

warning: unreachable pattern
   --> crates/pokered-data/src/lang_data.rs:233:13
    |
233 |             _ => "---",
    |             ^ no value can reach this
    |
note: multiple earlier patterns match some of the same values
   --> crates/pokered-data/src/lang_data.rs:233:13
    |
178 |             MoveId::None=>"---",MoveId::Pound=>"POUND",MoveId::KarateChop=>"KARATE CHOP",
    |             ------------        -------------          ------------------ matches some of the same values
    |             |                   |
    |             |                   matches some of the same values
    |             matches some of the same values
179 |             MoveId::Doubleslap=>"DOUBLESLAP",MoveId::CometPunch=>"COMET PUNCH",MoveId::MegaPunch=>"MEGA PUNCH",
    |             ------------------ matches some of the same values
...
233 |             _ => "---",
    |             ^ ...and 162 other patterns collectively make this unreachable

warning: unreachable pattern
   --> crates/pokered-data/src/lang_data.rs:368:9
    |
345 |         "BADGES" => "徽章",
    |         -------- matches all the relevant values
...
368 |         "BADGES" => "徽章",
    |         ^^^^^^^^ no value can reach this

warning: unreachable pattern
   --> crates/pokered-data/src/lang_data.rs:388:9
    |
361 |         "EXIT" => "退出",
    |         ------ matches all the relevant values
...
388 |         "EXIT" => "退出",
    |         ^^^^^^ no value can reach this

warning: function `default_true` is never used
   --> crates/pokered-data/src/ui_layout/schema.rs:111:4
    |
111 | fn default_true() -> bool { true }
    |    ^^^^^^^^^^^^
    |
    = note: `#[warn(dead_code)]` (part of `#[warn(unused)]`) on by default

warning: function `default_gap` is never used
   --> crates/pokered-data/src/ui_layout/schema.rs:112:4
    |
112 | fn default_gap() -> u32 { 1 }
    |    ^^^^^^^^^^^

warning: function `default_item_name_width` is never used
   --> crates/pokered-data/src/ui_layout/schema.rs:113:4
    |
113 | fn default_item_name_width() -> u32 { 14 }
    |    ^^^^^^^^^^^^^^^^^^^^^^^

warning: function `default_qty_width` is never used
   --> crates/pokered-data/src/ui_layout/schema.rs:114:4
    |
114 | fn default_qty_width() -> u32 { 2 }
    |    ^^^^^^^^^^^^^^^^^

warning: function `one` is never used
   --> crates/pokered-data/src/ui_layout/schema.rs:223:4
    |
223 | fn one() -> u32 { 1 }
    |    ^^^

   Compiling pokered-core v0.1.0 (/Users/liuyanghe02/develop/open-pokered-3/crates/pokered-core)
warning: `pokered-data` (lib) generated 11 warnings (run `cargo fix --lib -p pokered-data` to apply 1 suggestion)
warning: unused import: `BattlePhase`
  --> crates/pokered-core/src/battle/item_fidelity_tests.rs:7:26
   |
 7 | use super::{BattleInput, BattlePhase, BattleScreen};
   |                          ^^^^^^^^^^^
   |
help: if this is a test module, consider adding a `#[cfg(test)]` to the containing module
  --> crates/pokered-core/src/battle/mod.rs:30:1
   |
30 | mod item_fidelity_tests;
   | ^^^^^^^^^^^^^^^^^^^^^^^^
   = note: `#[warn(unused_imports)]` (part of `#[warn(unused)]`) on by default

warning: unused import: `crate::battle::BallAnimOutcome`
  --> crates/pokered-core/src/battle/item_fidelity_tests.rs:8:5
   |
 8 | use crate::battle::BallAnimOutcome;
   |     ^^^^^^^^^^^^^^^^^^^^^^^^^^^^^^
   |
help: if this is a test module, consider adding a `#[cfg(test)]` to the containing module
  --> crates/pokered-core/src/battle/mod.rs:30:1
   |
30 | mod item_fidelity_tests;
   | ^^^^^^^^^^^^^^^^^^^^^^^^

warning: unused import: `crate::battle::BattleAnimEvent`
  --> crates/pokered-core/src/battle/item_fidelity_tests.rs:9:5
   |
 9 | use crate::battle::BattleAnimEvent;
   |     ^^^^^^^^^^^^^^^^^^^^^^^^^^^^^^
   |
help: if this is a test module, consider adding a `#[cfg(test)]` to the containing module
  --> crates/pokered-core/src/battle/mod.rs:30:1
   |
30 | mod item_fidelity_tests;
   | ^^^^^^^^^^^^^^^^^^^^^^^^

warning: unused import: `create_pokemon`
  --> crates/pokered-core/src/battle/item_fidelity_tests.rs:10:29
   |
10 | use crate::pokemon::stats::{create_pokemon, create_pokemon_with_moves};
   |                             ^^^^^^^^^^^^^^
   |
help: if this is a test module, consider adding a `#[cfg(test)]` to the containing module
  --> crates/pokered-core/src/battle/mod.rs:30:1
   |
30 | mod item_fidelity_tests;
   | ^^^^^^^^^^^^^^^^^^^^^^^^

warning: unused import: `CaptureRandoms`
    --> crates/pokered-core/src/battle/mod.rs:2814:38
     |
2814 |         use crate::battle::capture::{CaptureRandoms, CaptureResult};
     |                                      ^^^^^^^^^^^^^^

warning: unused import: `crate::battle::state::status1`
    --> crates/pokered-core/src/battle/mod.rs:6834:13
     |
6834 |         use crate::battle::state::status1;
     |             ^^^^^^^^^^^^^^^^^^^^^^^^^^^^^
     |
help: if this is a test module, consider adding a `#[cfg(test)]` to the containing module
    --> crates/pokered-core/src/battle/mod.rs:6832:5
     |
6832 |     mod pp_lifecycle_tests {
     |     ^^^^^^^^^^^^^^^^^^^^^^

warning: unused import: `pokered_data::tilesets::TilesetId`
  --> crates/pokered-core/src/overworld/doors_elevators.rs:11:5
   |
11 | use pokered_data::tilesets::TilesetId;
   |     ^^^^^^^^^^^^^^^^^^^^^^^^^^^^^^^^^

warning: unused import: `pokered_data::tilesets::TilesetId`
 --> crates/pokered-core/src/overworld/player_movement.rs:9:5
  |
9 | use pokered_data::tilesets::TilesetId;
  |     ^^^^^^^^^^^^^^^^^^^^^^^^^^^^^^^^^

warning: unused import: `pokered_data::tilesets::TilesetId`
 --> crates/pokered-core/src/overworld/special_terrain.rs:7:5
  |
7 | use pokered_data::tilesets::TilesetId;
  |     ^^^^^^^^^^^^^^^^^^^^^^^^^^^^^^^^^

warning: unnecessary parentheses around pattern
    --> crates/pokered-core/src/overworld/screen.rs:1485:21
     |
1485 |                 for (y) in [cy - r, cy + r] {
     |                     ^ ^
     |
     = note: `#[warn(unused_parens)]` (part of `#[warn(unused)]`) on by default
help: remove these parentheses
     |
1485 -                 for (y) in [cy - r, cy + r] {
1485 +                 for y in [cy - r, cy + r] {
     |

warning: unused import: `max_exp`
  --> crates/pokered-core/src/pokemon/engine_adapter.rs:41:56
   |
41 | use crate::battle::experience::growth::{exp_for_level, max_exp};
   |                                                        ^^^^^^^

warning: unused import: `crate::battle::experience::level_up::process_level_up`
  --> crates/pokered-core/src/pokemon/engine_adapter.rs:42:5
   |
42 | use crate::battle::experience::level_up::process_level_up;
   |     ^^^^^^^^^^^^^^^^^^^^^^^^^^^^^^^^^^^^^^^^^^^^^^^^^^^^^

warning: unused variable: `randoms`
   --> crates/pokered-core/src/battle/capture.rs:113:9
    |
113 |     let randoms = CaptureRandoms { rand1, rand2 };
    |         ^^^^^^^ help: if this is intentional, prefix it with an underscore: `_randoms`
    |
    = note: `#[warn(unused_variables)]` (part of `#[warn(unused)]`) on by default

warning: variable does not need to be mutable
    --> crates/pokered-core/src/battle/mod.rs:2384:17
     |
2384 |                 mut wait_frames,
     |                 ----^^^^^^^^^^^
     |                 |
     |                 help: remove this `mut`
     |
     = note: `#[warn(unused_mut)]` (part of `#[warn(unused)]`) on by default

warning: unused variable: `pokemon_index`
    --> crates/pokered-core/src/battle/mod.rs:2223:39
     |
2223 |             BattlePhase::PartyStats { pokemon_index } => {
     |                                       ^^^^^^^^^^^^^ help: try ignoring the field: `pokemon_index: _`

warning: unused variable: `tileset`
   --> crates/pokered-core/src/overworld/collision.rs:165:9
    |
165 |         tileset: TilesetId,
    |         ^^^^^^^ help: if this is intentional, prefix it with an underscore: `_tileset`

warning: unused variable: `tileset`
   --> crates/pokered-core/src/overworld/collision.rs:213:9
    |
213 |         tileset: TilesetId,
    |         ^^^^^^^ help: if this is intentional, prefix it with an underscore: `_tileset`

warning: value assigned to `repel_wore_off` is never read
    --> crates/pokered-core/src/overworld/update.rs:1673:21
     |
1673 |                     repel_wore_off = true;
     |                     ^^^^^^^^^^^^^^^^^^^^^
     |
     = help: maybe it is overwritten before being read?
     = note: `#[warn(unused_assignments)]` (part of `#[warn(unused)]`) on by default

warning: unused variable: `probe`
   --> crates/pokered-core/src/save/sram_import.rs:407:29
    |
407 | fn blank_offset_after_water(probe: &[u8]) -> usize {
    |                             ^^^^^ help: if this is intentional, prefix it with an underscore: `_probe`

warning: function `format_cannot_move` is never used
   --> crates/pokered-core/src/battle/mod.rs:710:4
    |
710 | fn format_cannot_move(reason: &CannotMoveReason) -> &'static str {
    |    ^^^^^^^^^^^^^^^^^^
    |
    = note: `#[warn(dead_code)]` (part of `#[warn(unused)]`) on by default

warning: associated functions `generate_move_randoms` and `format_move_outcome` are never used
    --> crates/pokered-core/src/battle/mod.rs:1520:8
     |
1185 | impl BattleScreen {
     | ----------------- associated functions in this implementation
...
1520 |     fn generate_move_randoms() -> MoveRandoms {
     |        ^^^^^^^^^^^^^^^^^^^^^
...
1683 |     fn format_move_outcome(
     |        ^^^^^^^^^^^^^^^^^^^

warning: function `input` is never used
  --> crates/pokered-core/src/battle/item_fidelity_tests.rs:15:4
   |
15 | fn input(down: bool, a: bool) -> BattleInput {
   |    ^^^^^

warning: function `back_input` is never used
  --> crates/pokered-core/src/battle/item_fidelity_tests.rs:23:4
   |
23 | fn back_input() -> BattleInput {
   |    ^^^^^^^^^^

warning: function `press_b` is never used
  --> crates/pokered-core/src/battle/item_fidelity_tests.rs:30:4
   |
30 | fn press_b(battle: &mut BattleScreen) {
   |    ^^^^^^^

warning: function `use_first_bag_item` is never used
  --> crates/pokered-core/src/battle/item_fidelity_tests.rs:36:4
   |
36 | fn use_first_bag_item(battle: &mut BattleScreen) {
   |    ^^^^^^^^^^^^^^^^^^

warning: function `bag_quantity` is never used
  --> crates/pokered-core/src/battle/item_fidelity_tests.rs:42:4
   |
42 | fn bag_quantity(battle: &BattleScreen, item: ItemId) -> u32 {
   |    ^^^^^^^^^^^^

warning: function `current_message` is never used
  --> crates/pokered-core/src/battle/item_fidelity_tests.rs:52:4
   |
52 | fn current_message(battle: &BattleScreen) -> String {
   |    ^^^^^^^^^^^^^^^

warning: function `pp_mon` is never used
   --> crates/pokered-core/src/battle/item_fidelity_tests.rs:193:4
    |
193 | fn pp_mon() -> crate::battle::state::Pokemon {
    |    ^^^^^^

warning: function `mk` is never used
    --> crates/pokered-core/src/battle/mod.rs:6838:12
     |
6838 |         fn mk(sp: Species, lvl: u8, moves: [MoveId; 4]) -> crate::battle::state::Pokemon {
     |            ^^

warning: method `text_pages` is never used
   --> crates/pokered-core/src/oak_speech.rs:313:8
    |
312 | impl OakSpeechPhase {
    | ------------------- method in this implementation
313 |     fn text_pages(&self) -> Option<&'static [TextPage]> {
    |        ^^^^^^^^^^

warning: fields `scene_script_provider` and `scripts_dir` are never read
   --> crates/pokered-core/src/overworld/screen.rs:627:16
    |
560 | pub struct OverworldScreen<G: GameData = pokered_data::impl_traits::PokemonRedData> {
    |            --------------- fields in this struct
...
627 |     pub(crate) scene_script_provider: pokered_data::scene_loader::SceneScriptProvider,
    |                ^^^^^^^^^^^^^^^^^^^^^
...
634 |     pub(crate) scripts_dir: Option<std::path::PathBuf>,
    |                ^^^^^^^^^^^

warning: method `repel_wore_off` is never used
    --> crates/pokered-core/src/overworld/screen.rs:1771:19
     |
 816 | impl<G: GameData<Tileset = TilesetId>> OverworldScreen<G> {
     | --------------------------------------------------------- method in this implementation
...
1771 |     pub(crate) fn repel_wore_off(&self, repel_before: u16) -> bool {
     |                   ^^^^^^^^^^^^^^

warning: `pokered-core` (lib) generated 32 warnings (run `cargo fix --lib -p pokered-core` to apply 18 suggestions)
warning: unused import: `CaptureRandoms`
    --> crates/pokered-core/src/battle/mod.rs:2814:38
     |
2814 |         use crate::battle::capture::{CaptureRandoms, CaptureResult};
     |                                      ^^^^^^^^^^^^^^
     |
     = note: `#[warn(unused_imports)]` (part of `#[warn(unused)]`) on by default

warning: unused import: `crate::battle::state::status1`
    --> crates/pokered-core/src/battle/mod.rs:6834:13
     |
6834 |         use crate::battle::state::status1;
     |             ^^^^^^^^^^^^^^^^^^^^^^^^^^^^^

warning: unused import: `ExpGainEntry`
  --> crates/pokered-core/tests/battle_settlement_integration.rs:10:55
   |
10 | use pokered_core::battle::settlement::{BattleOutcome, ExpGainEntry};
   |                                                       ^^^^^^^^^^^^
   |
   = note: `#[warn(unused_imports)]` (part of `#[warn(unused)]`) on by default

warning: unused import: `WarpPoint`
  --> crates/pokered-core/tests/map_transition_integration.rs:13:73
   |
13 | use pokered_core::overworld::{Direction, MapConnection, MapConnections, WarpPoint};
   |                                                                         ^^^^^^^^^
   |
   = note: `#[warn(unused_imports)]` (part of `#[warn(unused)]`) on by default

warning: unused import: `ConnectionTransition`
  --> crates/pokered-core/src/overworld/tests_connections.rs:14:53
   |
14 |     calculate_connection_transition, check_warp_at, ConnectionTransition,
   |                                                     ^^^^^^^^^^^^^^^^^^^^

warning: unused variable: `result`
   --> crates/pokered-core/tests/battle_settlement_integration.rs:202:9
    |
202 |     let result = gain_experience(&mut state, Species::Rattata, 10, false);
    |         ^^^^^^ help: if this is intentional, prefix it with an underscore: `_result`
    |
    = note: `#[warn(unused_variables)]` (part of `#[warn(unused)]`) on by default

warning: unused import: `super::Direction`
 --> crates/pokered-core/src/overworld/tests_scripts.rs:3:5
  |
3 | use super::Direction;
  |     ^^^^^^^^^^^^^^^^

warning: unused import: `pokered_data::charmap::naming_tiles`
   --> crates/pokered-core/src/naming_screen_tests.rs:299:9
    |
299 |     use pokered_data::charmap::naming_tiles;
    |         ^^^^^^^^^^^^^^^^^^^^^^^^^^^^^^^^^^^

warning: `pokered-core` (test "battle_settlement_integration") generated 2 warnings (run `cargo fix --test "battle_settlement_integration" -p pokered-core` to apply 2 suggestions)
warning: `pokered-core` (test "map_transition_integration") generated 1 warning (run `cargo fix --test "map_transition_integration" -p pokered-core` to apply 1 suggestion)
warning: variable does not need to be mutable
   --> crates/pokered-core/src/elevator_screen.rs:107:13
    |
107 |         let mut s = ElevatorScreen::new(floors());
    |             ----^
    |             |
    |             help: remove this `mut`

warning: function `recover_data` is never used
   --> crates/pokered-core/src/battle/effects/field_effects.rs:180:8
    |
180 |     fn recover_data() -> MoveData {
    |        ^^^^^^^^^^^^

warning: constant `NONE` is never used
    --> crates/pokered-core/src/pc_screen.rs:1384:11
     |
1384 |     const NONE: MenuInput = MenuInput {
     |           ^^^^

warning: unused `std::result::Result` that must be used
   --> crates/pokered-core/src/items/use_engine.rs:373:9
    |
373 |         inv.add(ItemId::Antidote, 1);
    |         ^^^^^^^^^^^^^^^^^^^^^^^^^^^^
    |
    = note: this `Result` may be an `Err` variant, which should be handled
    = note: `#[warn(unused_must_use)]` (part of `#[warn(unused)]`) on by default
help: use `let _ = ...` to ignore the resulting value
    |
373 |         let _ = inv.add(ItemId::Antidote, 1);
    |         +++++++

warning: unused `std::result::Result` that must be used
   --> crates/pokered-core/src/items/use_engine.rs:398:9
    |
398 |         inv.add(ItemId::Antidote, 1);
    |         ^^^^^^^^^^^^^^^^^^^^^^^^^^^^
    |
    = note: this `Result` may be an `Err` variant, which should be handled
help: use `let _ = ...` to ignore the resulting value
    |
398 |         let _ = inv.add(ItemId::Antidote, 1);
    |         +++++++

warning: unused `std::result::Result` that must be used
   --> crates/pokered-core/src/items/use_engine.rs:437:9
    |
437 |         inv.add(item, 1);
    |         ^^^^^^^^^^^^^^^^
    |
    = note: this `Result` may be an `Err` variant, which should be handled
help: use `let _ = ...` to ignore the resulting value
    |
437 |         let _ = inv.add(item, 1);
    |         +++++++

warning: unused `std::result::Result` that must be used
   --> crates/pokered-core/src/items/use_engine.rs:579:9
    |
579 |         inv.add(ItemId::FullHeal, 1);
    |         ^^^^^^^^^^^^^^^^^^^^^^^^^^^^
    |
    = note: this `Result` may be an `Err` variant, which should be handled
help: use `let _ = ...` to ignore the resulting value
    |
579 |         let _ = inv.add(ItemId::FullHeal, 1);
    |         +++++++

warning: unused `std::result::Result` that must be used
   --> crates/pokered-core/src/items/use_engine.rs:629:9
    |
629 |         inv.add(ItemId::FullHeal, 1);
    |         ^^^^^^^^^^^^^^^^^^^^^^^^^^^^
    |
    = note: this `Result` may be an `Err` variant, which should be handled
help: use `let _ = ...` to ignore the resulting value
    |
629 |         let _ = inv.add(ItemId::FullHeal, 1);
    |         +++++++

warning: unused `std::result::Result` that must be used
   --> crates/pokered-core/src/items/use_engine.rs:701:9
    |
701 |         inv.add(ItemId::Potion, 3);
    |         ^^^^^^^^^^^^^^^^^^^^^^^^^^
    |
    = note: this `Result` may be an `Err` variant, which should be handled
help: use `let _ = ...` to ignore the resulting value
    |
701 |         let _ = inv.add(ItemId::Potion, 3);
    |         +++++++

warning: unused import: `pokered_core::battle::settlement::settle::settle_battle`
 --> crates/pokered-core/tests/trainer_balance_gym.rs:5:5
  |
5 | use pokered_core::battle::settlement::settle::settle_battle;
  |     ^^^^^^^^^^^^^^^^^^^^^^^^^^^^^^^^^^^^^^^^^^^^^^^^^^^^^^^
  |
  = note: `#[warn(unused_imports)]` (part of `#[warn(unused)]`) on by default

warning: unused import: `pokered_core::battle::settlement::BattleOutcome`
 --> crates/pokered-core/tests/trainer_balance_gym.rs:6:5
  |
6 | use pokered_core::battle::settlement::BattleOutcome;
  |     ^^^^^^^^^^^^^^^^^^^^^^^^^^^^^^^^^^^^^^^^^^^^^^^

warning: unused import: `pokered_core::battle::state::*`
 --> crates/pokered-core/tests/trainer_balance_gym.rs:7:5
  |
7 | use pokered_core::battle::state::*;
  |     ^^^^^^^^^^^^^^^^^^^^^^^^^^^^^^

warning: unused import: `pokered_core::battle::turn::execute_turn`
 --> crates/pokered-core/tests/trainer_balance_gym.rs:8:5
  |
8 | use pokered_core::battle::turn::execute_turn;
  |     ^^^^^^^^^^^^^^^^^^^^^^^^^^^^^^^^^^^^^^^^

warning: `pokered-core` (test "trainer_balance_gym") generated 4 warnings (run `cargo fix --test "trainer_balance_gym" -p pokered-core` to apply 4 suggestions)
warning: unused import: `pokered_core::battle::stat_stages::apply_stage`
 --> crates/pokered-core/tests/rival_first_battle.rs:4:5
  |
4 | use pokered_core::battle::stat_stages::apply_stage;
  |     ^^^^^^^^^^^^^^^^^^^^^^^^^^^^^^^^^^^^^^^^^^^^^^
  |
  = note: `#[warn(unused_imports)]` (part of `#[warn(unused)]`) on by default

warning: unused import: `helpers::*`
 --> crates/pokered-core/tests/trainer_balance_damage.rs:3:5
  |
3 | use helpers::*;
  |     ^^^^^^^^^^
  |
  = note: `#[warn(unused_imports)]` (part of `#[warn(unused)]`) on by default

warning: unused import: `is_high_crit_move`
 --> crates/pokered-core/tests/trainer_balance_damage.rs:5:36
  |
5 |     calculate_damage, crit_chance, is_high_crit_move, is_physical, is_special, DamageParams,
  |                                    ^^^^^^^^^^^^^^^^^

warning: unused import: `pokered_core::battle::state::*`
 --> crates/pokered-core/tests/trainer_balance_damage.rs:7:5
  |
7 | use pokered_core::battle::state::*;
  |     ^^^^^^^^^^^^^^^^^^^^^^^^^^^^^^

warning: unused import: `pokered_core::battle::turn::execute_turn`
 --> crates/pokered-core/tests/trainer_balance_damage.rs:8:5
  |
8 | use pokered_core::battle::turn::execute_turn;
  |     ^^^^^^^^^^^^^^^^^^^^^^^^^^^^^^^^^^^^^^^^

warning: unused import: `pokered_data::species::Species`
  --> crates/pokered-core/tests/trainer_balance_damage.rs:10:5
   |
10 | use pokered_data::species::Species;
   |     ^^^^^^^^^^^^^^^^^^^^^^^^^^^^^^

warning: `pokered-core` (test "trainer_balance_damage") generated 5 warnings (run `cargo fix --test "trainer_balance_damage" -p pokered-core` to apply 5 suggestions)
warning: `pokered-core` (test "rival_first_battle") generated 1 warning (run `cargo fix --test "rival_first_battle" -p pokered-core` to apply 1 suggestion)
warning: `pokered-core` (lib test) generated 29 warnings (15 duplicates) (run `cargo fix --lib -p pokered-core --tests` to apply 6 suggestions)
    Finished `test` profile [unoptimized + debuginfo] target(s) in 9.83s
     Running unittests src/lib.rs (target/debug/deps/pokered_core-5bbdb14b2952a30e)

running 2469 tests
test bag_screen::tests::b_closes_from_browsing ... ok
test bag_screen::swap_tests::select_cancel_with_b ... ok
test bag_screen::swap_tests::select_merge_overflow_caps_second_at_99 ... ok
test bag_screen::tests::browse_down_up_and_cancel_row ... ok
test bag_screen::swap_tests::select_merges_same_item_rows ... ok
test bag_screen::tests::toss_quantity_caps_at_held ... ok
test bag_screen::tests::toss_quantity_selects_and_returns ... ok
test bag_screen::tests::use_returns_item_and_index ... ok
test bag_screen::swap_tests::select_swaps_two_rows ... ok
test battle::accuracy::tests::accuracy_stage_boost_helps ... ok
test battle::accuracy::tests::evasion_stage_makes_miss ... ok
test battle::accuracy::tests::accuracy_clamped_to_255 ... ok
test battle::accuracy::tests::neutral_stages_no_modification ... ok
test battle::accuracy::tests::perfect_accuracy_always_hits ... ok
test battle::accuracy::tests::swift_always_hits ... ok
test battle::accuracy::tests::x_accuracy_always_hits ... ok
test battle::accuracy::tests::zero_accuracy_always_misses ... ok
test battle::badge_boosts::tests::boost_uses_integer_ninth ... ok
test battle::badge_boosts::tests::boost_caps_at_999 ... ok
test battle::badge_boosts::tests::each_badge_boosts_its_own_stat ... ok
test battle::badge_boosts::tests::glitch_reapplication_compounds ... ok
test battle::badge_boosts::tests::initial_boosted_stats_matches_send_out ... ok
test battle::badge_boosts::tests::legacy_reapply_matches_glitch ... ok
test battle::badge_boosts::tests::no_badges_no_boost ... ok
test battle::badge_boosts::tests::reapply_is_inert_without_context ... ok
test battle::badge_boosts::tests::reapply_on_accuracy_change_leaves_stats_boosted ... ok
test battle::badge_boosts::tests::reapply_boosts_all_stats_and_resets_changed ... ok
test battle::badge_boosts::tests::wipe_boosts_restores_unmodified ... ok
test battle::badge_boosts::tests::zero_badges_seeds_no_context ... ok
test battle::capture::tests::full_hp_hard_to_catch ... ok
test battle::capture::tests::great_ball_rand1_at_threshold_passes ... ok
test battle::battle_music_tests::gym_leader_plays_gym_theme ... ok
test battle::capture::tests::great_ball_rand1_rejection_redraws ... ok
test battle::battle_music_tests::wild_battle_plays_wild_theme ... ok
test battle::battle_music_tests::lance_plays_gym_theme_but_trainer_victory ... ok
test battle::battle_music_tests::ordinary_trainer_plays_trainer_theme ... ok
test battle::battle_music_tests::champion_rival_plays_final_battle_theme ... ok
test battle::capture::tests::low_hp_increases_capture_chance ... ok
test battle::battle_music_tests::elite_four_members_play_trainer_theme ... ok
test battle::capture::tests::master_ball_always_captures ... ok
test battle::capture::tests::poke_ball_no_rand1_rejection ... ok
test battle::capture::tests::rand2_check_captures ... ok
test battle::capture::tests::safari_ball_rejection_window_is_150 ... ok
test battle::capture::tests::status_immediate_capture_burn ... ok
test battle::capture::tests::rand2_check_fails ... ok
test battle::capture::tests::status_immediate_capture_sleep ... ok
test battle::capture::tests::ultra_ball_rand1_at_threshold_passes_deterministically ... ok
test battle::capture::tests::ultra_ball_rand1_rejection_redraws ... ok
test battle::capture::tests::wobble_count_three_high_catch_rate_low_hp ... ok
test battle::capture::tests::wobble_count_two_with_status ... ok
test battle::capture::tests::wobble_count_zero ... ok
test battle::damage::tests::basic_damage_nonzero ... ok
test battle::damage::tests::burn_ignored_on_crit_and_special ... ok
test battle::catch_tests::ghost_ball_throw_queues_dodged_event ... ok
test battle::catch_tests::ball_throw_queues_ball_anim_event ... ok
test battle::catch_tests::empty_bag_yields_no_capture ... ok
test battle::damage::tests::burn_halves_physical_attack_noncrit ... ok
test battle::catch_tests::x_stat_item_queues_xstat_anim_event ... ok
test battle::catch_tests::master_ball_throw_records_captured_mon ... ok
test battle::damage::tests::crit_chance_high_crit_move ... ok
test battle::damage::tests::crit_chance_normal_move ... ok
test battle::damage::tests::crit_chance_with_focus_energy_bug ... ok
test battle::damage::tests::critical_hit_increases_damage ... ok
test battle::damage::tests::damage_roll_floor_keeps_variance_tight ... ok
test battle::damage::tests::high_crit_moves ... ok
test battle::damage::tests::explode_halves_defense ... ok
test battle::damage::tests::immunity_zero_damage ... ok
test battle::damage::tests::miss_on_zero_damage_after_type_effectiveness ... ok
test battle::damage::tests::physical_special_split ... ok
test battle::damage::tests::random_value_affects_damage ... ok
test battle::damage::tests::reflect_doubles_defense ... ok
test battle::damage::tests::stab_increases_damage ... ok
test battle::damage::tests::stat_scaling_both_high ... ok
test battle::damage::tests::stat_scaling_not_needed ... ok
test battle::damage::tests::stat_scaling_prevents_zero_attack ... ok
test battle::damage::tests::super_effective_increases_damage ... ok
test battle::damage::tests::zero_power_zero_damage ... ok
test battle::effects::damage_effects::tests::drain_heals_half_damage ... ok
test battle::effects::damage_effects::tests::drain_caps_at_max_hp ... ok
test battle::effects::damage_effects::tests::dream_eater_heals_if_asleep ... ok
test battle::effects::damage_effects::tests::dream_eater_fails_if_not_asleep ... ok
test battle::effects::damage_effects::tests::explode_sets_hp_to_zero ... ok
test battle::effects::damage_effects::tests::ohko_fails_if_lower_level ... ok
test battle::effects::damage_effects::tests::ohko_succeeds_if_higher_level ... ok
test battle::effects::damage_effects::tests::recoil_deals_quarter_damage ... ok
test battle::effects::damage_effects::tests::special_damage_dragon_rage ... ok
test battle::effects::damage_effects::tests::special_damage_seismic_toss ... ok
test battle::effects::damage_effects::tests::special_damage_sonic_boom ... ok
test battle::effects::damage_effects::tests::struggle_recoil_deals_half_damage ... ok
test battle::effects::damage_effects::tests::super_fang_halves_hp ... ok
test battle::effects::damage_effects::tests::super_fang_minimum_1 ... ok
test battle::effects::field_effects::tests::conversion_copies_opponent_types ... ok
test battle::effects::field_effects::tests::focus_energy_sets_flag ... ok
test battle::effects::field_effects::tests::haze_resets_everything ... ok
test battle::effects::field_effects::tests::heal_fails_at_full_hp ... ok
test battle::effects::field_effects::tests::heal_restores_half_max_hp ... ok
test battle::effects::field_effects::tests::leech_seed_fails_on_grass_type ... ok
test battle::effects::field_effects::tests::leech_seed_on_normal_type ... ok
test battle::effects::field_effects::tests::light_screen_sets_flag ... ok
test battle::effects::field_effects::tests::mist_already_active ... ok
test battle::effects::field_effects::tests::mist_sets_protection ... ok
test battle::effects::field_effects::tests::reflect_sets_flag ... ok
test battle::effects::field_effects::tests::rest_fully_heals_and_sleeps ... ok
test battle::effects::field_effects::tests::substitute_bug_allows_zero_hp ... ok
test battle::effects::field_effects::tests::substitute_costs_quarter_hp ... ok
test battle::effects::field_effects::tests::substitute_fails_if_already_up ... ok
test battle::effects::field_effects::tests::substitute_fails_if_not_enough_hp ... ok
test battle::effects::multi_hit_effects::tests::attack_twice_always_2_hits ... ok
test battle::effects::multi_hit_effects::tests::hit_count_distribution ... ok
test battle::effects::multi_hit_effects::tests::twineedle_is_2_hits ... ok
test battle::effects::multi_hit_effects::tests::two_to_five_high_roll_gives_5_hits ... ok
test battle::effects::multi_hit_effects::tests::two_to_five_low_roll_gives_2_hits ... ok
test battle::effects::multi_turn_effects::tests::bide_duration_is_two_or_three_turns ... ok
test battle::effects::multi_turn_effects::tests::bide_stores_then_unleashes ... ok
test battle::effects::multi_turn_effects::tests::charge_first_turn_sets_charging ... ok
test battle::effects::multi_turn_effects::tests::charge_second_turn_clears_charging ... ok
test battle::effects::multi_turn_effects::tests::fly_second_turn_clears_both ... ok
test battle::effects::multi_turn_effects::tests::fly_sets_invulnerable ... ok
test battle::effects::multi_turn_effects::tests::hyper_beam_no_recharge_if_target_fainted ... ok
test battle::effects::multi_turn_effects::tests::hyper_beam_sets_recharge ... ok
test battle::effects::multi_turn_effects::tests::rage_sets_flag ... ok
test battle::effects::multi_turn_effects::tests::thrash_can_last_4_turns ... ok
test battle::effects::multi_turn_effects::tests::thrash_confuses_after_end ... ok
test battle::effects::multi_turn_effects::tests::trapping_decrements_and_clears ... ok
test battle::effects::multi_turn_effects::tests::trapping_duration_uses_multi_hit_weights ... ok
test battle::effects::multi_turn_effects::tests::trapping_sets_turns ... ok
test battle::effects::special_effects::tests::confusion_primary_applies ... ok
test battle::effects::special_effects::tests::confusion_fails_if_already_confused ... ok
test battle::effects::special_effects::tests::confusion_side_chance ... ok
test battle::effects::special_effects::tests::disable_disables_last_move ... ok
test battle::effects::special_effects::tests::disable_fails_if_already_disabled ... ok
test battle::effects::special_effects::tests::flinch_blocked_by_substitute ... ok
test battle::effects::special_effects::tests::flinch_side_no_trigger_on_high_roll ... ok
test battle::effects::special_effects::tests::flinch_side_triggers_on_low_roll ... ok
test battle::effects::special_effects::tests::mimic_copies_last_move ... ok
test battle::effects::special_effects::tests::mimic_fails_if_no_last_move ... ok
test battle::effects::special_effects::tests::mirror_move_fails_if_no_last ... ok
test battle::effects::special_effects::tests::mirror_move_returns_last_move ... ok
test battle::effects::special_effects::tests::pay_day_adds_coins ... ok
test battle::effects::special_effects::tests::splash_does_nothing ... ok
test battle::effects::special_effects::tests::switch_teleport_in_trainer_fails ... ok
test battle::effects::special_effects::tests::switch_teleport_in_wild_escapes ... ok
test battle::effects::stat_effects::tests::stat_down_at_min_is_blocked ... ok
test battle::effects::special_effects::tests::transform_copies_opponent ... ok
test battle::effects::stat_effects::tests::stat_down_blocked_by_mist ... ok
test battle::effects::stat_effects::tests::stat_down_blocked_by_substitute ... ok
test battle::effects::stat_effects::tests::stat_down_decreases_opponent ... ok
test battle::effects::stat_effects::tests::stat_down_side_no_trigger_at_high_roll ... ok
test battle::effects::stat_effects::tests::stat_down_side_triggers_at_low_roll ... ok
test battle::effects::stat_effects::tests::stat_up_2_increases_by_two ... ok
test battle::effects::stat_effects::tests::stat_up_blocked_at_max ... ok
test battle::effects::stat_effects::tests::stat_up_increases_stage ... ok
test battle::effects::status_effects::tests::burn_side_blocked_by_fire_type ... ok
test battle::effects::status_effects::tests::burn_side_chance_triggers ... ok
test battle::effects::status_effects::tests::freeze_side_blocked_by_ice_type ... ok
test battle::effects::status_effects::tests::paralyze_primary_blocked_by_electric_type ... ok
test battle::effects::status_effects::tests::poison_fails_on_poison_type ... ok
test battle::effects::status_effects::tests::poison_primary_inflicts ... ok
test battle::badge_obedience_integration_tests::stat_up_glitch_through_stack_turn ... ok
test battle::effects::status_effects::tests::side_effect_no_trigger_when_roll_too_high ... ok
test battle::badge_obedience_integration_tests::traded_high_level_mon_disobeys ... ok
test battle::effects::status_effects::tests::sleep_fails_on_already_statused ... ok
test battle::badge_obedience_integration_tests::badge_boost_applies_through_production_turn ... ok
test battle::effects::status_effects::tests::sleep_inflicts_on_healthy_target ... ok
test battle::effects::status_effects::tests::substitute_blocks_status ... ok
test battle::effects::status_effects::tests::toxic_sets_badly_poisoned ... ok
test battle::effects::tests::confusion_side_threshold_matches_asm ... ok
test battle::effects::tests::poison_side_thresholds_match_asm ... ok
test battle::effects::tests::stat_down_primary_extra_miss_quirk ... ok
test battle::escape::tests::escape_move_enemy_lower_level_can_fail ... ok
test battle::escape::tests::escape_move_enemy_side_works ... ok
test battle::escape::tests::escape_move_equal_level_succeeds ... ok
test battle::escape::tests::escape_move_lower_level_can_fail ... ok
test battle::escape::tests::escape_move_lower_level_can_succeed ... ok
test battle::escape::tests::escape_move_trainer_battle_fails ... ok
test battle::escape::tests::escape_move_user_higher_level_succeeds ... ok
test battle::escape::tests::run_attempts_add_30_each ... ok
test battle::escape::tests::run_enemy_faster_can_fail ... ok
test battle::escape::tests::run_enemy_faster_can_succeed_with_low_random ... ok
test battle::escape::tests::run_equal_speed_always_escapes ... ok
test battle::escape::tests::run_increments_attempt_counter ... ok
test battle::escape::tests::run_overflow_guarantees_escape ... ok
test battle::escape::tests::run_player_faster_always_escapes ... ok
test battle::escape::tests::run_quotient_overflow_escapes ... ok
test battle::escape::tests::run_trainer_battle_always_fails ... ok
test battle::experience::gain_tests::tests::add_stat_exp_accumulates ... ok
test battle::experience::gain_tests::tests::add_stat_exp_saturates_at_max ... ok
test battle::experience::gain_tests::tests::calc_exp_gain_basic ... ok
test battle::experience::gain_tests::tests::calc_exp_gain_both_boosts ... ok
test battle::experience::gain_tests::tests::calc_exp_gain_traded_boost ... ok
test battle::experience::gain_tests::tests::calc_exp_gain_trainer_boost ... ok
test battle::experience::gain_tests::tests::exp_all_pass_two_skips_fainted ... ok
test battle::experience::gain_tests::tests::exp_all_two_pass_division ... ok
test battle::experience::gain_tests::tests::fainted_participant_gains_no_exp ... ok
test battle::experience::gain_tests::tests::gain_experience_single_mon ... ok
test battle::experience::gain_tests::tests::no_gainers_no_exp ... ok
test battle::experience::gain_tests::tests::two_participants_split_exp_and_stat_exp ... ok
test battle::experience::growth_tests::tests::fast_is_four_fifths_cubed ... ok
test battle::experience::gain_tests::tests::gain_experience_triggers_level_up ... ok
test battle::experience::growth_tests::tests::level_1_always_zero ... ok
test battle::experience::growth_tests::tests::level_from_exp_basic ... ok
test battle::experience::growth_tests::tests::level_from_exp_caps_at_100 ... ok
test battle::experience::growth_tests::tests::max_exp_values ... ok
test battle::experience::growth_tests::tests::medium_fast_is_n_cubed ... ok
test battle::experience::growth_tests::tests::medium_slow_formula ... ok
test battle::experience::growth_tests::tests::slightly_fast_formula ... ok
test battle::experience::growth_tests::tests::slightly_slow_formula ... ok
test battle::experience::growth_tests::tests::slow_is_five_fourths_cubed ... ok
test battle::experience::level_up_tests::tests::hp_increases_on_level_up ... ok
test battle::experience::level_up_tests::tests::does_not_learn_duplicate_move ... ok
test battle::experience::level_up_tests::tests::level_up_when_exp_sufficient ... ok
test battle::experience::level_up_tests::tests::no_level_up_if_not_enough_exp ... ok
test battle::experience::level_up_tests::tests::learns_move_at_level ... ok
test battle::experience::stats_tests::tests::calc_all_stats_pikachu ... ok
test battle::experience::stats_tests::tests::calc_stat_caps_at_999 ... ok
test battle::experience::stats_tests::tests::calc_stat_hp_no_evs ... ok
test battle::experience::level_up_tests::tests::multi_level_up ... ok
test battle::experience::stats_tests::tests::calc_stat_non_hp ... ok
test battle::experience::stats_tests::tests::calc_stat_with_stat_exp ... ok
test battle::experience::stats_tests::tests::extract_ivs_all_max ... ok
test battle::experience::stats_tests::tests::extract_ivs_all_zero ... ok
test battle::experience::stats_tests::tests::extract_ivs_mixed ... ok
test battle::ghost_tests::default_battle_is_not_ghost ... ok
test battle::ghost_tests::ghost_ball_is_dodged_no_capture ... ok
test battle::ghost_tests::ghost_marowak_reveal_intro_flow ... ok
test battle::ghost_tests::normal_wild_intro_has_no_ghost_phases ... ok
test battle::hp_bar_anim_tests::send_out_snaps_instantly ... ok
test battle::hp_bar_anim_tests::refill_animates_without_damage_sfx ... ok
test battle::ghost_tests::ghost_battle_run_always_succeeds ... ok
test battle::hp_bar_anim_tests::step_size_is_one_bar_pixel ... ok
test battle::hp_bar_anim_tests::showing_text_waits_for_drain ... ok
test battle::hp_bar_anim_tests::battle_start_snaps ... ok
test battle::hp_bar_anim_tests::tween_completes_and_goes_idle ... ok
test battle::hp_bar_anim_tests::tween_moves_one_step_per_two_frames ... ok
test battle::ghost_tests::no_scope_ghost_intro_has_cant_id_phase ... ok
test battle::i18n_tests::cjk_wraps_at_tile_width ... ok
test battle::i18n_tests::show_text_then_keeps_english_when_not_zh ... ok
test battle::i18n_tests::show_text_then_localizes_before_pagination ... ok
test battle::item_fidelity_tests::elixir_in_battle_restores_all_moves_without_move_menu ... ok
test battle::item_fidelity_tests::ether_in_battle_can_target_zero_pp_move ... ok
test battle::i18n_tests::multi_page_zh_messages_paginate ... ok
test battle::item_fidelity_tests::ether_no_effect_on_full_pp_keeps_item ... ok
test battle::item_fidelity_tests::ether_move_menu_b_returns_to_party_select ... ok
test battle::item_fidelity_tests::ether_in_battle_restores_selected_move ... ok
test battle::item_fidelity_tests::potion_from_filtered_battle_bag_preserves_key_items ... ok
test battle::item_fidelity_tests::full_party_and_box_refuses_ball_without_consuming ... ok
test battle::item_fidelity_tests::full_box_alone_does_not_block_ball ... ok
test battle::item_fidelity_tests::trainer_ball_is_blocked_consumes_ball_and_animates ... ok
test battle::item_fidelity_tests::safari_ball_refused_when_party_and_box_full ... ok
test battle::link_battle_driver_tests::disconnect_mid_battle_surfaces_error_state ... ok
test battle::link_battle_driver_tests::bag_blocked_in_link_battles ... ok
test battle::link_battle_driver_tests::handshake_accepts_v1_peer ... ok
test battle::link_battle_driver_tests::both_run_is_a_draw ... ok
test battle::link_battle_driver_tests::guest_uses_host_random_list ... ok
test battle::link_battle_driver_tests::full_handshake_party_exchange_and_battle_setup ... ok
test battle::link_battle_driver_tests::both_switch_no_attacks ... ok
test battle::link_battle_driver_tests::runner_loses_attacker_wins ... ok
test battle::link_battle_driver_tests::simultaneous_request_role_tie_break_and_host_rng ... ok
test battle::low_health_alarm_tests::alarm_off_at_full_hp ... ok
test battle::low_health_alarm_tests::alarm_on_only_when_hp_bar_red ... ok
test battle::low_health_alarm_tests::battle_over_phase_disables_alarm ... ok
test battle::low_health_alarm_tests::faint_disables_alarm ... ok
test battle::low_health_alarm_tests::wiped_enemy_party_disables_alarm ... ok
test battle::menu_tests::bag_menu_b_cancels ... ok
test battle::menu_tests::bag_menu_current_item ... ok
test battle::menu_tests::bag_menu_empty_returns_cancel_on_a ... ok
test battle::menu_tests::bag_menu_empty_returns_cancel_on_b ... ok
test battle::menu_tests::bag_menu_is_empty ... ok
test battle::menu_tests::bag_menu_navigate_up ... ok
test battle::menu_tests::bag_menu_navigate_down ... ok
test battle::menu_tests::bag_menu_saved_cursor_clamps_to_valid ... ok
test battle::menu_tests::bag_menu_saved_cursor_persists ... ok
test battle::menu_tests::bag_menu_select_second_item ... ok
test battle::menu_tests::bag_menu_wrap_up ... ok
test battle::menu_tests::bag_menu_single_item_selects ... ok
test battle::menu_tests::battle_menu_a_selects_fight ... ok
test battle::menu_tests::battle_menu_a_selects_run ... ok
test battle::menu_tests::battle_menu_all_four_actions ... ok
test battle::menu_tests::battle_menu_clamp_at_top_left ... ok
test battle::menu_tests::battle_menu_clamp_at_bottom_right ... ok
test battle::menu_tests::battle_menu_from_menu_input ... ok
test battle::link_battle_driver_tests::screen_frozen_after_result_for_frontend_handoff ... ok
test battle::menu_tests::battle_menu_initial_position_is_top_left ... ok
test battle::menu_tests::battle_menu_navigate_down_to_item ... ok
test battle::menu_tests::battle_menu_navigate_right_to_pokemon ... ok
test battle::menu_tests::battle_menu_navigate_to_run ... ok
test battle::menu_tests::battle_menu_no_input_returns_none ... ok
test battle::menu_tests::battle_menu_saved_position_persists ... ok
test battle::menu_tests::item_category_ball_classification ... ok
test battle::menu_tests::item_category_battle_stat_classification ... ok
test battle::menu_tests::item_category_healing_classification ... ok
test battle::menu_tests::item_category_is_usable_in_battle ... ok
test battle::menu_tests::item_category_is_usable_in_trainer_battle ... ok
test battle::menu_tests::item_category_not_usable_in_battle ... ok
test battle::menu_tests::item_category_revive_classification ... ok
test battle::menu_tests::item_category_status_cure_classification ... ok
test battle::menu_tests::item_category_usable_in_battle_classification ... ok
test battle::menu_tests::move_menu_b_cancels_when_allowed ... ok
test battle::menu_tests::move_menu_b_ignored_when_cannot_cancel ... ok
test battle::menu_tests::move_menu_current_move_returns_cursor_slot ... ok
test battle::menu_tests::move_menu_cursor_wraps_down ... ok
test battle::menu_tests::move_menu_cursor_wraps_up ... ok
test battle::menu_tests::move_menu_disabled_takes_priority_over_no_pp ... ok
test battle::menu_tests::move_menu_has_any_usable_move_false_all_disabled ... ok
test battle::menu_tests::move_menu_has_any_usable_move_false_all_no_pp ... ok
test battle::menu_tests::move_menu_has_any_usable_move_true ... ok
test battle::menu_tests::move_menu_initial_cursor_at_zero ... ok
test battle::menu_tests::move_menu_select_disabled_rejected ... ok
test battle::menu_tests::move_menu_select_no_pp_rejected ... ok
test battle::menu_tests::move_menu_select_valid_move ... ok
test battle::menu_tests::move_menu_single_move_wraps ... ok
test battle::menu_tests::party_submenu_a_selects_current ... ok
test battle::menu_tests::party_submenu_b_returns_cancel ... ok
test battle::menu_tests::party_submenu_clamp_at_bottom ... ok
test battle::menu_tests::party_submenu_clamp_at_top ... ok
test battle::menu_tests::party_submenu_initial_cursor_at_switch ... ok
test battle::menu_tests::party_submenu_navigate_down_to_cancel ... ok
test battle::menu_tests::party_submenu_navigate_down_to_stats ... ok
test battle::menu_tests::safari_menu_all_four_actions ... ok
test battle::menu_tests::safari_menu_initial_position ... ok
test battle::menu_tests::safari_menu_navigation_clamps ... ok
test battle::move_execution::tests::miss_does_no_damage ... ok
test battle::move_execution::tests::last_move_updated_on_success ... ok
test battle::move_execution::tests::paralysis_full_para_prevents_move ... ok
test battle::move_execution::tests::pp_decremented_after_move ... ok
test battle::move_execution::tests::sleep_prevents_move ... ok
test battle::move_execution::tests::substitute_absorbs_damage ... ok
test battle::move_execution::tests::substitute_breaks_on_overkill ... ok
test battle::move_execution::tests::successful_attack_deals_damage ... ok
test battle::move_execution::tests::zero_power_move_returns_no_damage ... ok
test battle::obedience::tests::loaf_family_outcomes ... ok
test battle::obedience::tests::loop1_low_byte_obeys ... ok
test battle::ghost_tests::ghost_battle_player_move_fails_scared ... ok
test battle::obedience::tests::loop1_rerolls_until_below_b ... ok
test battle::obedience::tests::loop2_low_byte_uses_random_move ... ok
test battle::obedience::tests::nap_outcome_sets_sleep_turns ... ok
test battle::obedience::tests::obeys_at_or_below_threshold_no_rng ... ok
test battle::obedience::tests::random_move_guards_fall_back_to_nothing ... ok
test battle::obedience::tests::random_move_rerolls_selected_and_empty_slots ... ok
test battle::obedience::tests::high_level_traded_mon_almost_always_disobeys ... ok
test battle::obedience::tests::thresholds_per_badge_tier ... ok
test battle::ghost_tests::ghost_battle_sleeping_player_not_scared ... ok
test battle::obedience::tests::traded_detection ... ok
test battle::obedience::tests::wont_obey_self_hit_outcome ... ok
test battle::old_man_tests::old_man_tutorial_catches_but_keeps_nothing ... ok
test battle::poke_flute_tests::flute_wakes_player_party_and_requests_sfx ... ok
test battle::poke_flute_tests::flute_sfx_pending_only_when_a_mon_was_asleep ... ok
test battle::pokered_rules::p5_tests::p5_confusion_parity ... ok
test battle::pokered_rules::p5_tests::p5_disable_parity ... ok
test battle::pokered_rules::p5_tests::p5_conversion_parity ... ok
test battle::pokered_rules::p5_tests::p5_focus_energy_parity ... ok
test battle::pokered_rules::p5_tests::p5_flinch_parity ... ok
test battle::pokered_rules::p5_tests::p5_haze_parity ... ok
test battle::pokered_rules::p5_tests::p5_jump_kick_crash_on_miss_via_driver ... ok
test battle::pokered_rules::p5_tests::p5_leech_seed_parity ... ok
test battle::pokered_rules::p5_tests::p5_leech_seed_residual_parity ... ok
test battle::pokered_rules::p5_tests::p5_leech_seed_scales_with_toxic_counter ... ok
test battle::pokered_rules::p5_tests::p5_light_screen_and_reflect_parity ... ok
test battle::pokered_rules::p5_tests::p5_metronome_parity ... ok
test battle::pokered_rules::p5_tests::p5_mimic_parity ... ok
test battle::pokered_rules::p5_tests::p5_mirror_move_parity ... ok
test battle::pokered_rules::p5_tests::p5_mist_parity ... ok
test battle::pokered_rules::p5_tests::p5_pay_day_parity ... ok
test battle::pokered_rules::p5_tests::p5_rest_parity ... ok
test battle::pokered_rules::p5_tests::p5_substitute_parity_including_bug_28 ... ok
test battle::pokered_rules::p5_tests::p5_toxic_set_and_uncapped_residual_bug_6 ... ok
test battle::pokered_rules::p5_tests::p5_transform_parity ... ok
test battle::pokered_rules::p5_tests::synthetic_oracle_note ... ok
test battle::pokered_rules::runtime::tests::move_announcement_wording ... ok
test battle::pokered_rules::runtime::tests::adapter_round_trips_state_and_volatiles ... ok
test battle::pokered_rules::runtime::tests::secondary_effect_text_lines ... ok
test battle::pokered_rules::runtime::tests::rng_and_effectiveness_work ... ok
test battle::pokered_rules::runtime::tests::transform_persists_identity_once ... ok
test battle::pokered_rules::p5_tests::p5_on_miss_inert_without_subscriber ... ok
test battle::pokered_rules::tests::authored_moves_resolve_as_data ... ok
test battle::pokered_rules::tests::bide_accumulates_damage_taken ... ok
test battle::link_battle_driver_tests::switch_propagation_and_no_free_turn ... ok
test battle::link_battle_driver_tests::remote_no_action_skips_enemy_move ... ok
test battle::badge_obedience_integration_tests::obedience_deterministic_obey_cases ... ok
test battle::pokered_rules::tests::blocked_move_logs_blocked_event_via_driver ... ok
test battle::pokered_rules::tests::burn_residual_now_at_parity_on_stack ... ok
test battle::link_battle_driver_tests::faint_replacement_switch_propagation ... ok
test battle::pokered_rules::tests::bide_duration_rolls_two_or_three_turns ... ok
test battle::pokered_rules::tests::conversion_copies_target_types ... ok
test battle::link_battle_driver_tests::winner_convergence_both_ways ... ok
test battle::pokered_rules::tests::confuse_ray_installs_confusion_via_decoupled_stack ... ok
test battle::pokered_rules::tests::bide_unleashes_double_accumulated ... ok
test battle::pokered_rules::tests::conversion_type_override_grants_stab ... ok
test battle::pokered_rules::tests::counter_behind_a_sub_reflects_the_real_damage ... ok
test battle::pokered_rules::tests::decoupled_make_volatile_maps_the_game_vocabulary ... ok
test battle::pokered_rules::tests::conversion_narration_honours_defender_override ... ok
test battle::pokered_rules::tests::counter_ignores_special_damage_via_decoupled_stack ... ok
test battle::pokered_rules::tests::counter_reflects_twice_physical_damage_via_decoupled_stack ... ok
test battle::pokered_rules::tests::conversion_defensive_override_confers_immunity ... ok
test battle::pokered_rules::tests::disable_disables_targets_last_move ... ok
test battle::pokered_rules::tests::baked_and_disk_yield_identical_ruleset ... ok
test battle::pokered_rules::tests::demo_stack_battle_transcript ... ok
test battle::pokered_rules::tests::dizzy_punch_is_pure_damage_no_confusion_rider ... ok
test battle::pokered_rules::tests::counter_ignores_ground_physical_damage_via_decoupled_stack ... ok
test battle::pokered_rules::tests::crit_ignores_reflect_screen ... ok
test battle::pokered_rules::tests::disable_counter_decrements_and_expires ... ok
test battle::pokered_rules::tests::disable_faster_user_target_decrements_same_turn ... ok
test battle::pokered_rules::tests::dream_eater_drains_from_sleeping_target ... ok
test battle::pokered_rules::tests::drain_heals_attacker_half_damage_dealt ... ok
test battle::pokered_rules::tests::explosion_kos_the_user_via_decoupled_stack ... ok
test battle::pokered_rules::tests::dream_eater_fails_on_awake_target ... ok
test battle::pokered_rules::tests::disable_veto_blocks_the_disabled_move ... ok
test battle::pokered_rules::tests::fly_charge_turn_installs_volatile_no_damage ... ok
test battle::pokered_rules::tests::fly_invulnerable_target_cannot_be_hit ... ok
test battle::pokered_rules::tests::drain_exact_value_isolated ... ok
test battle::pokered_rules::tests::fly_strike_turn_deals_damage_and_clears ... ok
test battle::pokered_rules::tests::foe_stat_down_applies ... ok
test battle::pokered_rules::tests::fire_move_defrosts_frozen_target ... ok
test battle::link_battle_driver_tests::multi_turn_battle_converges_with_shared_rng ... ok
test battle::pokered_rules::tests::focus_energy_div4_crit_bug_parity ... ok
test battle::pokered_rules::tests::foe_stat_down_floor_at_minus_6 ... ok
test battle::pokered_rules::tests::baked_and_disk_drive_identical_battle ... ok
test battle::pokered_rules::tests::foe_stat_down_blocked_by_mist ... ok
test battle::pokered_rules::tests::fly_strike_miss_still_ends_the_charge ... ok
test battle::pokered_rules::tests::gate_freeze_always_blocks ... ok
test battle::pokered_rules::tests::focus_energy_installs_volatile_via_decoupled_stack ... ok
test battle::pokered_rules::tests::gate_sleep_blocks_and_wake_costs_a_turn ... ok
test battle::pokered_rules::tests::foe_stat_down_side_byte_drawn_even_when_vetoed ... ok
test battle::pokered_rules::tests::gust_misses_fly_invulnerability_gen1 ... ok
test battle::pokered_rules::tests::gate_paralysis_full_para_blocks_else_acts ... ok
test battle::pokered_rules::tests::headbutt_flinches_and_blocks_target_via_decoupled_stack ... ok
test battle::pokered_rules::tests::foe_stat_down_blocked_by_substitute ... ok
test battle::pokered_rules::tests::haze_resets_stages_but_preserves_reflect ... ok
test battle::pokered_rules::tests::jump_kick_crashes_the_user_on_miss ... ok
test battle::pokered_rules::tests::gate_confusion_self_hit_else_acts ... ok
test battle::pokered_rules::tests::haze_cure_narrates_eliminated_text_not_defrost ... ok
test battle::pokered_rules::tests::hypnosis_sleeps_target_via_decoupled_stack ... ok
test battle::pokered_rules::tests::leech_seed_residual_narrates_sapped ... ok
test battle::pokered_rules::tests::hyper_beam_ko_skips_recharge_via_decoupled_stack ... ok
test battle::pokered_rules::tests::hyper_beam_installs_recharge_via_decoupled_stack ... ok
test battle::pokered_rules::tests::multi_hit_bonemerang_exactly_2 ... ok
test battle::pokered_rules::tests::multi_hit_double_kick_exactly_2 ... ok
test battle::pokered_rules::tests::multi_hit_all_hits_hit_the_substitute ... ok
test battle::pokered_rules::tests::multi_hit_two_to_five_high_roll_5_hits ... ok
test battle::pokered_rules::tests::multi_hit_two_to_five_low_roll_2_hits ... ok
test battle::pokered_rules::tests::non_fire_move_does_not_defrost ... ok
test battle::pokered_rules::tests::ohko_breaks_the_substitute ... ok
test battle::pokered_rules::tests::multi_hit_twineedle_poison_type_immune ... ok
test battle::pokered_rules::tests::p2_authored_as_data ... ok
test battle::pokered_rules::tests::multi_hit_twineedle_two_hits_and_poison ... ok
test battle::pokered_rules::tests::ohko_breaks_a_sub_below_the_mon_hp ... ok
test battle::pokered_rules::tests::ohko_level_gate_bug_19 ... ok
test battle::pokered_rules::tests::primary_status_poisonpowder ... ok
test battle::pokered_rules::tests::pure_damage_neutral ... ok
test battle::pokered_rules::tests::p4_authored_as_data ... ok
test battle::pokered_rules::tests::p3_authored_as_data ... ok
test battle::pokered_rules::tests::pure_damage_crit ... ok
test battle::pokered_rules::tests::mist_installs_and_blocks_foe_stat_down_via_decoupled_stack ... ok
test battle::pokered_rules::tests::primary_status_thunder_wave ... ok
test battle::pokered_rules::tests::rage_attack_rises_when_hit ... ok
test battle::pokered_rules::tests::pure_damage_stab_super_effective ... ok
test battle::pokered_rules::tests::pure_damage_one_in_256_miss ... ok
test battle::pokered_rules::tests::pure_damage_resisted ... ok
test battle::pokered_rules::tests::recoil_and_drain_read_real_damage_through_a_sub ... ok
test battle::pokered_rules::tests::reflect_installs_volatile_via_decoupled_stack ... ok
test battle::pokered_rules::tests::rest_sleeps_self_via_decoupled_stack ... ok
test battle::pokered_rules::tests::recharge_volatile_forces_nothing_via_decoupled_stack ... ok
test battle::pokered_rules::tests::rage_use_installs_lock ... ok
test battle::pokered_rules::tests::reflect_halves_physical_damage_via_decoupled_stack ... ok
test battle::pokered_rules::tests::recoil_bypasses_the_users_own_substitute ... ok
test battle::pokered_rules::tests::recoil_hits_attacker_quarter_damage_dealt ... ok
test battle::pokered_rules::tests::residual_burn_narrates_hurt_by_burn ... ok
test battle::pokered_rules::tests::self_boost_clamp_at_plus_6 ... ok
test battle::pokered_rules::tests::residual_poison_narrates_hurt_by_poison ... ok
test battle::pokered_rules::tests::self_boost_plus_1_special ... ok
test battle::pokered_rules::tests::self_heal_recover_half_max_hp ... ok
test battle::pokered_rules::tests::multi_hit_two_to_five_distribution_boundaries ... ok
test battle::pokered_rules::tests::side_status_burn_fires ... ok
test battle::pokered_rules::tests::special_damage_psywave_draws_one_byte ... ok
test battle::pokered_rules::tests::side_status_freeze_fires_defender_faints ... ok
test battle::pokered_rules::tests::self_boost_plus_2_attack ... ok
test battle::pokered_rules::tests::side_status_burn_does_not_fire_but_byte_drawn ... ok
test battle::pokered_rules::tests::side_status_paralyze_30pct_fires_and_not ... ok
test battle::pokered_rules::tests::sleep_goes_through_a_substitute ... ok
test battle::pokered_rules::tests::solarbeam_strikes_but_is_not_invulnerable ... ok
test battle::pokered_rules::tests::special_damage_seismic_toss_and_dragon_rage ... ok
test battle::pokered_rules::tests::side_status_poison_type_immunity ... ok
test battle::pokered_rules::tests::side_status_blocked_by_substitute ... ok
test battle::pokered_rules::tests::substitute_absorbs_the_hit ... ok
test battle::pokered_rules::tests::side_status_type_immunity_quirk_23 ... ok
test battle::pokered_rules::tests::substitute_created_flag_survives_a_same_turn_break ... ok
test battle::pokered_rules::tests::substitute_creation_edge_cases ... ok
test battle::pokered_rules::tests::substitute_breaks_without_overflow ... ok
test battle::pokered_rules::tests::substitute_creates_the_doll ... ok
test battle::pokered_rules::tests::swift_always_hits_and_draws_no_accuracy_byte ... ok
test battle::pokered_rules::tests::swift_hits_through_fly_invulnerability ... ok
test battle::pokered_rules::tests::struggle_recoils_half_the_damage_dealt ... ok
test battle::pokered_rules::tests::super_fang_halves_current_hp ... ok
test battle::pokered_rules::tests::thrash_exhaustion_self_confuses ... ok
test battle::pokered_rules::tests::toxic_ramp_through_driver_no_double_chip ... ok
test battle::pokered_rules::tests::translator_effectiveness_category_matches_chart ... ok
test battle::pokered_rules::tests::thrash_first_use_installs_lock ... ok
test battle::pokered_rules::tests::translate_turn_blocked_sleeper ... ok
test battle::pokered_rules::tests::translator_move_announcement_matches_production_wording ... ok
test battle::pokered_rules::tests::super_fang_hits_the_substitute ... ok
test battle::pokered_rules::tests::transform_copies_target_identity ... ok
test battle::pokered_rules::tests::translate_turn_ko_matches_production_lines ... ok
test battle::pp_lifecycle_tests::any_move_to_select_respects_zero_pp_and_disabled ... ok
test battle::pokered_rules::tests::toxic_sets_poison_and_toxic_volatile_via_decoupled_stack ... ok
test battle::pokered_rules::tests::toxic_and_leech_both_narrate_distinctly ... ok
test battle::pokered_rules::tests::trapped_user_is_forced_and_foe_stays_bound ... ok
test battle::pokered_rules::tests::translator_from_real_turnlog_super_effective ... ok
test battle::pokered_rules::tests::translate_turn_two_movers_both_announce ... ok
test battle::recharge_lifecycle_tests::disable_target_last_move_respects_pp ... ok
test battle::pp_lifecycle_tests::thrash_continuation_spends_no_pp ... ok
test battle::pokered_rules::tests::wrap_duration_uses_multi_hit_weights ... ok
test battle::pp_lifecycle_tests::struggle_turn_spends_no_pp_and_keeps_marker ... ok
test battle::pokered_rules::tests::toxic_residual_narrates_hurt_by_poison_once ... ok
test battle::recharge_lifecycle_tests::metronome_pick_skips_metronome ... ok
test battle::pokered_rules::tests::wrap_installs_trap_and_binds_the_foe ... ok
test battle::pokered_rules::tests::p6_shadow_turnlog_narrates_real_gen1_turns ... ok
test battle::pp_lifecycle_tests::used_move_costs_one_pp ... ok
test battle::pp_lifecycle_tests::recharge_turn_spends_no_pp ... ok
test battle::recharge_lifecycle_tests::disable_live_sets_disabled_move ... ok
test battle::recharge_lifecycle_tests::conversion_live_copies_target_types ... ok
test battle::recharge_lifecycle_tests::metronome_resolves_and_executes_a_real_move ... ok
test battle::recharge_lifecycle_tests::fly_charge_strike_full_lifecycle ... ok
test battle::residual::tests::apply_all_burn_kills_skips_seed ... ok
test battle::residual::tests::apply_all_burn_then_seed ... ok
test battle::residual::tests::badly_poisoned_with_poison_status_ramps_not_flat ... ok
test battle::residual::tests::burn_deals_one_sixteenth ... ok
test battle::residual::tests::burn_kills ... ok
test battle::residual::tests::burn_min_one_damage ... ok
test battle::residual::tests::leech_seed_drains_and_heals ... ok
test battle::residual::tests::leech_seed_heal_capped_at_max ... ok
test battle::residual::tests::leech_seed_kills_target ... ok
test battle::residual::tests::no_seed_no_effect ... ok
test battle::residual::tests::no_status_no_residual ... ok
test battle::residual::tests::poison_deals_one_sixteenth ... ok
test battle::residual::tests::toxic_increments_counter ... ok
test battle::safari::safari_tests::bait_eating_counter_caps_at_255 ... ok
test battle::residual::tests::toxic_leech_seed_interaction_scales_drain ... ok
test battle::safari::safari_tests::bait_halves_rate_clears_anger_adds_eating ... ok
test battle::safari::safari_tests::flee_bait_quarters_the_chance ... ok
test battle::safari::safari_tests::flee_high_speed_low_byte_always_runs ... ok
test battle::safari::safari_tests::flee_neutral_threshold ... ok
test battle::safari::safari_tests::flee_rock_doubles_the_chance ... ok
test battle::safari::safari_tests::rock_caps_catch_rate_at_255 ... ok
test battle::safari::safari_tests::rock_doubles_rate_clears_bait_adds_anger ... ok
test battle::recharge_lifecycle_tests::substitute_live_absorbs_enemy_hit ... ok
test battle::safari::safari_tests::roll_bait_rock_amount_is_1_to_5_via_rejection ... ok
test battle::safari::safari_tests::throw_ball_consumes_a_ball_and_uses_the_live_catch_rate ... ok
test battle::safari::safari_tests::upkeep_anger_still_active_keeps_boosted_rate ... ok
test battle::safari::safari_tests::upkeep_anger_wearing_off_restores_base_catch_rate ... ok
test battle::safari::safari_tests::upkeep_decrements_bait_first_and_reports_eating ... ok
test battle::safari::safari_tests::upkeep_neutral_is_none ... ok
test battle::safari_integration_tests::safari_run_escapes ... ok
test battle::settlement::evolution_tests::tests::apply_evolution_adjusts_hp_by_delta ... ok
test battle::safari_integration_tests::safari_ball_consumes_a_ball ... ok
test battle::safari_integration_tests::safari_bait_halves_catch_rate ... ok
test battle::settlement::evolution_tests::tests::apply_evolution_updates_species_and_stats ... ok
test battle::settlement::evolution_tests::tests::apply_evolution_updates_types ... ok
test battle::recharge_lifecycle_tests::teleport_flees_a_wild_battle ... ok
test battle::settlement::evolution_tests::tests::bulbasaur_evolves_at_16 ... ok
test battle::settlement::evolution_tests::tests::bulbasaur_no_evolve_at_15 ... ok
test battle::settlement::evolution_tests::tests::charmeleon_evolves_at_36 ... ok
test battle::settlement::evolution_tests::tests::kadabra_trade_evolution ... ok
test battle::settlement::evolution_tests::tests::mew_no_evolution ... ok
test battle::settlement::money_tests::tests::blackout_penalty_halves ... ok
test battle::settlement::money_tests::tests::blackout_penalty_odd_rounds_down ... ok
test battle::settlement::evolution_tests::tests::pikachu_item_evolution ... ok
test battle::settlement::money_tests::tests::blackout_penalty_zero ... ok
test battle::settlement::money_tests::tests::prize_money_basic ... ok
test battle::settlement::money_tests::tests::prize_money_gym_leader ... ok
test battle::settlement::money_tests::tests::prize_money_lance_level_62 ... ok
test battle::recharge_lifecycle_tests::pay_day_scatters_coins ... ok
test battle::settlement::money_tests::tests::prize_money_nobody_is_zero ... ok
test battle::settlement::money_tests::tests::total_winnings_capped_at_999999 ... ok
test battle::settlement::money_tests::tests::total_winnings_no_overflow ... ok
test battle::settlement::money_tests::tests::total_winnings_sum ... ok
test battle::settlement::settle_tests::tests::escaped_skips_evolution ... ok
test battle::settlement::settle_tests::tests::loss_halves_money ... ok
test battle::settlement::settle_tests::tests::evolution_detected_on_win_after_level_up ... ok
test battle::settlement::settle_tests::tests::no_evolution_if_fainted ... ok
test battle::settlement::settle_tests::tests::no_evolution_on_loss ... ok
test battle::settlement::settle_tests::tests::no_evolution_without_level_up_flag ... ok
test battle::settlement::settle_tests::tests::trainer_battle_prize_with_payday ... ok
test battle::settlement::settle_tests::tests::win_trainer_battle_gains_money ... ok
test battle::settlement::settle_tests::tests::win_wild_battle_no_prize_money ... ok
test battle::settlement::settle_tests::tests::win_with_payday_adds_bonus ... ok
test battle::recharge_lifecycle_tests::enemy_free_turn_runs_on_the_stack ... ok
test battle::recharge_lifecycle_tests::last_move_used_tracks_the_executed_move ... ok
test battle::recharge_lifecycle_tests::hyper_beam_recharge_full_lifecycle ... ok
test battle::recharge_lifecycle_tests::mimic_copies_and_fires_foe_last_move ... ok
test battle::recharge_lifecycle_tests::mirror_move_replays_foe_last_move ... ok
test battle::recharge_lifecycle_tests::thrash_lock_lifecycle_then_confuses ... ok
test battle::pokered_rules::tests::bucket_a_matrix ... ok
test battle::shift_style_tests::answering_no_sends_next_enemy_without_switch ... ok
test battle::shift_style_tests::answering_yes_switches_after_enemy_send_out ... ok
test battle::shift_style_tests::b_button_answers_no ... ok
test battle::shift_style_tests::b_in_switch_select_proceeds_without_switching ... ok
test battle::shift_style_tests::set_style_suppresses_prompt ... ok
test battle::shift_style_tests::shift_style_prompts_in_trainer_battle ... ok
test battle::shift_style_tests::shift_switch_select_rejects_active_and_fainted ... ok
test battle::shift_style_tests::single_mon_player_party_never_prompts ... ok
test battle::shift_style_tests::wild_battle_never_prompts ... ok
test battle::special_moves::tests::brock_first_mon_gets_bide ... ok
test battle::special_moves::tests::champion_rival_gets_sky_attack_and_counter ... ok
test battle::special_moves::tests::lance_fifth_mon_gets_barrier ... ok
test battle::special_moves::tests::ordinary_trainer_unchanged ... ok
test battle::stack_p0_ai::p0_ai_tests::inert_handlers_keep_consumed_invariant_with_ai_prefix ... ok
test battle::stack_p0_ai::p0_ai_tests::p0_ai_pick_flips_turn_order_and_consumed_matches ... ok
test battle::stack_p0_ai::p0_ai_tests::p0_two_mover_plus_ai_matrix ... ok
test battle::stack_p0_ai::p0_ai_tests::pin_crit_drawn_before_accuracy_even_with_ai_prefix ... ok
test battle::stack_p0_ai::p0_ai_tests::pin_order_byte_drawn_first_exactly_once_even_on_tie ... ok
test battle::stack_poc::parity_tests::crit_is_drawn_before_accuracy ... ok
test battle::stack_poc::parity_tests::determinism_fuzz_1000_seeds ... ok
test battle::stack_poc::parity_tests::first_move_ko_cancels_second_move ... ok
test battle::stack_poc::parity_tests::focus_energy_quarters_crit_gen1_bug ... ok
test battle::stack_poc::parity_tests::harness_predictor_is_reusable ... ok
test battle::stack_poc::parity_tests::parity_matrix_state_and_consumed ... ok
test battle::stack_slice2::slice2_tests::awake_mon_acts_normally ... ok
test battle::stack_slice2::slice2_tests::combined_turn_statused_second_mover_interleave ... ok
test battle::stack_slice2::slice2_tests::confusion_acts_through_draws_one_byte ... ok
test battle::stack_slice2::slice2_tests::confusion_drawn_before_paralysis ... ok
test battle::stack_slice2::slice2_tests::confusion_self_hit_draws_one_byte_and_aborts ... ok
test battle::stack_slice2::slice2_tests::confusion_snaps_out_no_draw_and_acts ... ok
test battle::stack_slice2::slice2_tests::freeze_always_blocks_no_draw ... ok
test battle::stack_slice2::slice2_tests::paralysis_full_para_vs_acts_draw_and_outcome ... ok
test battle::stack_slice2::slice2_tests::paralysis_threshold_boundary_62_blocks_63_acts ... ok
test battle::stack_slice2::slice2_tests::sleep_decrements_no_draw_then_wakes_and_loses_turn ... ok
test battle::stack_slice2::slice2_tests::slice2_determinism_fuzz_1000_seeds ... ok
test battle::stack_slice2::slice2_tests::slice2_matrix_state_and_consumed ... ok
test battle::stack_slice3::slice3_tests::accuracy_and_evasion_stages_flip_hit_miss ... ok
test battle::stack_slice3::slice3_tests::accuracy_threshold_boundary_exact_byte ... ok
test battle::stack_slice3::slice3_tests::crit_threshold_boundary_exact_byte ... ok
test battle::stack_slice3::slice3_tests::focus_energy_quarters_crit_denies_a_landing_crit ... ok
test battle::stack_slice3::slice3_tests::high_crit_move_raises_threshold ... ok
test battle::stack_slice3::slice3_tests::min_and_max_damage_roll_boundaries ... ok
test battle::stack_slice3::slice3_tests::normal_crit_lands_below_threshold_else_not ... ok
test battle::stack_slice3::slice3_tests::one_in_256_miss_draws_no_damage_byte ... ok
test battle::stack_slice3::slice3_tests::slice3_determinism_fuzz_1000_seeds ... ok
test battle::stack_slice3::slice3_tests::slice3_matrix_state_and_consumed ... ok
test battle::stack_slice3::slice3_tests::stab_increases_damage_at_parity ... ok
test battle::stack_slice3::slice3_tests::stat_scaling_over_255_at_parity ... ok
test battle::stack_slice3::slice3_tests::super_effective_and_not_very_effective_at_parity ... ok
test battle::stack_slice3::slice3_tests::type_immunity_is_a_miss_draws_damage_byte ... ok
test battle::stack_slice4::slice4_tests::partial_trap_forfeits_trapped_mon_action ... ok
test battle::stack_slice4::slice4_tests::partial_trap_trapped_mover_draws_nothing ... ok
test battle::stack_slice4::slice4_tests::slice4_determinism_fuzz_1000_seeds ... ok
test battle::stack_slice4::slice4_tests::slice4_matrix_state_volatile_consumed ... ok
test battle::stack_slice4::slice4_tests::substitute_absorbs_normal_hit ... ok
test battle::stack_slice4::slice4_tests::substitute_and_partial_trap_combined ... ok
test battle::stack_slice4::slice4_tests::substitute_break_boundary_exact_byte ... ok
test battle::stack_slice4::slice4_tests::substitute_breaks_on_overkill ... ok
test battle::stack_slice4::slice4_tests::substitute_exact_depletion_breaks ... ok
test battle::stack_slice4::slice4_tests::substitute_plus_crit_absorbs_into_sub ... ok
test battle::stack_slice4::slice4_tests::substitute_untouched_by_zero_damage_immunity ... ok
test battle::stack_slice5::slice5_tests::burn_min_one_parity ... ok
test battle::stack_slice5::slice5_tests::burn_tick_parity ... ok
test battle::stack_slice5::slice5_tests::leech_heal_capped_at_max_parity ... ok
test battle::stack_slice5::slice5_tests::leech_seed_drain_and_heal_parity ... ok
test battle::stack_slice5::slice5_tests::poison_tick_parity ... ok
test battle::stack_slice5::slice5_tests::residual_exact_faint_vs_survive_boundary ... ok
test battle::stack_slice5::slice5_tests::residual_ko_of_first_mover_cancels_second_move ... ok
test battle::stack_slice5::slice5_tests::slice5_determinism_fuzz_1000_seeds ... ok
test battle::stack_slice5::slice5_tests::slice5_matrix_state_counter_consumed ... ok
test battle::stack_slice5::slice5_tests::status_and_leech_combined_asm_order_parity ... ok
test battle::stack_slice5::slice5_tests::toxic_and_leech_combined_order_parity ... ok
test battle::stack_slice5::slice5_tests::toxic_multi_turn_ramp_parity ... ok
test battle::stack_slice5::slice5_tests::toxic_ramps_despite_poison_status_parity ... ok
test battle::stack_slice5::slice5_tests::toxic_uncapped_multiplier_parity ... ok
test battle::stack_slice6::slice6_tests::after_recharge_mon_acts_again ... ok
test battle::stack_slice6::slice6_tests::bide_accumulates_two_turns_unleashes_twice ... ok
test battle::stack_slice6::slice6_tests::bide_stores_without_attacking_until_unleash ... ok
test battle::stack_slice6::slice6_tests::counter_ignores_special_damage ... ok
test battle::stack_slice6::slice6_tests::counter_reflects_twice_physical_damage_taken ... ok
test battle::stack_slice6::slice6_tests::counter_with_no_damage_taken_fails ... ok
test battle::stack_slice6::slice6_tests::fly_charges_then_strikes ... ok
test battle::stack_slice6::slice6_tests::hyper_beam_recharge_skips_the_turn ... ok
test battle::stack_slice6::slice6_tests::locked_move_ignores_chosen_action ... ok
test battle::settlement::writeback_tests::win_adds_prize_money ... ok
test battle::settlement::writeback_tests::loss_triggers_blackout ... ok
test battle::settlement::writeback_tests::blackout_warps_to_last_blackout_maps_fly_point ... ok
test battle::stack_slice6::slice6_tests::slice6_matrix_lockin_state ... ok
test battle::stack_slice6::slice6_tests::thrash_locks_two_turns_then_self_confuses ... ok
test battle::settlement::writeback_tests::oaks_lab_rival1_loss_skips_blackout ... ok
test battle::stack_slice6::slice6_tests::thrash_three_turn_lock_boundary ... ok
test battle::stack_slice7::slice7_tests::drain_heals_attacker_parity ... ok
test battle::stack_slice7::slice7_tests::drain_heal_capped_at_max_parity ... ok
test battle::settlement::writeback_tests::capture_adds_to_party_and_pokedex ... ok
test battle::stack_slice7::slice7_tests::flinch_first_mover_flinches_second_parity ... ok
test battle::stack_slice7::slice7_tests::flinch_no_fire_second_mover_acts_parity ... ok
test battle::stack_slice7::slice7_tests::haze_miss_does_nothing_parity ... ok
test battle::stack_slice7::slice7_tests::haze_resets_both_sides_parity ... ok
test battle::settlement::writeback_tests::bag_is_written_back_not_wiped ... ok
test battle::stack_slice7::slice7_tests::poison_side_threshold_boundary_pin ... ok
test battle::stack_slice7::slice7_tests::poison_side_blocked_by_existing_status_parity ... ok
test battle::settlement::writeback_tests::party_mutations_persist ... ok
test battle::stack_slice7::slice7_tests::pre_existing_flinch_aborts_first_mover_parity ... ok
test battle::stack_slice7::slice7_tests::poison_side_fire_and_no_fire_parity ... ok
test battle::stack_slice7::slice7_tests::recoil_amount_reads_last_damage_parity ... ok
test battle::stack_slice7::slice7_tests::recoil_min_one_parity ... ok
test battle::stat_stages::tests::apply_stage_negative ... ok
test battle::stat_stages::tests::apply_stage_positive ... ok
test battle::stat_stages::tests::apply_stage_zero_returns_base ... ok
test battle::settlement::writeback_tests::capture_full_party_goes_to_box ... ok
test battle::stat_stages::tests::default_stages_are_zero ... ok
test battle::stack_slice7::slice7_tests::special_down_boundary_and_floor_parity ... ok
test battle::stack_slice7::slice7_tests::special_down_side_fire_and_no_fire_parity ... ok
test battle::stat_stages::tests::modify_clamps_at_bounds ... ok
test battle::stat_stages::tests::modify_clamps_at_lower_bound ... ok
test battle::stat_stages::tests::reset_clears_all ... ok
test battle::state::tests::battle_state_attacker_defender ... ok
test battle::settlement::writeback_tests::blackout_defaults_to_pallet_town ... ok
test battle::settlement::writeback_tests::win_queues_pending_evolutions ... ok
test battle::state::tests::battler_active_mon ... ok
test battle::state::tests::battler_reset_volatile ... ok
test battle::stack_slice7::slice7_tests::slice7_matrix_all_categories ... ok
test battle::state::tests::battler_reset_volatile_preserves_toxic ... ok
test battle::state::tests::display_name_falls_back_to_species_table ... ok
test battle::state::tests::display_name_uses_nickname_when_set ... ok
test battle::state::tests::battler_status_flag_operations ... ok
test battle::state::tests::encode_decode_name_round_trips ... ok
test battle::state::tests::encode_name_truncates_at_10_chars_and_stops_unencodable ... ok
test battle::state::tests::leading_zero_byte_nickname_counts_as_unset ... ok
test battle::state::tests::new_battle_state_defaults ... ok
test battle::settlement::writeback_tests::blackout_warp_commits_through_the_update_loop ... ok
test battle::state::tests::reset_volatile_status_clears_conversion_override ... ok
test battle::state::tests::side_opposite ... ok
test battle::state::tests::status_condition_checks ... ok
test battle::state::tests::name_serde_accepts_legacy_json_forms ... ok
test battle::state::tests::name_serde_missing_nickname_key_defaults_to_no_name ... ok
test battle::state::tests::name_serde_legacy_trainer_markup_decodes_to_trainer ... ok
test battle::status_checks::tests::confusion_can_move_through ... ok
test battle::status_checks::tests::confusion_self_hit ... ok
test battle::status_checks::tests::confusion_snaps_out ... ok
test battle::status_checks::tests::disabled_counter_decrements ... ok
test battle::status_checks::tests::disabled_move_check ... ok
test battle::status_checks::tests::flinch_clears_after_check ... ok
test battle::status_checks::tests::freeze_always_prevents ... ok
test battle::status_checks::tests::no_status_can_move ... ok
test battle::status_checks::tests::paralysis_full_para ... ok
test battle::status_checks::tests::recharge_clears_after_check ... ok
test battle::status_checks::tests::paralysis_can_move ... ok
test battle::status_checks::tests::sleep_prevents_move_and_decrements ... ok
test battle::trainer_ai::ai_action::ai_action_tests::tests::agatha_heals_when_low_hp_and_rand_mid ... ok
test battle::status_checks::tests::trapped_by_opponent ... ok
test battle::trainer_ai::ai_action::ai_action_tests::tests::agatha_switches_on_very_low_rand ... ok
test battle::trainer_ai::ai_action::ai_action_tests::tests::ai_count_decrements_to_zero ... ok
test battle::trainer_ai::ai_action::ai_action_tests::tests::blackbelt_does_nothing_above ... ok
test battle::trainer_ai::ai_action::ai_action_tests::tests::blackbelt_uses_x_attack ... ok
test battle::trainer_ai::ai_action::ai_action_tests::tests::blaine_heals_even_at_full_hp ... ok
test battle::trainer_ai::ai_action::ai_action_tests::tests::brock_does_nothing_when_healthy ... ok
test battle::trainer_ai::ai_action::ai_action_tests::tests::brock_uses_full_heal_when_status ... ok
test battle::trainer_ai::ai_action::ai_action_tests::tests::bruno_uses_x_defend ... ok
test battle::trainer_ai::ai_action::ai_action_tests::tests::cooltrainer_f_does_nothing_when_hp_ok_regardless_of_rand ... ok
test battle::trainer_ai::ai_action::ai_action_tests::tests::cooltrainer_f_heals_when_hp_below_one_tenth ... ok
test battle::trainer_ai::ai_action::ai_action_tests::tests::cooltrainer_f_switches_when_hp_below_one_fifth ... ok
test battle::trainer_ai::ai_action::ai_action_tests::tests::cooltrainer_m_uses_x_attack ... ok
test battle::trainer_ai::ai_action::ai_action_tests::tests::erika_does_nothing_when_rand_high ... ok
test battle::trainer_ai::ai_action::ai_action_tests::tests::erika_heals_when_low_hp_and_rand_ok ... ok
test battle::trainer_ai::ai_action::ai_action_tests::tests::generic_always_does_nothing ... ok
test battle::trainer_ai::ai_action::ai_action_tests::tests::giovanni_uses_guard_spec ... ok
test battle::trainer_ai::ai_action::ai_action_tests::tests::juggler_does_nothing_above_threshold ... ok
test battle::trainer_ai::ai_action::ai_action_tests::tests::juggler_switches_below_threshold ... ok
test battle::trainer_ai::ai_action::ai_action_tests::tests::koga_uses_x_attack ... ok
test battle::trainer_ai::ai_action::ai_action_tests::tests::lance_heals_when_low_and_rand_ok ... ok
test battle::trainer_ai::ai_action::ai_action_tests::tests::lorelei_heals_when_low_and_rand_ok ... ok
test battle::trainer_ai::ai_action::ai_action_tests::tests::lt_surge_uses_x_speed ... ok
test battle::trainer_ai::ai_action::ai_action_tests::tests::misty_uses_x_defend ... ok
test battle::trainer_ai::ai_action::ai_action_tests::tests::rival2_does_nothing_when_hp_ok ... ok
test battle::trainer_ai::ai_action::ai_action_tests::tests::rival2_heals_when_low_and_rand_ok ... ok
test battle::trainer_ai::ai_action::ai_action_tests::tests::rival3_full_restores_when_low ... ok
test battle::trainer_ai::ai_action::ai_action_tests::tests::sabrina_heals_when_low_and_rand_ok ... ok
test battle::trainer_ai::ai_action::ai_action_tests::tests::zero_ai_count_always_does_nothing ... ok
test battle::trainer_ai::engine_ai::tests::engine_choose_matches_pokered_pick_move_for_each_rand ... ok
test battle::trainer_ai::engine_ai::tests::single_candidate_is_chosen_without_rng ... ok
test battle::trainer_ai::move_choice::move_choice_tests::tests::combined_layers_1_and_3 ... ok
test battle::trainer_ai::engine_ai::tests::engine_choose_matches_pokered_pick_on_non_empty_layer3 ... ok
test battle::trainer_ai::move_choice::move_choice_tests::tests::empty_move_slots_excluded ... ok
test battle::trainer_ai::move_choice::move_choice_tests::tests::disabled_move_excluded ... ok
test battle::trainer_ai::move_choice::move_choice_tests::tests::layer1_discourages_status_when_player_has_status ... ok
test battle::trainer_ai::move_choice::move_choice_tests::tests::layer1_no_effect_when_player_healthy ... ok
test battle::trainer_ai::move_choice::move_choice_tests::tests::layer1_only_affects_zero_power_status_moves ... ok
test battle::trainer_ai::move_choice::move_choice_tests::tests::layer2_encourages_stat_moves_when_flag_is_1 ... ok
test battle::trainer_ai::move_choice::move_choice_tests::tests::layer2_no_effect_when_flag_is_0 ... ok
test battle::trainer_ai::move_choice::move_choice_tests::tests::layer3_discourages_not_effective_when_better_exists ... ok
test battle::trainer_ai::move_choice::move_choice_tests::tests::layer3_encourages_super_effective ... ok
test battle::trainer_ai::move_choice::move_choice_tests::tests::layer3_no_discourage_if_no_better_move ... ok
test battle::trainer_ai::move_choice::move_choice_tests::tests::no_layers_all_moves_equal ... ok
test battle::trainer_ai::move_choice::move_choice_tests::tests::pick_move_returns_none_when_empty ... ok
test battle::trainer_ai::move_choice::move_choice_tests::tests::pick_move_selects_from_candidates ... ok
test battle::trainer_ai::move_choice::move_choice_tests::tests::single_move_always_selected ... ok
test battle::trainer_ai::move_choice::move_choice_tests::tests::super_fang_counts_as_better_move ... ok
test battle::trainer_ai::move_choice_layer_regression_tests::biker_and_gambler_use_layer1 ... ok
test battle::trainer_ai::tests::agatha_ai_config ... ok
test battle::trainer_ai::tests::brock_ai_config ... ok
test battle::trainer_ai::tests::bug_catcher_has_layer1_only ... ok
test battle::trainer_ai::tests::cooltrainer_f_ai_config ... ok
test battle::trainer_ai::tests::generic_class_defaults ... ok
test battle::trainer_ai::tests::juggler_ai_config ... ok
test battle::trainer_ai::tests::lance_ai_config ... ok
test battle::trainer_ai::tests::lorelei_has_all_three_layers ... ok
test battle::trainer_ai::tests::pokemaniac_has_all_three_layers ... ok
test battle::trainer_ai::tests::rival3_ai_config ... ok
test battle::trainer_ai::tests::sailor_has_layer1_and_layer3 ... ok
test battle::trainer_ai::tests::super_nerd_has_layer1_and_layer2 ... ok
test battle::trainer_ai::tests::unused_juggler_same_as_juggler ... ok
test battle::trainer_ai::tests::youngster_has_no_move_layers ... ok
test battle::trainer_ai_action_tests::ai_narration_uses_canonical_species_name ... ok
test battle::trainer_ai_action_tests::bruno_idle_spends_no_charge ... ok
test battle::trainer_ai_action_tests::brock_full_heal_cures_status ... ok
test battle::trainer_ai_action_tests::cooltrainer_f_heals_low_hp ... ok
test battle::trainer_ai_action_tests::bruno_x_defend_raises_defense ... ok
test battle::trainer_ai_action_tests::giovanni_guard_spec_sets_mist ... ok
test battle::trainer_ai_action_tests::full_restore_heals_and_cures ... ok
test battle::trainer_ai_action_tests::juggler_switches_with_two_mons ... ok
test battle::trainer_ai_action_tests::no_action_for_wild ... ok
test battle::trainer_ai_action_tests::no_action_when_count_zero ... ok
test battle::trainer_ai_action_tests::no_action_when_enemy_locked ... ok
test battle::trainer_encounter::tests::everyone_else_gets_meet_male ... ok
test battle::trainer_ai_action_tests::switch_with_no_target_still_spends_a_charge ... ok
test battle::trainer_encounter::tests::evil_list_gets_meet_evil ... ok
test battle::trainer_encounter::tests::female_list_gets_meet_female ... ok
test battle::trainer_encounter::tests::gym_leaders_keep_map_music ... ok
test battle::trainer_encounter::tests::rivals_keep_current_music ... ok
test battle::turn::tests::both_sides_take_damage ... ok
test battle::turn::tests::burn_residual_applies_after_move ... ok
test battle::turn::tests::faster_player_goes_first ... ok
test battle::turn::tests::ko_prevents_second_move ... ok
test battle::turn::tests::slower_enemy_goes_first_when_faster ... ok
test battle::turn_order::tests::both_quick_attack_uses_speed ... ok
test battle::turn_order::engine_parity_tests::engine_turn_order_matches_legacy_across_matrix ... ok
test battle::turn_order::tests::counter_goes_last ... ok
test battle::turn_order::tests::equal_speed_coin_flip ... ok
test battle::turn_order::tests::faster_pokemon_goes_first ... ok
test battle::turn_order::tests::paralysis_quarters_speed ... ok
test battle::turn_order::tests::quick_attack_priority ... ok
test battle::types::tests::electric_vs_ground_flying ... ok
test battle::types::tests::fire_vs_grass_poison ... ok
test battle::types::tests::grass_vs_water_ground ... ok
test battle::types::tests::normal_vs_ghost ... ok
test battle::types::tests::normal_vs_normal ... ok
test battle::types::tests::poison_vs_grass_poison ... ok
test battle::types::tests::sequential_stab_floor_division ... ok
test battle::types::tests::sequential_type_application_causes_miss ... ok
test battle::types::tests::sequential_type_application_neutral ... ok
test battle::types::tests::sequential_type_application_super_effective ... ok
test battle::types::tests::sequential_type_application_with_stab ... ok
test battle::types::tests::sequential_type_immunity_causes_miss ... ok
test battle::types::tests::water_vs_fire_rock ... ok
test battle::wild::tests::encounter_rate_boundary_one ... ok
test battle::wild::tests::encounter_roll_zero_triggers ... ok
test battle::wild::tests::encounter_when_roll_below_rate ... ok
test battle::wild::tests::no_encounter_when_roll_exceeds_rate ... ok
test battle::wild::tests::no_encounter_when_roll_well_above_rate ... ok
test battle::wild::tests::no_encounter_with_no_table ... ok
test battle::wild::tests::no_encounter_with_zero_rate ... ok
test battle::wild::tests::repel_allows_equal_level_wild ... ok
test battle::wild::tests::repel_allows_higher_level_wild ... ok
test battle::wild::tests::repel_blocks_lower_level_wild ... ok
test battle::wild::tests::slot_selection_all_boundaries ... ok
test battle::wild::tests::slot_selection_first_slot ... ok
test battle::wild::tests::slot_selection_last_slot ... ok
test battle::wild::tests::slot_selection_second_slot ... ok
test battle::turn_order::engine_parity_tests::engine_and_legacy_agree_on_full_equal_speed_coin_flip_sweep ... ok
test credits::tests::blue_version_string ... ok
test credits::tests::screen_order_matches_asm ... ok
test elevator_screen::tests::b_cancels ... ok
test elevator_screen::tests::down_wraps_and_selects ... ok
test elevator_screen::tests::empty_floors_cancels_immediately ... ok
test elevator_screen::tests::scroll_offset_follows_selection ... ok
test credits::tests::flow_through_screens_to_the_end ... ok
test elevator_screen::tests::scroll_offset_zero_for_short_lists ... ok
test elevator_screen::tests::starts_at_first_floor ... ok
test elevator_screen::tests::up_wraps ... ok
test events::oaks_lab::tests::oaks_lab_event_new ... ok
test events::oaks_lab::tests::accept_nickname_enters_naming_screen ... ok
test events::oaks_lab::tests::decline_nickname_uses_species_name ... ok
test evolution_screen::tests::b_cancel_during_window ... ok
test events::oaks_lab::tests::select_charmander_starter ... ok
test events::oaks_lab::tests::submit_nickname_sets_custom_name ... ok
test evolution_screen::tests::b_outside_window_does_not_cancel ... ok
test evolution_screen::tests::intro_pre_text ... ok
test evolution_screen::tests::forced_evolution_ignores_b ... ok
test evolution_screen::tests::morph_flicker_alternates_species ... ok
test evolution_screen::tests::phase_order_and_frame_counts ... ok
test evolution_screen::tests::queue_plays_back_to_back ... ok
test gamefreak_splash::tests::big_star_path_and_timing ... ok
test gamefreak_splash::tests::delays_are_not_skippable ... ok
test gamefreak_splash::tests::logo_flash_timing_and_palette ... ok
test gamefreak_splash::tests::skip_during_animation_goes_straight_to_done ... ok
test gamefreak_splash::tests::full_run_transitions_to_language_select ... ok
test gamefreak_splash::tests::small_stars_waves_fall_and_blink ... ok
test hof_ceremony::tests::empty_party_skips_to_player ... ok
test hof_ceremony::tests::scroll_progress_ramps ... ok
test hof_ceremony::tests::phase_order_and_timing ... ok
test items::bag_use::tests::antidote_cures_poison_only ... ok
test items::bag_use::tests::cannot_replace_hm_move ... ok
test items::bag_use::tests::classify_field_and_unusable_items ... ok
test items::bag_use::tests::classify_party_target_items ... ok
test items::bag_use::tests::ether_restores_first_move_pp ... ok
test items::bag_use::tests::hm_replace_not_consumed ... ok
test items::bag_use::tests::hm_teaches_and_is_not_consumed ... ok
test items::bag_use::tests::machine_of_maps_ids_to_numbers ... ok
test items::bag_use::tests::fire_stone_on_wrong_species_no_effect ... ok
test items::bag_use::tests::non_party_item_no_effect ... ok
test items::bag_use::tests::fire_stone_triggers_forced_cutscene ... ok
test items::bag_use::tests::potion_heals_and_consumes ... ok
test items::bag_use::tests::potion_on_full_hp_no_effect ... ok
test items::bag_use::tests::rare_candy_at_level_100_no_effect ... ok
test items::bag_use::tests::revive_only_works_on_fainted ... ok
test items::bag_use::tests::rare_candy_levels_up_and_learns_moves ... ok
test items::bag_use::tests::tm_on_full_moveset_needs_replace_then_teaches ... ok
test items::bag_use::tests::tm_incompatible_no_effect_not_consumed ... ok
test items::bag_use::tests::rare_candy_evolution_goes_through_cutscene ... ok
test items::bag_use::tests::tm_teaches_compatible_move_and_consumes ... ok
test items::bag_use::tests::vitamin_applies_stat_exp ... ok
test items::battle_items_tests::dire_hit_no_effect_if_already_set ... ok
test items::battle_items_tests::dire_hit_sets_pumped_flag ... ok
test items::battle_items_tests::guard_spec_no_effect_if_already_set ... ok
test items::battle_items_tests::guard_spec_sets_mist_flag ... ok
test items::battle_items_tests::non_battle_item_not_applicable ... ok
test items::battle_items_tests::poke_doll_returns_escaped ... ok
test items::battle_items_tests::x_accuracy_no_effect_if_already_set ... ok
test items::battle_items_tests::x_accuracy_sets_flag ... ok
test items::battle_items_tests::x_attack_boosts_attack ... ok
test items::battle_items_tests::x_defend_boosts_defense ... ok
test items::battle_items_tests::x_special_boosts_special ... ok
test items::battle_items_tests::x_speed_boosts_speed ... ok
test items::battle_items_tests::x_stat_no_effect_at_max_stage ... ok
test items::healing_tests::fresh_water_heals_50 ... ok
test items::healing_tests::full_restore_cures_status_at_full_hp ... ok
test battle::trainer_ai_action_tests::enemy_first_heals_before_player_move ... ok
test items::healing_tests::full_restore_heals_and_cures_status ... ok
test items::healing_tests::full_restore_no_effect_when_healthy ... ok
test items::healing_tests::hyper_potion_heals_200 ... ok
test items::healing_tests::lemonade_heals_80 ... ok
test items::healing_tests::max_potion_restores_full_hp ... ok
test items::healing_tests::max_revive_restores_full_hp ... ok
test items::healing_tests::non_healing_item_not_applicable ... ok
test items::healing_tests::potion_caps_at_max_hp ... ok
test items::healing_tests::potion_fails_on_fainted ... ok
test items::healing_tests::potion_heals_20 ... ok
test items::healing_tests::potion_no_effect_at_full_hp ... ok
test items::healing_tests::revive_fails_if_not_fainted ... ok
test items::healing_tests::revive_gives_at_least_1_hp ... ok
test items::healing_tests::revive_restores_half_hp ... ok
test items::healing_tests::soda_pop_heals_60 ... ok
test items::healing_tests::super_potion_heals_50 ... ok
test items::inventory_tests::add_different_items_separate_slots ... ok
test items::inventory_tests::add_exactly_99 ... ok
test items::inventory_tests::add_overflow_at_99_spills_to_new_slot ... ok
test items::inventory_tests::add_single_item ... ok
test items::inventory_tests::add_stacks_same_item ... ok
test items::inventory_tests::add_zero_quantity_fails ... ok
test items::inventory_tests::bag_full_but_can_stack_existing ... ok
test items::inventory_tests::bag_full_rejects_new_item ... ok
test items::inventory_tests::clear_empties_inventory ... ok
test items::inventory_tests::find_item_returns_first_slot ... ok
test items::inventory_tests::has_item_across_multiple_slots ... ok
test items::inventory_tests::has_item_false ... ok
test items::inventory_tests::has_item_true ... ok
test items::inventory_tests::is_tossable_matches_toss_guard ... ok
test battle::trainer_ai_action_tests::brock_cures_status_through_live_loop ... ok
test items::inventory_tests::item_quantity_sums_across_slots ... ok
test items::inventory_tests::items_slice_matches_internal_state ... ok
test items::inventory_tests::key_items_cannot_be_tossed ... ok
test items::inventory_tests::new_bag_has_correct_capacity ... ok
test items::inventory_tests::new_pc_has_correct_capacity ... ok
test items::inventory_tests::remove_item_at_all_removes_slot ... ok
test items::inventory_tests::pc_capacity_50_slots ... ok
test items::inventory_tests::remove_item_at_not_enough_fails ... ok
test items::inventory_tests::remove_item_at_oob_fails ... ok
test items::inventory_tests::remove_item_at_partial ... ok
test items::inventory_tests::remove_item_at_shifts_subsequent_slots ... ok
test battle::stack_slice6::slice6_tests::slice6_determinism_fuzz_1000_seeds ... ok
test items::inventory_tests::remove_item_at_zero_fails ... ok
test items::inventory_tests::remove_item_by_id ... ok
test items::inventory_tests::remove_item_by_id_not_found ... ok
test battle::trainer_ai_action_tests::player_first_non_ko_heals_after_move ... ok
test battle::trainer_ai_action_tests::player_first_ko_cancels_ai_heal ... ok
test items::inventory_tests::swap_items ... ok
test items::inventory_tests::serde_roundtrip_preserves_shape ... ok
test items::inventory_tests::serde_loads_legacy_json_shape ... ok
test items::inventory_tests::swap_oob_fails ... ok
test items::inventory_tests::serde_rejects_more_items_than_capacity ... ok
test items::inventory_tests::swap_same_index_fails ... ok
test items::inventory_tests::tms_and_medicine_are_tossable ... ok
test items::inventory_tests::toss_item_works ... ok
test items::inventory_tests::use_item_decrements_and_returns_id ... ok
test items::inventory_tests::use_item_oob_fails ... ok
test items::inventory_tests::use_item_removes_slot_at_zero ... ok
test items::pp_restore_tests::elixir_no_effect_when_all_full ... ok
test items::pp_restore_tests::elixir_restores_all_moves ... ok
test items::pp_restore_tests::ether_caps_at_max_pp ... ok
test items::pp_restore_tests::ether_no_effect_at_max ... ok
test items::pp_restore_tests::ether_on_invalid_index_no_effect ... ok
test items::pp_restore_tests::ether_respects_pp_ups ... ok
test items::pp_restore_tests::ether_restores_10_pp ... ok
test items::pp_restore_tests::get_max_pp_bonus_capped_at_7 ... ok
test items::pp_restore_tests::get_max_pp_no_ups ... ok
test items::pp_restore_tests::get_max_pp_none_move ... ok
test items::pp_restore_tests::get_max_pp_with_1_up ... ok
test items::pp_restore_tests::get_max_pp_with_3_ups ... ok
test items::pp_restore_tests::max_elixir_fully_restores_all_moves ... ok
test items::pp_restore_tests::max_ether_restores_all_pp ... ok
test items::pp_restore_tests::non_pp_item_not_applicable ... ok
test items::pp_restore_tests::pp_up_capped_at_3 ... ok
test items::pp_restore_tests::pp_up_increases_count ... ok
test items::pp_restore_tests::pp_up_on_empty_slot_no_effect ... ok
test items::shop::can_sell_tests::non_key_items_are_sellable_including_zero_price_and_tms ... ok
test items::shop_tests::buy_price_for_potion ... ok
test items::shop_tests::buy_price_quantity_multiplied ... ok
test items::shop_tests::can_sell_regular_item ... ok
test items::shop_tests::cannot_sell_key_item ... ok
test items::shop_tests::from_strings_empty ... ok
test items::shop_tests::from_strings_success ... ok
test items::shop_tests::from_strings_unknown_item ... ok
test items::shop_tests::mart_b_at_main_menu_exits ... ok
test items::shop_tests::mart_buy_b_backout_from_confirm ... ok
test items::shop_tests::mart_buy_b_backout_from_quantity ... ok
test items::shop_tests::mart_buy_bag_full ... ok
test items::shop_tests::mart_buy_happy_path ... ok
test items::shop_tests::mart_buy_not_enough_money ... ok
test items::shop_tests::mart_buy_quantity_wrap ... ok
test items::shop_tests::mart_confirm_no_returns_to_select_item ... ok
test items::shop_tests::mart_main_menu_navigation_wraps ... ok
test items::shop_tests::mart_sell_happy_path ... ok
test items::shop_tests::mart_sell_only_shows_owned_items ... ok
test items::shop_tests::mart_sell_quantity_wrap ... ok
test items::shop_tests::mart_top_menu_quit_returns_exit ... ok
test items::shop_tests::sell_price_is_half_buy ... ok
test items::shop_tests::shop_inventory_basic ... ok
test items::shop_tests::shop_inventory_empty ... ok
test items::shop_tests::shop_menu_b_quits ... ok
test items::shop_tests::shop_menu_cursor_wraps ... ok
test items::shop_tests::shop_menu_default ... ok
test items::shop_tests::shop_menu_initial_state ... ok
test items::shop_tests::shop_menu_navigate_all_choices ... ok
test items::shop_tests::try_buy_bag_full ... ok
test items::shop_tests::try_buy_not_enough_money ... ok
test items::shop_tests::try_buy_success ... ok
test items::shop_tests::try_sell_not_in_bag ... ok
test items::shop_tests::try_sell_quantity_exceeds_owned ... ok
test items::shop_tests::try_sell_success ... ok
test items::shop_tests::try_sell_unsellable_key_item ... ok
test items::status_cure_tests::antidote_cures_poison ... ok
test items::status_cure_tests::antidote_no_effect_on_burn ... ok
test items::status_cure_tests::awakening_cures_sleep ... ok
test items::status_cure_tests::burn_heal_cures_burn ... ok
test items::status_cure_tests::cure_fails_on_fainted ... ok
test items::status_cure_tests::full_heal_cures_any_status ... ok
test items::status_cure_tests::full_heal_no_effect_when_healthy ... ok
test items::status_cure_tests::ice_heal_cures_freeze ... ok
test items::status_cure_tests::non_cure_item_not_applicable ... ok
test items::status_cure_tests::parlyz_heal_cures_paralysis ... ok
test items::use_engine::tests::antidote_cure_parity_via_use_item ... ok
test items::use_engine::tests::antidote_no_effect_when_not_poisoned ... ok
test items::use_engine::tests::awakening_sleep_cure_parity_engine_vs_legacy ... ok
test items::use_engine::tests::burn_heal_cure_parity_engine_vs_legacy ... ok
test items::use_engine::tests::cure_item_on_fainted_target_now_consistent ... ok
test items::use_engine::tests::cure_item_on_healthy_target_no_effect_parity ... ok
test items::use_engine::tests::cure_item_on_uncurable_status_no_effect_parity ... ok
test items::use_engine::tests::full_heal_consumes_only_on_real_cure ... ok
test items::use_engine::tests::full_heal_cure_all_parity_across_statuses ... ok
test items::use_engine::tests::ice_heal_freeze_cure_parity_engine_vs_legacy ... ok
test items::use_engine::tests::no_target_apply_effect_fails ... ok
test items::use_engine::tests::parlyz_heal_cure_parity_engine_vs_legacy ... ok
test items::use_engine::tests::potion_full_hp_no_effect ... ok
test items::use_engine::tests::potion_heal_parity_engine_vs_pokered ... ok
test items::use_engine::tests::shop_buy_not_enough_money_changes_nothing ... ok
test items::use_engine::tests::shop_buy_parity_engine_vs_pokered ... ok
test items::use_engine::tests::shop_sell_parity_engine_vs_pokered ... ok
test items::use_engine::tests::vitamin_parity_engine_vs_pokered ... ok
test items::vitamins_tests::calcium_adds_special_stat_exp ... ok
test items::vitamins_tests::carbos_adds_speed_stat_exp ... ok
test items::vitamins_tests::hp_up_adds_stat_exp ... ok
test items::vitamins_tests::iron_adds_defense_stat_exp ... ok
test items::vitamins_tests::non_vitamin_not_applicable ... ok
test items::vitamins_tests::protein_adds_attack_stat_exp ... ok
test items::vitamins_tests::rare_candy_no_effect_at_100 ... ok
test items::vitamins_tests::rare_candy_levels_up ... ok
test items::vitamins_tests::rare_candy_no_effect_on_fainted ... ok
test items::vitamins_tests::rare_candy_recalculates_stats ... ok
test items::vitamins_tests::vitamin_caps_at_25600 ... ok
test items::vitamins_tests::rare_candy_updates_total_exp ... ok
test items::vitamins_tests::vitamin_no_effect_at_cap ... ok
test items::vitamins_tests::vitamin_no_effect_on_fainted ... ok
test items::vitamins_tests::vitamin_recalculates_stats ... ok
test link::link_battle_tests::test_accept_battle_without_request_fails ... ok
test link::link_battle_tests::test_battle_request_accept ... ok
test link::link_battle_tests::test_battle_request_decline ... ok
test link::link_battle_tests::test_disconnect_during_battle ... ok
test link::link_battle_tests::test_handshake_initiator_flow ... ok
test link::link_battle_tests::test_link_action_wire_roundtrip ... ok
test link::link_battle_tests::test_multiple_turns ... ok
test link::link_battle_tests::test_party_data_exchange ... ok
test link::link_battle_tests::test_peer_disconnect_on_channel_drop ... ok
test link::link_battle_tests::test_poll_returns_pending_when_no_message ... ok
test link::link_battle_tests::test_request_battle_before_connected_fails ... ok
test link::link_battle_tests::test_reset_for_new_battle ... ok
test link::link_battle_tests::test_run_action ... ok
test link::link_battle_tests::test_send_party_data_wrong_state_fails ... ok
test link::link_battle_tests::test_send_turn_action_wrong_state_fails ... ok
test link::link_battle_tests::test_turn_action_exchange ... ok
test link::link_trade_tests::driver_cancel_at_each_step ... ok
test link::link_trade_tests::driver_confirm_without_selection_rejected ... ok
test link::link_trade_tests::driver_apply_exchange_twice_errors ... ok
test link::link_trade_tests::driver_disconnect_mid_trade_party_untouched ... ok
test link::link_trade_tests::driver_full_trade_both_directions_with_integrity ... ok
test link::link_trade_tests::driver_no_trade_evolution_for_level_only_species ... ok
test link::link_trade_tests::driver_party_full_still_trades ... ok
test link::link_trade_tests::driver_received_mon_accessors ... ok
test link::link_trade_tests::driver_select_out_of_bounds_rejected ... ok
test link::link_trade_tests::driver_reset_and_trade_again ... ok
test link::link_trade_tests::driver_trade_last_remaining_mon_allowed ... ok
test link::link_trade_tests::driver_traded_flag_freak_matching_id ... ok
test link::link_trade_tests::test_cancel_trade_returns_to_selecting ... ok
test link::link_trade_tests::driver_trade_evolution_four_species ... ok
test link::link_trade_tests::test_accept_trade_without_request_fails ... ok
test link::link_trade_tests::test_channel_drop_causes_disconnect ... ok
test link::link_trade_tests::test_confirm_trade_wrong_state_fails ... ok
test link::link_trade_tests::test_decline_trade_without_request_fails ... ok
test link::link_trade_tests::test_disconnect_during_trade ... ok
test link::link_trade_tests::test_full_trade_execute ... ok
test link::link_trade_tests::test_mon_selection_both_select ... ok
test link::link_trade_tests::test_peer_selects_first_then_local ... ok
test link::link_trade_tests::test_poll_returns_pending_when_no_message ... ok
test link::link_trade_tests::test_request_trade_when_not_idle_fails ... ok
test link::link_trade_tests::test_reselect_mon_resets_confirmation ... ok
test link::link_trade_tests::test_reset_for_new_trade ... ok
test link::link_trade_tests::test_select_mon_wrong_state_fails ... ok
test link::link_trade_tests::test_trade_request_accept_flow ... ok
test link::link_trade_tests::test_trade_request_decline_flow ... ok
test link::link_trade_tests::test_unexpected_message_causes_error ... ok
test link::rng::tests::battle_rng_trait_feeds_chance ... ok
test link::rng::tests::refill_wraps_mod_256 ... ok
test link::rng::tests::stream_matches_asm_reference ... ok
test link::rng::tests::two_instances_over_same_list_stay_locked ... ok
test main_menu_tests::b_returns_to_title ... ok
test main_menu_tests::badge_count_uses_popcount ... ok
test main_menu_tests::continue_info_b_returns_to_menu ... ok
test main_menu_tests::continue_info_lines_with_save ... ok
test main_menu_tests::cursor_down_wraps ... ok
test main_menu_tests::cursor_up_wraps ... ok
test main_menu_tests::init_delay_blocks_input ... ok
test main_menu_tests::item_labels_no_save ... ok
test main_menu_tests::item_labels_with_save ... ok
test main_menu_tests::no_save_has_two_items ... ok
test main_menu_tests::return_from_options_clears_choice ... ok
test main_menu_tests::select_continue_shows_info_then_loads_on_a ... ok
test main_menu_tests::select_new_game_transitions_to_oak_speech ... ok
test main_menu_tests::select_option_transitions_to_options_menu ... ok
test main_menu_tests::with_save_has_three_items ... ok
test naming_screen_tests::case_row_blocks_left_right ... ok
test naming_screen_tests::char_units_classifies_widths ... ok
test naming_screen_tests::current_alphabet_switches ... ok
test naming_screen_tests::cursor_move_down_wraps ... ok
test naming_screen_tests::cursor_move_left_wraps ... ok
test naming_screen_tests::cursor_move_right_wraps ... ok
test naming_screen_tests::cursor_move_up_wraps_to_case_row ... ok
test naming_screen_tests::ed_tile_at_correct_position ... ok
test naming_screen_tests::entering_case_row_via_down_forces_col_zero ... ok
test naming_screen_tests::initial_state_player ... ok
test naming_screen_tests::initial_state_pokemon ... ok
test naming_screen_tests::initial_state_rival ... ok
test naming_screen_tests::lower_alphabet_first_row ... ok
test naming_screen_tests::max_length_player_enforced ... ok
test naming_screen_tests::max_length_pokemon_enforced ... ok
test naming_screen_tests::mixed_width_name_fills_exact_units_and_forces_ed ... ok
test naming_screen_tests::pinyin_b_pops_buffer_letter_and_clears_candidates ... ok
test naming_screen_tests::pinyin_b_pops_name_when_buffer_empty ... ok
test naming_screen_tests::pinyin_buffer_caps_at_longest_syllable ... ok
test naming_screen_tests::pinyin_cjk_name_fits_three_chars_in_seven_units ... ok
test naming_screen_tests::pinyin_cjk_rejected_when_one_unit_remains ... ok
test naming_screen_tests::pinyin_commit_candidate_from_strip ... ok
test naming_screen_tests::pinyin_commit_candidate_moved_within_strip ... ok
test naming_screen_tests::pinyin_entering_from_lower_alphabet_row_resets_cursor ... ok
test naming_screen_tests::pinyin_ed_tile_not_reachable ... ok
test naming_screen_tests::pinyin_left_right_moves_letter_cursor_without_candidates ... ok
test naming_screen_tests::pinyin_letter_does_not_auto_submit_or_touch_name ... ok
test naming_screen_tests::pinyin_multiletter_syllable ... ok
test naming_screen_tests::pinyin_non_letter_tile_is_ignored ... ok
test naming_screen_tests::pinyin_select_returns_cursor_to_last_typed_letter ... ok
test naming_screen_tests::pinyin_pokemon_fits_five_cjk_chars ... ok
test naming_screen_tests::pinyin_stale_strip_cursor_returns_to_letters ... ok
test naming_screen_tests::pinyin_start_submits_from_pinyin_mode ... ok
test naming_screen_tests::pinyin_strip_columns_clamp_to_populated_slots ... ok
test naming_screen_tests::pinyin_type_letter_into_buffer ... ok
test naming_screen_tests::pressing_a_adds_character ... ok
test naming_screen_tests::pressing_a_on_case_row_toggles_case ... ok
test naming_screen_tests::pressing_a_on_ed_tile_empty_cancels ... ok
test naming_screen_tests::pressing_a_on_ed_tile_submits ... ok
test naming_screen_tests::pressing_a_on_lowercase ... ok
test naming_screen_tests::pressing_b_deletes_last_char ... ok
test naming_screen_tests::pressing_b_on_empty_does_nothing ... ok
test naming_screen_tests::select_toggles_case ... ok
test naming_screen_tests::start_on_empty_cancels ... ok
test naming_screen_tests::start_submits_name ... ok
test naming_screen_tests::type_red_and_submit ... ok
test naming_screen_tests::typing_multiple_characters ... ok
test naming_screen_tests::upper_alphabet_first_row ... ok
test oak_speech::tests::entrance_slide_offset_matches_move_pic_left ... ok
test oak_speech::tests::greeting_entrance_gates_typewriter ... ok
test oak_speech::tests::naming_screen_open_flashes_white ... ok
test oak_speech::tests::naming_screen_submit_flashes_white ... ok
test oak_speech::tests::rival_slide_left_runs_after_default_name ... ok
test oak_speech::tests::rival_slide_right_runs_before_rival_name_choice ... ok
test oak_speech::tests::shrink_player_beat_timing ... ok
test oak_speech::tests::shrink_player_input_does_not_skip ... ok
test oak_speech::tests::slide_left_runs_after_default_name ... ok
test oak_speech::tests::slide_pic_x_matches_asm ... ok
test oak_speech::tests::slide_in_entrance_gates_nidorino_text ... ok
test options_menu_tests::a_on_non_cancel_stays_active ... ok
test options_menu_tests::battle_animation_toggle ... ok
test options_menu_tests::battle_style_toggle ... ok
test options_menu_tests::close_with_a_on_cancel ... ok
test oak_speech::tests::slide_right_runs_before_name_choice ... ok
test options_menu_tests::close_with_b ... ok
test options_menu_tests::close_with_start ... ok
test options_menu_tests::from_byte_specific_values ... ok
test options_menu_tests::from_existing_options_byte ... ok
test options_menu_tests::initial_state ... ok
test options_menu_tests::left_right_on_cancel_does_nothing ... ok
test options_menu_tests::navigate_down_through_all_rows ... ok
test options_menu_tests::navigate_up_wraps ... ok
test options_menu_tests::no_input_stays_active ... ok
test options_menu_tests::options_byte_all_non_default ... ok
test options_menu_tests::options_byte_default ... ok
test options_menu_tests::options_byte_roundtrip ... ok
test options_menu_tests::options_menu_to_options_byte ... ok
test options_menu_tests::options_row_y_coordinates ... ok
test options_menu_tests::text_speed_cycle_left ... ok
test options_menu_tests::text_speed_cycle_right ... ok
test options_menu_tests::text_speed_delay_values ... ok
test options_menu_tests::text_speed_from_delay ... ok
test options_menu_tests::text_speed_full_cycle ... ok
test overworld::collision::tests::collision_follows_set_block ... ok
test overworld::event_flags::tests::clear_all ... ok
test overworld::event_flags::tests::default_same_as_new ... ok
test overworld::event_flags::tests::extras_are_outside_the_byte_array ... ok
test overworld::event_flags::tests::from_hashmap ... ok
test overworld::event_flags::tests::get_flag_generic_access ... ok
test overworld::event_flags::tests::iter_yields_named_and_extras ... ok
test overworld::event_flags::tests::load_event_bytes_replaces_bits ... ok
test overworld::event_flags::tests::merge_from ... ok
test overworld::event_flags::tests::multiple_independent ... ok
test overworld::event_flags::tests::named_and_raw_string_access ... ok
test overworld::event_flags::tests::new_all_cleared ... ok
test overworld::event_flags::tests::raw_bits_roundtrip_through_bytes ... ok
test overworld::event_flags::tests::raw_operations ... ok
test overworld::event_flags::tests::raw_out_of_bounds_are_noops ... ok
test overworld::event_flags::tests::reset ... ok
test overworld::event_flags::tests::save_load_roundtrip ... ok
test overworld::event_flags::tests::set_and_check ... ok
test overworld::event_flags::tests::to_event_bytes_pads_correctly ... ok
test overworld::event_flags::tests::to_hashmap_includes_named_raw_and_extras ... ok
test overworld::forced_bike::tests::already_forced_keeps_throughout_the_road ... ok
test overworld::forced_bike::tests::clear_releases_without_a_map_change ... ok
test overworld::forced_bike::tests::entering_a_gate_releases_the_lock ... ok
test overworld::forced_bike::tests::forced_tiles_mount_the_bike ... ok
test overworld::forced_bike::tests::off_road_tile_leaves_walking ... ok
test overworld::forced_bike::tests::seafoam_tiles_force_surf_state ... ok
test overworld::hidden_items::tests::examine_already_obtained_shows_nothing ... ok
test overworld::hidden_items::tests::examine_bag_full_unless_stack_held ... ok
test overworld::hidden_items::tests::examine_finds_item_on_facing_tile ... ok
test overworld::hidden_items::tests::examine_returns_none_off_tile ... ok
test overworld::hidden_items::tests::flag_round_trip_matches_original_bit_layout ... ok
test overworld::hidden_items::tests::found_message_uses_display_name ... ok
test overworld::native_script::tests::host_builds_commands_from_values ... ok
test overworld::native_script::tests::host_sync_queries_read_seeded_state ... ok
test overworld::native_script::tests::host_show_random_text_picks_one_of_the_pool ... ok
test overworld::native_script::tests::host_flag_mutations_are_sync ... ok
test overworld::native_script::tests::map_without_own_storyline_uses_shared_definition ... ok
test overworld::native_script::tests::own_storyline_does_not_leak_into_next_map ... ok
test overworld::native_script::tests::rival_battle_set_resumes_scene_with_battle_result ... ok
test overworld::native_script::tests::shared_scene_survives_map_load ... ok
test overworld::native_script::tests::unknown_function_errors ... ok
test overworld::native_script::tests::brock_victory_expires_the_optional_route22_battle ... ok
test overworld::native_script::tests::vgym_can_index_matches_js_arithmetic ... ok
test overworld::native_script::tests::vgym_first_switch_locks_and_opens ... ok
test overworld::presentation::tests::npc_walk_anim_phase_cycles_evenly_over_16_frames ... ok
test overworld::presentation::tests::npc_walk_pixel_offset_covers_the_full_tile ... ok
test overworld::native_script::tests::ship_gate_recognizes_the_inventory_ticket_name ... ok
test overworld::native_script::tests::silph_giovanni_scene_uses_second_party_for_both_triggers ... ok
test overworld::native_script::tests::route22_entry_repairs_expired_early_encounter_without_clearing_final_encounter ... ok
test overworld::native_script::tests::tower_rival_scene_completes_after_victory ... ok
test overworld::native_script::tests::silph_rival_scene_uses_silph_party_and_only_completes_on_victory ... ok
test overworld::native_script::tests::ss_anne_rival_scene_completes_after_victory ... ok
test overworld::screen::typewriter_tests::fast_text_reveals_one_char_per_frame ... ok
test overworld::screen::typewriter_tests::medium_text_reveals_one_char_per_three_frames ... ok
test overworld::screen::typewriter_tests::page_advance_resets_delay ... ok
test overworld::native_script::tests::route22_rivals_complete_only_after_winning_the_correct_stage ... ok
test overworld::screen::typewriter_tests::speed_change_applies_mid_dialogue ... ok
test overworld::screen::typewriter_tests::slow_text_reveals_one_char_per_five_frames ... ok
test overworld::screen::typewriter_tests::zero_delay_clamps_to_fast ... ok
test overworld::script_bridge::name_rater_tests::choose_party_pokemon_maps_to_effect ... ok
test overworld::script_bridge::name_rater_tests::set_party_nickname_maps_to_effect ... ok
test overworld::native_script::tests::vgym_trash_cans_route_through_engine_special_case ... ok
test overworld::script_bridge::script_effect_json_tests::effect_json_follow_phase_and_immediate_result ... ok
test overworld::script_bridge::script_effect_json_tests::effect_json_includes_progress_fields ... ok
test overworld::spinner_paths::tests::b2f_entries_match_asm ... ok
test overworld::spinner_paths::tests::three_maps_have_tables ... ok
test overworld::native_script::tests::cerulean_rival_scene_completes_after_victory ... ok
test overworld::sprites::tests::collision_bit_table_values ... ok
test overworld::sprites::tests::collision_far_apart_sprites ... ok
test overworld::spinner_paths::tests::entries_are_unique_coordinates ... ok
test overworld::sprites::tests::collision_no_sprites ... ok
test overworld::sprites::tests::collision_two_overlapping_sprites ... ok
test overworld::sprites::tests::face_player_bit ... ok
test overworld::sprites::tests::movement_status_from_byte ... ok
test overworld::sprites::tests::prepare_oam_no_sprites ... ok
test overworld::sprites::tests::prepare_oam_preserves_last_entries_during_ledge ... ok
test overworld::sprites::tests::prepare_oam_single_sprite ... ok
test overworld::sprites::tests::prepare_oam_skips_inactive_sprites ... ok
test overworld::sprites::tests::prepare_oam_skips_offscreen_sprites ... ok
test overworld::sprites::tests::shadow_oam_clear ... ok
test overworld::sprites::tests::shadow_oam_hide_all ... ok
test overworld::sprites::tests::sprite_data2_grass_priority ... ok
test overworld::sprites::tests::sprite_data2_init_displacement ... ok
test overworld::sprites::tests::sprite_state_data1_active_and_visible ... ok
test overworld::sprites::tests::sprite_state_data1_default_is_inactive ... ok
test overworld::sprites::tests::sprite_state_data1_offscreen ... ok
test overworld::sprites::tests::sprite_table_active_count ... ok
test overworld::sprites::tests::sprite_table_clear_all ... ok
test overworld::sprites::tests::sprite_table_default_empty ... ok
test overworld::sprites::tests::sprite_table_player_accessors ... ok
test overworld::sprites::tests::update_sprites_full_cycle ... ok
test overworld::tests::test_agathas_room_header ... ok
test overworld::tests::test_celadon_city_dimensions ... ok
test overworld::tests::test_cerulean_city_all_connections ... ok
test overworld::tests::test_connection_count ... ok
test overworld::tests::test_game_corner_header ... ok
test overworld::tests::test_get_map_music ... ok
test overworld::tests::test_get_map_tileset ... ok
test overworld::tests::test_has_connection ... ok
test overworld::tests::test_indigo_plateau_south_only ... ok
test overworld::tests::test_indoor_map_no_connections ... ok
test overworld::tests::test_is_valid_map_id ... ok
test overworld::tests::test_map_block_count ... ok
test overworld::tests::test_map_connections_empty ... ok
test overworld::tests::test_map_connections_partial ... ok
test overworld::tests::test_map_data_struct_creation ... ok
test overworld::tests::test_connected_outdoor_maps ... ok
test overworld::tests::test_mt_moon_cavern ... ok
test overworld::tests::test_npc_definition_creation ... ok
test overworld::tests::test_oaks_lab_header ... ok
test overworld::tests::test_maps_with_tileset_cemetery ... ok
test overworld::tests::test_overworld_state_new ... ok
test overworld::tests::test_pallet_town_dimensions ... ok
test overworld::tests::test_player_state_default ... ok
test overworld::tests::test_pallet_town_header ... ok
test overworld::tests::test_pokemon_tower_header ... ok
test overworld::tests::test_reds_house_1f_dimensions ... ok
test overworld::tests::test_maps_with_music_pokecenter ... ok
test overworld::tests::test_rocket_hideout_facility_tileset ... ok
test overworld::tests::test_route17_dimensions ... ok
test overworld::tests::test_route23_plateau_tileset ... ok
test overworld::tests::test_saffron_city_all_connections ... ok
test overworld::tests::test_sign_creation ... ok
test overworld::tests::test_viridian_city_header ... ok
test overworld::tests::test_ss_anne_ship_tileset ... ok
test overworld::tests::test_silph_co_facility_tileset ... ok
test overworld::tests::test_viridian_forest_header ... ok
test overworld::tests::test_warp_point_creation ... ok
test overworld::tests_collision::test_all_tilesets_have_passable_tiles ... ok
test overworld::tests::test_maps_with_tileset_overworld ... ok
test overworld::tests_collision::test_cavern_passable_tiles ... ok
test overworld::tests_collision::test_check_movement_collision_counter_tile ... ok
test overworld::tests_collision::test_check_movement_collision_ledge_jump ... ok
test overworld::tests_collision::test_check_movement_collision_passable ... ok
test overworld::tests_collision::test_check_movement_collision_sprite_blocked ... ok
test overworld::tests_collision::test_check_movement_collision_tile_blocked ... ok
test overworld::tests_collision::test_check_movement_collision_tile_pair ... ok
test overworld::tests::test_all_248_maps_have_valid_header ... ok
test overworld::tests_collision::test_check_warp_at_position ... ok
test overworld::tests_collision::test_forest_passable_tiles ... ok
test overworld::tests_collision::test_direction_to_sprite_facing ... ok
test overworld::tests_collision::test_get_block_at ... ok
test overworld::tests_collision::test_get_grass_tile ... ok
test overworld::tests_collision::test_get_target_coords_at_edges ... ok
test overworld::tests_collision::test_get_target_coords_boundary ... ok
test overworld::tests_collision::test_get_target_coords_within_bounds ... ok
test overworld::tests_collision::test_has_water_animation ... ok
test overworld::tests_collision::test_check_movement_collision_map_edge ... ok
test overworld::tests_collision::test_is_facing_map_edge ... ok
test overworld::tests_collision::test_ledge_jump_down ... ok
test overworld::screen::connection_arrival_tests::surfer_arriving_on_land_dismounts ... ok
test overworld::tests_collision::test_ledge_jump_left ... ok
test overworld::tests_collision::test_ledge_jump_right ... ok
test overworld::tests_collision::test_ledge_jump_wrong_direction ... ok
test overworld::tests_collision::test_ledge_jump_wrong_input ... ok
test overworld::tests_collision::test_ledge_jump_wrong_tile ... ok
test overworld::tests_collision::test_mart_passable_tiles ... ok
test overworld::tests_collision::test_overworld_passable_tiles ... ok
test overworld::tests_collision::test_sprite_collision_empty ... ok
test overworld::tests_collision::test_sprite_collision_hit ... ok
test overworld::screen::dialogue_localization_tests::messages_localize_when_zh ... ok
test overworld::tests_collision::test_sprite_collision_miss ... ok
test overworld::tests_collision::test_surf_into_wall_blocked ... ok
test overworld::tests_collision::test_surf_onto_passable_land_stops_surfing ... ok
test overworld::tests_collision::test_surf_onto_shore_tile_keeps_surfing ... ok
test overworld::tests_collision::test_surf_onto_water_keeps_surfing ... ok
test overworld::tests_collision::test_surf_water_tile_pair_blocked ... ok
test overworld::tests_collision::test_tile_pair_collision_land_cavern ... ok
test overworld::tests_collision::test_tile_pair_collision_land_forest ... ok
test overworld::tests_collision::test_tile_pair_collision_water ... ok
test overworld::tests_collision::test_tile_pair_no_collision_wrong_tileset ... ok
test overworld::tests_collision::test_tileset_header_cavern ... ok
test overworld::tests_collision::test_tileset_header_dojo_counter ... ok
test overworld::tests_collision::test_tileset_header_forest ... ok
test overworld::tests_collision::test_tileset_header_mart ... ok
test overworld::tests_collision::test_tileset_header_overworld ... ok
test overworld::tests_collision::test_tileset_header_plateau ... ok
test overworld::tests_collision::test_walk_into_water_blocked ... ok
test overworld::tests_connections::get_connection_edge_tile_resolves_seams ... ok
test overworld::tests_connections::pallet_town_south_edge_surf_blocked_by_tree ... ok
test overworld::tests_connections::pallet_town_north_edge_walk_crosses_passable_seam ... ok
test overworld::tests_connections::pallet_town_south_edge_surf_crosses_water ... ok
test overworld::tests_connections::pallet_town_south_edge_walk_down_blocked ... ok
test overworld::tests_connections::route21_north_edge_surf_onto_pallet_beach_dismounts ... ok
test overworld::tests_connections::test_cerulean_city_all_four_connections ... ok
test overworld::screen::dialogue_localization_tests::text_pages_pass_through_when_en ... ok
test overworld::screen::connection_arrival_tests::walker_arriving_is_untouched ... ok
test battle::stack_slice7::slice7_tests::slice7_determinism_fuzz_1000_seeds ... ok
test overworld::tests_connections::test_check_warp_last_map ... ok
test overworld::tests_connections::test_check_warp_oaks_lab ... ok
test overworld::tests_connections::test_check_warp_no_warp ... ok
test overworld::tests_connections::test_check_warp_pallet_town_reds_house ... ok
test overworld::tests_connections::test_connection_count_across_all_maps ... ok
test overworld::tests_connections::test_connection_symmetry_pallet_route1 ... ok
test overworld::tests_connections::test_connection_west_viridian_to_route22 ... ok
test overworld::tests_connections::test_connection_with_positive_offset ... ok
test overworld::tests_connections::test_execute_warp_full ... ok
test overworld::screen::dialogue_localization_tests::text_pages_localize_when_zh ... ok
test overworld::tests_connections::test_execute_warp_last_map ... ok
test overworld::tests_connections::test_execute_warp_last_map_none_returns_none ... ok
test overworld::screen::connection_arrival_tests::surfer_arriving_on_water_keeps_surfing ... ok
test overworld::tests_connections::test_execute_warp_stairs_down ... ok
test overworld::tests_connections::test_execute_warp_stairs_reds_house ... ok
test overworld::tests_connections::test_indoor_map_no_connections ... ok
test overworld::tests_connections::test_indoor_maps_have_no_connections ... ok
test overworld::tests_connections::test_maps_with_connections_count ... ok
test overworld::tests_connections::test_maps_without_warps ... ok
test overworld::tests_connections::test_no_connection_returns_none ... ok
test overworld::tests_connections::test_no_warp_returns_none ... ok
test overworld::tests_connections::test_not_at_edge_returns_none ... ok
test overworld::tests_connections::test_pallet_town_connections ... ok
test overworld::tests_connections::test_pallet_town_warps ... ok
test overworld::tests_connections::test_reds_house_1f_warps ... ok
test overworld::tests_connections::test_reds_house_2f_warp_back ... ok
test overworld::tests_connections::test_resolve_warp_destination ... ok
test overworld::tests_connections::test_resolve_warp_out_of_bounds ... ok
test overworld::tests_connections::test_silph_co_elevator_last_map_warps ... ok
test overworld::tests_connections::test_viridian_city_connections ... ok
test overworld::tests_connections::test_total_warp_count ... ok
test overworld::tests_connections::test_viridian_city_warps ... ok
test overworld::tests_connections::test_walk_north_from_pallet_to_route1 ... ok
test overworld::tests_connections::test_walk_north_from_route1_to_viridian ... ok
test overworld::tests_connections::test_walk_south_from_pallet_to_route21 ... ok
test overworld::tests_connections::test_walk_south_from_route1_to_pallet ... ok
test overworld::tests_connections::e2e_pallet_south_edge_down_is_blocked ... ok
test overworld::tests_connections::pokemon_tower_stair_uses_cemetery_warp_table_fallthrough ... ok
test overworld::tests_connections::scripted_underground_exit_overrides_stale_saved_last_map ... ok
test overworld::tests_connections::restored_indoor_exit_uses_saved_outside_map ... ok
test overworld::tests_cutscene_movement::pokemontower2f_rival_faces_player_on_left_trigger ... ok
test overworld::tests_doors_elevators::celadon_mart_elevator_map ... ok
test overworld::tests_doors_elevators::celadon_mart_has_5_floors ... ok
test overworld::tests_doors_elevators::dungeon_warp_nonexistent_returns_none ... ok
test overworld::tests_doors_elevators::dungeon_warp_pokemon_mansion_1f_warp1 ... ok
test overworld::tests_doors_elevators::dungeon_warp_pokemon_mansion_2f ... ok
test overworld::tests_doors_elevators::dungeon_warp_seafoam_b1f_warp1 ... ok
test overworld::tests_doors_elevators::dungeon_warp_seafoam_b1f_warp2 ... ok
test overworld::tests_doors_elevators::dungeon_warp_seafoam_b4f_warp1 ... ok
test overworld::tests_doors_elevators::dungeon_warp_victory_road_2f ... ok
test overworld::tests_cutscene_movement::loreleis_room_entry_autowalks_up_six_tiles ... ok
test overworld::tests_connections::ss_anne_top_exits_read_the_border_warp_tile ... ok
test overworld::tests_doors_elevators::elevator_floor_values_match_item_constants ... ok
test overworld::tests_doors_elevators::elevator_shake_params_values ... ok
test overworld::tests_doors_elevators::facility_door_tiles ... ok
test overworld::tests_doors_elevators::fly_destination_cinnabar_island ... ok
test overworld::tests_doors_elevators::fly_destination_count_is_13 ... ok
test overworld::tests_doors_elevators::fly_destination_indigo_plateau ... ok
test overworld::tests_doors_elevators::fly_destination_invalid_map_returns_none ... ok
test overworld::tests_doors_elevators::fly_destination_pallet_town ... ok
test overworld::tests_doors_elevators::fly_destination_route_10 ... ok
test overworld::tests_doors_elevators::fly_destination_route_4 ... ok
test overworld::tests_doors_elevators::forest_door_tile ... ok
test overworld::tests_doors_elevators::fly_destination_viridian_city ... ok
test overworld::tests_doors_elevators::forest_gate_door_tile ... ok
test overworld::tests_doors_elevators::forest_non_door_tile ... ok
test overworld::tests_doors_elevators::gate_door_tile ... ok
test overworld::tests_doors_elevators::house_door_tile ... ok
test overworld::tests_doors_elevators::is_dungeon_warp_map_negative ... ok
test overworld::tests_doors_elevators::is_dungeon_warp_map_positive ... ok
test overworld::tests_doors_elevators::lab_door_tile ... ok
test overworld::tests_doors_elevators::link_warp_colosseum_friend ... ok
test overworld::tests_doors_elevators::link_warp_colosseum_player ... ok
test overworld::tests_doors_elevators::link_warp_trade_center_friend ... ok
test overworld::tests_doors_elevators::link_warp_trade_center_player ... ok
test overworld::tests_cutscene_movement::ssanne2f_rival_walks_down_to_player ... ok
test overworld::tests_doors_elevators::lobby_door_tiles ... ok
test overworld::tests_doors_elevators::mansion_door_tiles ... ok
test overworld::tests_doors_elevators::mart_door_tile ... ok
test overworld::tests_doors_elevators::museum_door_tile ... ok
test overworld::tests_doors_elevators::new_game_warp_is_reds_house_2f ... ok
test overworld::tests_cutscene_movement::oaks_lab_dont_go_away_shoves_player_up ... ok
test overworld::tests_doors_elevators::non_elevator_map_returns_none ... ok
test overworld::tests_doors_elevators::overworld_door_tile_0x1b ... ok
test overworld::tests_doors_elevators::overworld_door_tile_0x58 ... ok
test overworld::tests_doors_elevators::overworld_non_door_tile ... ok
test overworld::tests_doors_elevators::plateau_door_tiles ... ok
test overworld::tests_doors_elevators::rocket_hideout_elevator_map ... ok
test overworld::tests_doors_elevators::rocket_hideout_floor_list ... ok
test overworld::tests_doors_elevators::rocket_hideout_has_3_floors ... ok
test overworld::tests_doors_elevators::select_celadon_mart_f1 ... ok
test overworld::tests_doors_elevators::select_celadon_mart_f5 ... ok
test overworld::tests_doors_elevators::select_elevator_floor_out_of_bounds ... ok
test overworld::tests_doors_elevators::select_rocket_hideout_b1f ... ok
test overworld::tests_doors_elevators::select_rocket_hideout_b2f ... ok
test overworld::tests_doors_elevators::select_rocket_hideout_b4f ... ok
test overworld::tests_doors_elevators::select_silph_co_f1 ... ok
test overworld::tests_doors_elevators::select_silph_co_f11 ... ok
test overworld::tests_doors_elevators::ship_door_tile ... ok
test overworld::tests_doors_elevators::silph_co_elevator_map ... ok
test overworld::tests_doors_elevators::silph_co_has_11_floors ... ok
test overworld::tests_doors_elevators::teleport_spin_step_0_is_down ... ok
test overworld::tests_doors_elevators::teleport_spin_step_1_is_left ... ok
test overworld::tests_doors_elevators::teleport_spin_step_2_is_up ... ok
test overworld::tests_doors_elevators::teleport_spin_step_3_is_right ... ok
test overworld::tests_doors_elevators::teleport_spin_wraps_around ... ok
test overworld::tests_doors_elevators::tileset_without_doors_returns_false ... ok
test overworld::tests_cutscene_movement::route22_rival_approaches_upper_trigger_tile ... ok
test overworld::tests_cutscene_movement::injected_scene_does_not_shadow_other_maps ... ok
test overworld::tests_cutscene_movement::route22_rival_approaches_lower_trigger_tile ... ok
test overworld::tests_doors_elevators::e2e_door_mat_aboutface_exit_after_warp_arrival ... ok
test overworld::tests_cutscene_movement::silphco7f_rival_walks_up_to_player ... ok
test overworld::tests_doors_elevators::e2e_warp_arrival_off_mat_does_not_arm_exit ... ok
test overworld::tests_connections::e2e_pallet_north_edge_up_crosses_to_route1 ... ok
test overworld::tests_field_items::bicycle_toggles_transport_mode ... ok
test overworld::tests_field_items::escape_rope_refused_on_outside_map ... ok
test overworld::tests_field_items::escape_rope_refused_in_agathas_room ... ok
test overworld::tests_field_items::bicycle_refused_while_surfing ... ok
test overworld::tests_field_items::escape_rope_refused_on_ship_tileset ... ok
test overworld::tests_field_items::escape_rope_without_any_heal_falls_back_to_pallet_town ... ok
test overworld::tests_field_items::poke_flute_sets_snorlax_fight_flag_on_route12 ... ok
test overworld::tests_field_items::repel_wore_off_message_fires_on_last_step ... ok
test overworld::tests_field_items::repel_wore_off_message_quiet_while_steps_remain ... ok
test overworld::tests_field_items::escape_rope_warps_to_last_pokemon_center ... ok
test overworld::tests_field_items::poke_flute_does_nothing_off_route ... ok
test overworld::tests_field_items::repel_sets_100_steps_and_is_consumed ... ok
test overworld::tests_field_moves::boulder_dust_completion_plays_sfx_cut_once ... ok
test overworld::tests_field_moves::boulder_push_blocked_by_wall ... ok
test overworld::tests_field_moves::boulder_push_requires_strength ... ok
test overworld::tests_field_moves::boulder_dust_restarts_on_a_new_push ... ok
test overworld::tests_field_moves::boulder_push_starts_the_dust_at_the_push_spot ... ok
test overworld::tests_field_moves::boulder_dust_runs_24_frames_independent_of_the_lockout ... ok
test overworld::tests_field_items::repel_wears_off_after_final_step_with_message ... ok
test overworld::tests_field_moves::boulder_push_requires_two_frames_and_moves_boulder ... ok
test overworld::tests_field_moves::dig_refused_outside ... ok
test overworld::tests_field_items::super_and_max_repel_set_200_and_250_steps ... ok
test overworld::tests_field_moves::cut_without_badge_shows_badge_message ... ok
test overworld::tests_field_moves::cut_tree_replaces_block_and_plays_sfx ... ok
test overworld::tests_field_moves::cut_with_nothing_in_front ... ok
test overworld::tests_field_moves::dig_warps_to_last_pokemon_center ... ok
test overworld::tests_field_moves::flash_lights_dark_cave ... ok
test overworld::tests_field_moves::boulder_push_wrong_direction_keeps_boulder ... ok
test overworld::tests_field_moves::softboiled_heals_target_by_users_1_5th_max_hp ... ok
test overworld::tests_field_moves::dig_warp_uses_last_healed_map_not_entrance ... ok
test overworld::tests_field_moves::softboiled_refused_for_full_hp_or_fainted_target ... ok
test overworld::tests_field_moves::softboiled_target_heal_capped_at_max_hp ... ok
test overworld::tests_field_moves::softboiled_truncates_the_fifth_like_gen1_divide ... ok
test overworld::tests_field_moves::fly_indoors_is_refused ... ok
test overworld::tests_field_moves::fly_outside_opens_fly_map ... ok
test overworld::tests_field_moves::fly_without_badge_shows_badge_message ... ok
test overworld::tests_field_moves::softboiled_healthy_user_opens_target_pick ... ok
test overworld::tests_connections::underground_exit_uses_its_own_route_after_crossing_tunnel ... ok
test overworld::tests_field_moves::softboiled_fainted_user_refused ... ok
test overworld::tests_field_moves::flash_without_badge_shows_badge_message ... ok
test overworld::tests_field_moves::softboiled_user_not_healthy_enough_refused ... ok
test overworld::tests_field_moves::fly_warp_to_queues_fade_warp ... ok
test overworld::tests_field_moves::rock_tunnel_loads_as_dark_cave ... ok
test overworld::tests_field_moves::starting_in_a_city_marks_it_visited ... ok
test overworld::tests_field_moves::strength_wears_off_on_map_change ... ok
test overworld::tests_field_moves::strength_activates_and_plays_cry ... ok
test overworld::tests_field_moves::town_visited_flags_drive_fly_destinations ... ok
test overworld::tests_field_moves::surf_starts_on_water_and_sets_surfing_transport ... ok
test overworld::tests_field_moves::softboiled_no_pp_cost_and_no_badge_gate ... ok
test overworld::tests_fishing::fishing_tile_requires_water_tileset_and_water_or_shore_ahead ... ok
test overworld::tests_field_moves::surf_stop_facing_water_is_refused ... ok
test overworld::tests_field_moves::strength_without_badge_shows_badge_message ... ok
test overworld::tests_fishing::good_rod_bite_probability_is_exactly_half ... ok
test overworld::tests_fishing::good_rod_no_bite_on_odd_random_byte ... ok
test overworld::tests_fishing::good_rod_picks_from_global_table_with_shifted_low_bits ... ok
test overworld::tests_fishing::old_rod_always_hooks_magikarp_level5_without_rng ... ok
test overworld::tests_field_moves::surf_not_facing_water ... ok
test overworld::tests_fishing::response_texts_match_asm ... ok
test overworld::tests_field_moves::teleport_indoors_is_refused ... ok
test overworld::tests_field_moves::teleport_deferred_warp_fires_when_dialogue_closes ... ok
test overworld::tests_field_moves::surf_without_badge_shows_badge_message ... ok
test overworld::tests_fishing::super_rod_on_map_without_fishing_group_finds_nothing ... ok
test overworld::tests_fishing::super_rod_no_bite_on_odd_random_byte ... ok
test overworld::tests_fishing::super_rod_picks_from_map_group_with_listed_levels ... ok
test overworld::tests_fishing::super_rod_uses_each_entry_listed_level ... ok
test overworld::tests_fishing::old_rod_facing_water_hooks_magikarp_and_queues_battle_after_text ... ok
test overworld::tests_fishing::rod_refused_when_not_facing_water ... ok
test overworld::tests_fishing::fishing_anim_no_bite_skips_shake_and_bubble ... ok
test overworld::tests_field_moves::surf_stop_onto_land ... ok
test overworld::tests_fishing::fishing_anim_plays_between_used_text_and_result_text_and_locks_input ... ok
test overworld::tests_field_moves::teleport_outside_warps_to_last_center_after_text ... ok
test overworld::tests_forced_bike::bicycle_item_works_after_leaving_the_road ... ok
test overworld::tests_fishing::rod_refused_while_surfing ... ok
test overworld::tests_forced_bike::entering_a_gate_auto_dismounts ... ok
test overworld::tests_fishing::rod_waits_80_frames_before_the_cast_animation ... ok
test overworld::tests_forced_bike::blackout_releases_the_forced_bike ... ok
test overworld::tests_forced_bike::bicycle_item_cannot_get_off_while_forced ... ok
test overworld::tests_fishing::fishing_anim_refused_paths_never_start_the_animation ... ok
test overworld::tests_fishing::good_and_super_rods_facing_water_produce_a_result_message ... ok
test overworld::tests_forced_bike::off_road_tile_leaves_the_player_walking ... ok
test overworld::tests_forced_bike::off_slope_bike_keeps_double_speed ... ok
test overworld::tests_forced_bike::off_slope_no_auto_walk ... ok
test overworld::tests_forced_bike::fly_warp_releases_the_forced_bike ... ok
test overworld::tests_forced_bike::route17_bike_speed_cancelled_while_going_uphill ... ok
test overworld::tests_forced_bike::route17_slope_held_button_cancels_the_auto_walk ... ok
test overworld::tests_forced_bike::route17_slope_auto_walks_down_when_idle ... ok
test overworld::tests_forced_bike::surf_refused_with_cycling_is_fun_while_forced ... ok
test overworld::tests_forced_bike::route17_slope_real_direction_wins_over_the_simulation ... ok
test overworld::tests_forced_bike::route17_bike_double_speed_downhill ... ok
test overworld::tests_forced_bike::warping_onto_the_road_mounts_the_bike ... ok
test overworld::tests_forced_bike::the_lock_persists_across_the_whole_road ... ok
test overworld::tests_forced_bike::seafoam_fall_warp_onto_current_forces_surfing ... ok
test overworld::tests_forced_bike::seafoam_current_releases_outside ... ok
test overworld::tests_forced_bike::warping_into_a_gate_dismounts_the_bike ... ok
test overworld::tests_hidden_items::a_press_off_hidden_tile_does_nothing ... ok
test overworld::tests_forced_bike::stepping_onto_the_road_mounts_the_bike ... ok
test overworld::tests_guide_features::oaks_lab_rival_challenges_on_exit_row ... ok
test overworld::tests_hidden_items::a_press_facing_hidden_item_finds_it ... ok
test overworld::tests_forced_bike::seafoam_current_tiles_force_surfing ... ok
test overworld::tests_forced_bike::surf_dismount_blocked_on_current_tiles ... ok
test overworld::tests_hidden_items::already_obtained_hidden_item_shows_nothing ... ok
test overworld::tests_guide_features::pewter_gym_guy_escorts_player_to_gym ... ok
test overworld::tests_hm_effects::boulder_blocked ... ok
test overworld::tests_hm_effects::boulder_dir_blocked ... ok
test overworld::tests_hm_effects::boulder_dir_matching_direction ... ok
test overworld::tests_guide_features::seafoam_west_channel_current_sweeps_player ... ok
test overworld::tests_hm_effects::boulder_dir_mismatched_direction ... ok
test overworld::tests_hm_effects::boulder_dir_need_push_again ... ok
test overworld::tests_hm_effects::boulder_dir_no_held_direction ... ok
test overworld::tests_hm_effects::boulder_dir_push_all_four_directions ... ok
test overworld::tests_hm_effects::boulder_dir_strength_not_active ... ok
test overworld::tests_hm_effects::boulder_dust_active ... ok
test overworld::tests_hidden_items::a_press_facing_hidden_coin_awards_it ... ok
test overworld::tests_hm_effects::boulder_no_sprite_in_front ... ok
test overworld::tests_hm_effects::boulder_need_push_again ... ok
test overworld::tests_hm_effects::boulder_not_a_boulder ... ok
test overworld::tests_hm_effects::boulder_pushed_success ... ok
test overworld::tests_hm_effects::boulder_strength_not_active ... ok
test overworld::tests_hm_effects::boulder_wrong_direction ... ok
test overworld::tests_hm_effects::cut_gym_no_grass ... ok
test overworld::tests_hm_effects::cut_gym_tree ... ok
test overworld::tests_hm_effects::cut_no_badge ... ok
test overworld::tests_hm_effects::cut_overworld_grass ... ok
test overworld::tests_hm_effects::cut_overworld_tree ... ok
test overworld::tests_hm_effects::cut_overworld_tree_block_33 ... ok
test overworld::tests_hidden_items::bag_full_keeps_item_and_flag_clear ... ok
test overworld::tests_hm_effects::cut_overworld_tree_block_34 ... ok
test overworld::tests_hm_effects::cut_overworld_tree_block_3d ... ok
test overworld::tests_hm_effects::cut_overworld_tree_unknown_block ... ok
test overworld::tests_hm_effects::cut_overworld_wrong_tile ... ok
test overworld::tests_hm_effects::cut_with_all_badges ... ok
test overworld::tests_hm_effects::cut_wrong_tileset ... ok
test overworld::tests_hm_effects::field_move_menu_leftmost_matches_display_data ... ok
test overworld::tests_hm_effects::field_move_badge_requirements_match_gen1 ... ok
test overworld::tests_hm_effects::field_move_table_recognizes_the_eight_gen1_field_moves ... ok
test overworld::tests_hm_effects::field_moves_of_preserves_moveset_order ... ok
test overworld::tests_hm_effects::flash_all_badges ... ok
test overworld::tests_hm_effects::flash_already_lit ... ok
test overworld::tests_hm_effects::flash_no_badge ... ok
test overworld::tests_hm_effects::flash_success ... ok
test overworld::tests_hm_effects::fly_cancelled ... ok
test overworld::tests_hm_effects::fly_destination_indigo_plateau ... ok
test overworld::tests_hm_effects::fly_destination_not_found ... ok
test overworld::tests_hm_effects::fly_destination_pallet_town ... ok
test overworld::tests_hm_effects::fly_destination_route10 ... ok
test overworld::tests_hm_effects::fly_destination_route4 ... ok
test overworld::tests_hm_effects::fly_destination_saffron ... ok
test overworld::tests_hm_effects::fly_destinations_count ... ok
test overworld::tests_hm_effects::fly_in_cave ... ok
test overworld::tests_hm_effects::fly_indoors ... ok
test overworld::tests_hm_effects::fly_no_badge ... ok
test overworld::tests_hm_effects::fly_success_overworld ... ok
test overworld::tests_hm_effects::fly_success_plateau ... ok
test overworld::tests_hm_effects::strength_activate ... ok
test overworld::tests_hm_effects::strength_all_badges ... ok
test overworld::tests_hm_effects::strength_already_active ... ok
test overworld::tests_hm_effects::strength_no_badge ... ok
test overworld::tests_hm_effects::surf_already_surfing ... ok
test overworld::tests_hm_effects::surf_forced_bike ... ok
test overworld::tests_hm_effects::surf_no_badge ... ok
test overworld::tests_hm_effects::surf_not_facing_water ... ok
test overworld::tests_hm_effects::surf_seafoam_b4f_blocked ... ok
test overworld::tests_hm_effects::surf_seafoam_b4f_boulders_done ... ok
test overworld::tests_hm_effects::surf_seafoam_b4f_different_position ... ok
test overworld::tests_hm_effects::surf_success ... ok
test overworld::tests_movement::test_advance_step_bike_speedup_suppressed ... ok
test overworld::tests_movement::test_advance_step_biking_double_speed ... ok
test overworld::tests_movement::test_advance_step_decrements_encounter_cooldown ... ok
test overworld::tests_movement::test_advance_step_does_not_tick_repel ... ok
test overworld::tests_movement::test_advance_step_ledge_jump_moves_two_tiles ... ok
test overworld::tests_movement::test_advance_step_walking ... ok
test overworld::tests_movement::test_advance_step_zero_counter_noop ... ok
test overworld::tests_movement::test_direction_delta ... ok
test overworld::tests_movement::test_frames_per_step ... ok
test overworld::tests_movement::test_full_walk_cycle ... ok
test overworld::tests_movement::test_input_direction_priority ... ok
test overworld::tests_movement::test_input_no_direction ... ok
test overworld::tests_movement::test_input_to_pad_bits ... ok
test overworld::tests_movement::test_is_on_grass ... ok
test overworld::tests_movement::test_opposite_direction ... ok
test overworld::tests_movement::test_player_blocked_by_npc_current_position ... ok
test overworld::tests_movement::test_player_blocked_by_npc_destination ... ok
test overworld::tests_movement::test_process_frame_continue_walk ... ok
test overworld::tests_movement::test_process_frame_no_input ... ok
test overworld::tests_movement::test_process_frame_start_walk ... ok
test overworld::tests_movement::test_process_frame_warp_on_step_complete ... ok
test overworld::tests_movement::test_process_frame_warp_tile_triggers_even_when_entered_sideways ... ok
test overworld::tests_movement::test_try_move_blocked ... ok
test overworld::tests_movement::test_try_move_ledge_jump ... ok
test overworld::tests_movement::test_try_move_map_edge ... ok
test overworld::tests_movement::test_try_move_passable ... ok
test overworld::tests_movement::test_try_move_still_moving ... ok
test overworld::tests_movement::test_try_move_turn_only ... ok
test overworld::tests_npc::beaten_trainer_flag_blocks_sight ... ok
test overworld::tests_npc::collect_item_already_taken ... ok
test overworld::tests_hidden_items::already_collected_hidden_coin_shows_nothing ... ok
test overworld::tests_npc::collect_item_marks_defeated_and_invisible ... ok
test overworld::tests_npc::convert_facing_all_directions ... ok
test overworld::tests_npc::convert_movement_face_player ... ok
test overworld::tests_npc::convert_movement_fixed_path ... ok
test overworld::tests_npc::convert_movement_stationary ... ok
test overworld::tests_npc::cerulean_city_has_npcs ... ok
test overworld::tests_npc::convert_movement_wander ... ok
test overworld::tests_npc::defeated_trainer_does_not_see ... ok
test overworld::tests_npc::empty_map_returns_empty_npcs ... ok
test overworld::tests_npc::face_player_npc_turns_toward_player ... ok
test overworld::tests_npc::get_npc_positions_filters_invisible ... ok
test overworld::tests_npc::header_matches_kth_trainer_npc ... ok
test overworld::tests_npc::interact_defeated_trainer ... ok
test overworld::tests_npc::interact_item_pickup ... ok
test overworld::tests_npc::interact_no_target ... ok
test overworld::tests_npc::interact_talk_regular_npc ... ok
test overworld::tests_npc::interact_trainer_battle ... ok
test overworld::tests_npc::load_map_npcs_pallet_town ... ok
test overworld::tests_npc::item_npcs_have_item_id ... ok
test overworld::tests_npc::mark_trainer_defeated_test ... ok
test overworld::tests_npc::npc_at_position_finds_visible ... ok
test overworld::tests_npc::npc_at_position_skips_invisible ... ok
test overworld::tests_npc::npc_in_front_of_player_test ... ok
test overworld::tests_hidden_items::itemfinder_silent_when_nothing_nearby ... ok
test overworld::tests_guide_features::seafoam_southeast_current_shoves_until_boulders_down ... ok
test overworld::tests_npc::npc_text_ids_nonzero ... ok
test overworld::tests_npc::npc_sprite_ids_nonzero ... ok
test overworld::tests_npc::oaks_lab_has_npcs ... ok
test overworld::tests_npc::pallet_town_has_npcs ... ok
test overworld::tests_npc::pallet_town_npc_count ... ok
test overworld::tests_npc::pewter_city_gym_has_trainers ... ok
test overworld::tests_hidden_items::itemfinder_ignores_obtained_items ... ok
test overworld::tests_hidden_items::hidden_coin_needs_coin_case ... ok
test overworld::tests_npc::sign_interaction_found ... ok
test overworld::tests_npc::sign_interaction_no_sign ... ok
test overworld::tests_npc::sign_interaction_wrong_direction ... ok
test overworld::tests_hidden_items::itemfinder_dings_when_item_nearby ... ok
test overworld::tests_npc::stationary_npc_does_not_move ... ok
test overworld::tests_npc::total_npc_count_918 ... ok
test overworld::tests_npc::total_sign_count ... ok
test overworld::tests_npc::trainer_does_not_see_behind ... ok
test overworld::tests_npc::trainer_does_not_see_out_of_range ... ok
test overworld::tests_npc::trainer_npcs_have_class ... ok
test overworld::tests_npc::trainer_sees_player_in_range ... ok
test overworld::tests_npc::trainer_view_zero_never_triggers ... ok
test overworld::tests_npc::viridian_city_has_signs ... ok
test overworld::tests_npc::viridian_forest_has_trainers ... ok
test overworld::tests_link_presence::link_presence_pins_opponent_npc ... ok
test overworld::tests_npc::walking_npc_completes_step ... ok
test overworld::tests_link_presence::link_start_request_flag_roundtrip ... ok
test overworld::tests_link_presence::link_presence_cleared_keeps_placeholder ... ok
test overworld::tests_npc::wander_npc_has_no_radial_leash ... ok
test overworld::tests_hidden_items::forty_coin_spot_awards_twenty_gen1_bug ... ok
test overworld::tests_npc::held_a_across_map_warp_does_not_talk_to_facing_npc ... ok
test overworld::tests_npc::wander_npc_respects_axis ... ok
test overworld::tests_npc::viridian_forest_trainer_engages_on_sight_line ... ok
test overworld::tests_npc_overlap::wander_npc_frozen_while_script_effect_active ... ok
test overworld::tests_npc_overlap::wander_roll_steering_moves_fisher_left ... ok
test overworld::tests_npc_overlap::wander_npc_cannot_step_onto_ledge_jump_landing ... ok
test overworld::tests_npc_overlap::scripted_player_walk_never_overlaps_wander_npc ... ok
test overworld::tests_npc::reentry_with_a_still_held_does_not_talk_to_facing_npc ... ok
test overworld::tests_oak_event::app_default_path_fires_oak_event ... ok
test overworld::tests_npc::rocket_hideout_talk_only_guard_battles_after_scene_dialogue ... ok
test overworld::tests_npc::saffron_liberation_clears_gym_guard_and_restores_citizens ... ok
test overworld::tests_npc::silph_third_floor_door_requires_key_and_stays_open_after_reentry ... ok
test overworld::tests_oak_event::follow_npc_keeps_leader_and_player_in_lockstep ... ok
test overworld::tests_presentation::boulder_dust_inactive_by_default ... ok
test overworld::tests_oaks_lab::oaks_lab_entry_walks_player_to_oak_before_dialogue ... ok
test overworld::tests_presentation::elevator_shake_uses_core_params ... ok
test overworld::tests_oak_event::oak_escorts_player_to_lab_from_right_exit ... ok
test overworld::tests_presentation::elevator_cancel_does_not_shake ... ok
test overworld::tests_presentation::flash_outside_cave_has_no_white_out ... ok
test overworld::tests_presentation::elevator_shake_starts_after_floor_choice ... ok
test overworld::tests_presentation::flash_white_out_starts_when_message_dismissed ... ok
test overworld::tests_presentation::flash_white_out_freezes_movement_for_three_frames ... ok
test overworld::tests_scripts::celadon_gym_has_seven_trainer_headers ... ok
test overworld::tests_scripts::check_all_trainers_finds_second_when_first_out_of_range ... ok
test overworld::tests_scripts::check_all_trainers_finds_visible ... ok
test overworld::tests_scripts::check_all_trainers_no_match_returns_none ... ok
test overworld::tests_scripts::check_all_trainers_skips_defeated ... ok
test overworld::tests_scripts::event_flags_clear_all ... ok
test overworld::tests_scripts::event_flags_count_set ... ok
test overworld::tests_scripts::event_flags_default_same_as_new ... ok
test overworld::tests_scripts::event_flags_multiple_independent ... ok
test overworld::tests_presentation::naming_screen_open_and_submit_flash_white ... ok
test overworld::tests_scripts::event_flags_new_all_cleared ... ok
test overworld::tests_scripts::event_flags_raw_operations ... ok
test overworld::tests_oak_event::oak_escorts_player_to_lab_from_left_exit ... ok
test overworld::tests_scripts::event_flags_raw_out_of_bounds_are_noops ... ok
test overworld::tests_scripts::event_flags_reset ... ok
test overworld::tests_scripts::event_flags_save_load_roundtrip ... ok
test overworld::tests_scripts::event_flags_set_and_check ... ok
test overworld::tests_scripts::event_flags_size_matches_original_wram ... ok
test overworld::tests_scripts::map_with_no_trainers_returns_empty ... ok
test overworld::tests_scripts::pewter_gym_has_one_trainer_header ... ok
test overworld::tests_scripts::pewter_gym_trainer_sight_range_5 ... ok
test overworld::tests_scripts::route24_has_six_trainer_headers ... ok
test overworld::tests_scripts::toggleable_object_flags_hide_starter_ball ... ok
test overworld::tests_scripts::toggleable_object_flags_show_after_hide ... ok
test overworld::tests_scripts::toggleable_object_flags_multiple_balls_hidden ... ok
test overworld::tests_scripts::toggleable_objects_starter_ball_indices_correct ... ok
test overworld::tests_scripts::total_trainer_headers_322 ... ok
test overworld::tests_scripts::trainer_battle_state_machine_full_cycle ... ok
test overworld::tests_scripts::trainer_cannot_see_behind ... ok
test overworld::tests_scripts::trainer_cannot_see_off_axis ... ok
test overworld::tests_scripts::trainer_defeated_after_marking ... ok
test overworld::tests_scripts::trainer_encounter_new_defaults ... ok
test overworld::tests_scripts::trainer_header_count_matches ... ok
test overworld::tests_scripts::trainer_header_invalid_index ... ok
test overworld::tests_scripts::trainer_header_valid_index ... ok
test overworld::tests_scripts::trainer_not_defeated_initially ... ok
test overworld::tests_scripts::trainer_see_at_exact_range ... ok
test overworld::tests_scripts::trainer_see_player_facing_down ... ok
test overworld::tests_scripts::trainer_see_player_facing_left ... ok
test overworld::tests_scripts::trainer_see_player_facing_right ... ok
test overworld::tests_scripts::trainer_see_player_facing_up ... ok
test overworld::tests_scripts::trainer_zero_facing_cannot_see ... ok
test overworld::tests_scripts::viridian_gym_has_eight_trainer_headers ... ok
test overworld::tests_special_terrain::cavern_is_not_outside ... ok
test overworld::tests_special_terrain::dark_cave_enter_normal_map_not_dark ... ok
test overworld::tests_special_terrain::dark_cave_enter_rock_tunnel_1f ... ok
test overworld::tests_special_terrain::dark_cave_enter_rock_tunnel_b1f ... ok
test overworld::tests_special_terrain::dark_cave_flash_clears_darkness ... ok
test overworld::tests_special_terrain::dark_cave_flash_on_lit_map_returns_false ... ok
test overworld::tests_special_terrain::dark_cave_leave_clears_state ... ok
test overworld::tests_special_terrain::dark_cave_re_enter_dark_after_leaving ... ok
test overworld::tests_special_terrain::dark_cave_should_not_skip_fade_when_lit ... ok
test overworld::tests_special_terrain::dark_cave_should_skip_fade_when_dark ... ok
test overworld::tests_special_terrain::dark_cave_starts_not_dark ... ok
test overworld::tests_special_terrain::forest_is_not_outside ... ok
test overworld::tests_special_terrain::hole_cavern_tile_22 ... ok
test overworld::tests_special_terrain::hole_facility_tile_11 ... ok
test overworld::tests_special_terrain::house_tileset_uses_facing_edge ... ok
test overworld::tests_special_terrain::ledge_jump_down_standing_2c_ledge_37 ... ok
test overworld::tests_special_terrain::ledge_jump_down_standing_39_ledge_36 ... ok
test overworld::tests_special_terrain::ledge_jump_down_standing_39_ledge_37 ... ok
test overworld::tests_special_terrain::ledge_jump_left_standing_2c_ledge_27 ... ok
test overworld::tests_special_terrain::ledge_jump_left_standing_39_ledge_27 ... ok
test overworld::tests_special_terrain::ledge_jump_no_input_held_returns_none ... ok
test overworld::tests_special_terrain::ledge_jump_right_standing_2c_ledge_0d ... ok
test overworld::tests_special_terrain::ledge_jump_right_standing_2c_ledge_1d ... ok
test overworld::tests_special_terrain::ledge_jump_right_standing_39_ledge_0d ... ok
test overworld::tests_special_terrain::ledge_jump_up_direction_never_jumps ... ok
test overworld::tests_special_terrain::ledge_jump_wrong_facing_returns_none ... ok
test overworld::tests_special_terrain::ledge_jump_wrong_input_direction_returns_none ... ok
test overworld::tests_special_terrain::ledge_jump_wrong_ledge_tile_returns_none ... ok
test overworld::tests_special_terrain::ledge_jump_wrong_standing_tile_returns_none ... ok
test overworld::tests_special_terrain::ledge_jump_wrong_tileset_returns_none ... ok
test overworld::tests_special_terrain::overworld_is_outside ... ok
test overworld::tests_special_terrain::overworld_tileset_uses_warp_tile ... ok
test overworld::tests_special_terrain::plateau_is_outside ... ok
test overworld::tests_special_terrain::rock_tunnel_1f_uses_warp_tile ... ok
test overworld::tests_special_terrain::rocket_hideout_uses_warp_tile ... ok
test overworld::tests_special_terrain::spinner_facility_down_to_left ... ok
test overworld::tests_special_terrain::spinner_facility_left_to_up ... ok
test overworld::tests_special_terrain::spinner_facility_right_to_down ... ok
test overworld::tests_special_terrain::spinner_facility_up_to_right ... ok
test overworld::tests_special_terrain::spinner_full_cycle_returns_to_start ... ok
test overworld::tests_special_terrain::spinner_gym_down_to_left ... ok
test overworld::tests_special_terrain::spinner_wrong_tileset_returns_none ... ok
test overworld::tests_special_terrain::ss_anne_3f_uses_facing_edge ... ok
test overworld::tests_special_terrain::warp_pad_facility_tile_20 ... ok
test overworld::tests_special_terrain::warp_pad_interior_tile_55 ... ok
test overworld::tests_special_terrain::warp_pad_wrong_tile_returns_none ... ok
test overworld::tests_special_terrain::warp_pad_wrong_tileset_returns_none ... ok
test overworld::tests_wild_encounters::all_dungeon_maps_have_valid_data ... ok
test overworld::tests_wild_encounters::blue_version_has_different_pokemon ... ok
test overworld::tests_wild_encounters::check_allowed_when_all_clear ... ok
test overworld::tests_wild_encounters::check_blocked_by_cooldown ... ok
test overworld::tests_wild_encounters::check_blocked_by_multiple_conditions ... ok
test overworld::tests_wild_encounters::check_blocked_during_npc_script ... ok
test overworld::tests_wild_encounters::check_blocked_on_warp_tile ... ok
test overworld::tests_wild_encounters::city_map_non_grass_tile_is_none ... ok
test overworld::tests_wild_encounters::cooldown_blocks_encounter ... ok
test overworld::tests_wild_encounters::digletts_cave_encounter ... ok
test overworld::tests_wild_encounters::engine_gate_consumes_no_rng_when_ineligible ... ok
test overworld::tests_wild_encounters::engine_matches_legacy_cave_encounter_on_mtmoon ... ok
test overworld::tests_wild_encounters::engine_matches_legacy_cave_miss_high_rate_roll ... ok
test overworld::tests_wild_encounters::engine_matches_legacy_cave_repel_blocked ... ok
test overworld::tests_wild_encounters::engine_matches_legacy_encounter_on_route1 ... ok
test overworld::tests_wild_encounters::engine_matches_legacy_gated_cases ... ok
test overworld::tests_wild_encounters::engine_matches_legacy_miss_high_rate_roll ... ok
test overworld::tests_wild_encounters::engine_matches_legacy_repel_blocked ... ok
test overworld::tests_wild_encounters::engine_matches_legacy_water_encounter_on_route19 ... ok
test overworld::tests_wild_encounters::engine_matches_legacy_water_miss_high_rate_roll ... ok
test overworld::tests_wild_encounters::engine_matches_legacy_water_repel_blocked ... ok
test overworld::tests_wild_encounters::forest_grass_tile_detected ... ok
test overworld::tests_wild_encounters::grass_with_non_grass_right_neighbour_never_rolls ... ok
test overworld::tests_wild_encounters::indoor_cave_encounter_type ... ok
test overworld::tests_wild_encounters::indoor_cemetery_encounter_type ... ok
test overworld::tests_wild_encounters::left_shore_rolls_water_rate_with_grass_table ... ok
test overworld::tests_wild_encounters::mt_moon_cave_encounter_on_any_tile ... ok
test overworld::tests_wild_encounters::npc_script_blocks_encounter ... ok
test overworld::tests_wild_encounters::outdoor_route_non_grass_non_water_tile_is_none ... ok
test overworld::tests_wild_encounters::overworld_grass_tile_detected ... ok
test overworld::tests_wild_encounters::pallet_town_never_encounters ... ok
test overworld::tests_wild_encounters::plateau_grass_tile_detected ... ok
test overworld::tests_wild_encounters::pokemon_tower_3f_cemetery_encounter ... ok
test overworld::tests_wild_encounters::power_plant_encounter ... ok
test overworld::tests_wild_encounters::repel_allows_high_level_encounter ... ok
test overworld::tests_wild_encounters::repel_blocks_low_level_encounter ... ok
test overworld::tests_wild_encounters::route19_water_encounter ... ok
test overworld::tests_presentation::warp_fade_to_white_resets_after_fade ... ok
test overworld::tests_wild_encounters::route1_grass_encounter_triggers ... ok
test overworld::tests_wild_encounters::route1_high_roll_no_encounter ... ok
test overworld::tests_wild_encounters::route1_non_grass_tile_no_encounter ... ok
test overworld::tests_wild_encounters::route20_uses_same_sea_routes_data ... ok
test overworld::tests_wild_encounters::route21_has_both_grass_and_water ... ok
test overworld::tests_wild_encounters::sea_routes_has_water_encounters_only ... ok
test overworld::tests_npc::silph_boardroom_door_opens_from_corridor_only_with_card_key ... ok
test overworld::tests_wild_encounters::seafoam_islands_b3f_has_grass_but_no_water_encounters ... ok
test overworld::tests_wild_encounters::select_table_grass_returns_grass ... ok
test overworld::tests_wild_encounters::select_table_indoor_cave_returns_grass ... ok
test overworld::tests_wild_encounters::select_table_none_returns_none ... ok
test overworld::tests_wild_encounters::select_table_water_returns_water ... ok
test overworld::tests_wild_encounters::surfing_with_land_right_neighbour_never_rolls ... ok
test overworld::tests_wild_encounters::turn_only_result_semantics_documented ... ok
test overworld::tests_wild_encounters::viridian_forest_is_indoor_but_uses_forest_tileset_so_needs_grass_tile ... ok
test overworld::tests_wild_encounters::viridian_forest_needs_grass_tile_despite_being_indoor ... ok
test overworld::tests_wild_encounters::water_tile_detected_in_cave ... ok
test overworld::tests_wild_encounters::water_tile_detected_on_overworld ... ok
test overworld::tests_wild_encounters::warp_tile_blocks_encounter ... ok
test overworld::tests_wild_encounters::wild_data_for_pallet_town_returns_none ... ok
test overworld::tests_wild_encounters::wild_data_for_route1_blue ... ok
test overworld::tests_wild_encounters::wild_data_for_route1_red ... ok
test overworld::tests_toggle_objects::daisy_sprite_swap_writes_toggle_bits ... ok
test overworld::update::safari_timer_tests::entering_zone_arms_the_game ... ok
test overworld::update::safari_timer_tests::each_step_decrements_the_counter ... ok
test overworld::update::safari_timer_tests::leaving_zone_resets_the_game ... ok
test overworld::tests_presentation::tile_anim_follows_tileset_header_on_screen_creation ... ok
test party_screen::tests::action_menu_cursor_clamps_at_cancel_with_field_moves ... ok
test party_screen::tests::action_menu_cursor_wraps_correctly ... ok
test party_screen::tests::cancel_action_menu_with_b_returns_to_browsing ... ok
test party_screen::tests::cancel_returns_cancelled ... ok
test party_screen::tests::cancel_switch_with_b_returns_to_browsing_no_mutation ... ok
test party_screen::tests::choose_move_b_returns_to_browsing ... ok
test party_screen::tests::choose_move_cancel_row_gives_up ... ok
test party_screen::tests::choose_move_picks_slot_and_cancel_row ... ok
test party_screen::tests::cursor_navigation ... ok
test party_screen::tests::empty_party_cancel ... ok
test party_screen::tests::field_move_dispatches_use_field_move_action ... ok
test party_screen::tests::field_move_uses_selected_mon_not_first ... ok
test party_screen::tests::field_moves_listed_for_mon_that_knows_them ... ok
test party_screen::tests::item_mode_a_applies_item_without_action_menu ... ok
test party_screen::tests::item_mode_b_cancels ... ok
test party_screen::tests::no_field_moves_for_ordinary_moveset ... ok
test party_screen::tests::open_action_menu_with_a_in_browsing ... ok
test party_screen::tests::select_cancel_from_action_menu_returns_to_browsing ... ok
test party_screen::tests::select_stats_returns_show_stats_with_correct_index ... ok
test party_screen::tests::select_stats_yields_show_stats ... ok
test party_screen::tests::single_pokemon_a_opens_action_menu ... ok
test party_screen::tests::softboiled_dispatches_like_other_field_moves ... ok
test party_screen::tests::softboiled_listed_for_mon_that_knows_it ... ok
test party_screen::tests::softboiled_target_pick_b_returns_to_normal_menu ... ok
test party_screen::tests::softboiled_target_pick_heals_another_member ... ok
test party_screen::tests::stats_switch_cancel_follow_field_moves ... ok
test party_screen::tests::switch_a_on_same_slot_cancels ... ok
test party_screen::tests::switch_selects_target_and_swaps ... ok
test party_screen::tests::switch_target_empty_party_nop ... ok
test party_select::tests::a_does_not_open_action_menu ... ok
test party_select::tests::a_selects_current_cursor ... ok
test party_select::tests::b_cancels ... ok
test party_select::tests::cursor_clamps_to_party_bounds ... ok
test pc_screen::tests::bedroom_pc_goes_straight_to_item_menu ... ok
test pc_screen::tests::bills_menu_see_ya_returns_to_main_menu ... ok
test pc_screen::tests::box_list_b_backs_out_without_switching ... ok
test pc_screen::tests::change_box_save_confirm_then_switch ... ok
test overworld::tests_toggle_objects::town_map_pickup_hides_table_map ... ok
test pc_screen::tests::deposit_box_full_forbidden ... ok
test pc_screen::tests::deposit_item_with_quantity ... ok
test pc_screen::tests::deposit_into_full_pc_storage_fails_without_moving ... ok
test pc_screen::tests::deposit_key_item_skips_quantity_prompt ... ok
test pc_screen::tests::deposit_last_mon_forbidden ... ok
test pc_screen::tests::deposit_moves_mon_from_party_to_box ... ok
test pc_screen::tests::item_menu_empty_storages_messages ... ok
test overworld::update::safari_timer_tests::zero_steps_ends_game_and_queues_eject ... ok
test pc_screen::tests::league_pc_b_exits_viewer ... ok
test pc_screen::tests::league_pc_entry_gated_on_beating_league ... ok
test pc_screen::tests::league_pc_walks_hof_teams ... ok
test pc_screen::tests::main_menu_b_logs_off ... ok
test pc_screen::tests::main_menu_log_off_item_exits ... ok
test pc_screen::tests::message_paging_four_lines_per_page ... ok
test pc_screen::tests::oaks_confirm_no_closes_link ... ok
test pc_screen::tests::mon_list_wraps_and_cancel_row_backs_out ... ok
test overworld::update::safari_timer_tests::using_balls_counts_down ... ok
test pc_screen::tests::oaks_rating_pages_and_close ... ok
test pc_screen::tests::pokecenter_main_menu_with_pokedex_met_bill_and_league ... ok
test pc_screen::tests::oaks_rating_table_thresholds ... ok
test pc_screen::tests::pokecenter_main_menu_without_pokedex_or_league ... ok
test overworld::update::safari_timer_tests::no_decrement_outside_zone ... ok
test pc_screen::tests::release_requires_confirmation ... ok
test pc_screen::tests::stats_action_reports_source_and_index ... ok
test pc_screen::tests::withdraw_from_empty_box_forbidden ... ok
test pc_screen::tests::toss_item_flow_and_key_item_refusal ... ok
test pc_screen::tests::withdraw_into_full_bag_fails ... ok
test pc_screen::tests::withdraw_item_with_quantity ... ok
test pc_screen::tests::withdraw_moves_mon_from_box_to_party ... ok
test pc_screen::tests::withdraw_with_full_party_forbidden ... ok
test pokedex_screen::tests::a_on_seen_opens_side_menu_then_data_entry_with_cry ... ok
test pokedex_screen::tests::a_on_unseen_does_nothing ... ok
test pokedex_screen::tests::area_maps_follows_game_version ... ok
test pokedex_screen::tests::empty_dex_shows_row_one ... ok
test pokedex_screen::tests::b_in_entry_returns_to_list ... ok
test pokedex_screen::tests::area_maps_reports_habitats_and_unknown ... ok
test pokedex_screen::tests::b_in_list_closes ... ok
test pokedex_screen::tests::entry_a_pages_description_then_returns_to_list ... ok
test pokedex_screen::tests::left_right_jump_seven_rows_clamped ... ok
test pokedex_screen::tests::max_seen_is_highest_seen_dex_number ... ok
test pokedex_screen::tests::post_catch_entry_closes_to_caller ... ok
test pokedex_screen::tests::scroll_window_follows_cursor ... ok
test pokedex_screen::tests::seen_not_owned_entry_has_single_page ... ok
test pokedex_screen::tests::side_menu_area_opens_area_page_and_returns_to_list ... ok
test pokedex_screen::tests::side_menu_b_returns_to_list ... ok
test pokedex_screen::tests::side_menu_cry_plays_cry_and_stays_in_menu ... ok
test pokedex_screen::tests::side_menu_data_opens_entry_with_cry ... ok
test pokedex_screen::tests::side_menu_cursor_moves_within_four_options ... ok
test pokedex_screen::tests::side_menu_quit_closes_pokedex ... ok
test pokedex_screen::tests::up_down_move_cursor_within_bounds ... ok
test pokemon::ask_name::tests::ask_name_accepted_enters_naming ... ok
test pokemon::ask_name::tests::ask_name_declined_uses_species_name ... ok
test pokemon::ask_name::tests::ask_name_naming_cancelled_uses_species_name ... ok
test pokemon::ask_name::tests::ask_name_naming_submitted ... ok
test pokemon::ask_name::tests::ask_name_new ... ok
test pokemon::engine_adapter::tests::exp_provider_matches_pokered ... ok
test pokemon::engine_adapter::tests::evolution_via_engine_matches_settlement ... ok
test overworld::update::safari_timer_tests::zero_balls_ends_game ... ok
test pokemon::engine_adapter::tests::round_trip_is_identity ... ok
test pokemon::engine_adapter::tests::stat_calc_matches_pokered ... ok
test pokemon::engine_adapter::tests::nickname_and_types_preserved_by_apply ... ok
test pokemon::evolution_tests::check_evolution_without_applying ... ok
test pokemon::engine_adapter::tests::gain_exp_matches_process_level_up ... ok
test pokemon::evolution_tests::eevee_fire_stone_evolution ... ok
test pokemon::evolution_tests::eevee_thunder_stone_evolution ... ok
test pokemon::evolution_tests::eevee_water_stone_evolution ... ok
test pokemon::evolution_tests::evolution_updates_stats ... ok
test pokemon::evolution_tests::evolve_party_after_battle_only_alive ... ok
test pokemon::evolution_tests::evolve_party_no_evolutions ... ok
test pokemon::evolution_tests::finalize_adjusts_hp_by_max_hp_delta ... ok
test pokemon::evolution_tests::finalize_learns_new_species_moves_at_current_level ... ok
test pokemon::evolution_tests::finalize_returns_blocked_move_when_moveset_is_full ... ok
test pokemon::evolution_tests::finalize_renames_only_species_default_nicknames ... ok
test pokemon::evolution_tests::finalize_swaps_species_and_marks_dex_seen_and_owned ... ok
test pokemon::evolution_tests::item_evolution_pikachu_thunder_stone ... ok
test pokemon::evolution_tests::item_evolution_wrong_item ... ok
test pokemon::evolution_tests::level_evolution_bulbasaur_at_15_no_evolve ... ok
test pokemon::evolution_tests::level_evolution_bulbasaur_at_16 ... ok
test pokemon::evolution_tests::replace_move_guarded_refuses_hms ... ok
test pokemon::evolution_tests::no_evolution_for_mew ... ok
test pokemon::evolution_tests::trade_evolution_kadabra ... ok
test pokemon::evolution_tests::trade_evolution_pikachu_no_evolve ... ok
test pokemon::move_learning_tests::bulbasaur_can_learn_hm01_cut ... ok
test pokemon::move_learning_tests::bulbasaur_can_learn_tm06_toxic ... ok
test pokemon::move_learning_tests::bulbasaur_cannot_learn_tm01_mega_punch ... ok
test pokemon::move_learning_tests::bulbasaur_cannot_learn_hm02_fly ... ok
test pokemon::move_learning_tests::can_learn_hm_invalid_range ... ok
test pokemon::move_learning_tests::can_learn_tm_invalid_range ... ok
test pokemon::move_learning_tests::forget_hm_move_blocked ... ok
test pokemon::move_learning_tests::forget_regular_move ... ok
test pokemon::move_learning_tests::forget_unknown_move ... ok
test pokemon::move_learning_tests::get_move_max_pp_none ... ok
test pokemon::move_learning_tests::get_move_max_pp_tackle ... ok
test pokemon::move_learning_tests::hm_to_move_invalid ... ok
test pokemon::move_learning_tests::hm_to_move_valid ... ok
test pokemon::move_learning_tests::is_hm_move_cut ... ok
test pokemon::move_learning_tests::is_hm_move_regular_move ... ok
test pokemon::move_learning_tests::moves_at_level_bulbasaur_7 ... ok
test pokemon::move_learning_tests::process_level_up_moves_slots_full_creates_pending ... ok
test pokemon::move_learning_tests::moves_at_level_no_moves ... ok
test pokemon::move_learning_tests::replace_move_works ... ok
test pokemon::move_learning_tests::replace_move_out_of_bounds_is_noop ... ok
test pokemon::move_learning_tests::process_level_up_moves_bulbasaur_6_to_7 ... ok
test pokemon::move_learning_tests::process_level_up_skips_already_known ... ok
test pokemon::move_learning_tests::teach_hm_incompatible ... ok
test pokemon::move_learning_tests::teach_tm_already_known ... ok
test pokemon::move_learning_tests::teach_tm_compatible ... ok
test pokemon::move_learning_tests::teach_tm_incompatible ... ok
test pokemon::move_learning_tests::teach_hm_compatible ... ok
test pokemon::move_learning_tests::process_level_up_moves_multi_level ... ok
test pokemon::move_learning_tests::teach_tm_invalid_number ... ok
test pokemon::move_learning_tests::teach_tm_slots_full ... ok
test pokemon::move_learning_tests::tm_to_move_invalid ... ok
test pokemon::move_learning_tests::try_learn_move_already_known ... ok
test pokemon::move_learning_tests::tm_to_move_valid ... ok
test pokemon::move_learning_tests::try_learn_move_empty_slots ... ok
test pokemon::move_learning_tests::try_learn_move_none_is_noop ... ok
test pokemon::move_learning_tests::try_learn_move_slots_full ... ok
test pokemon::party_tests::add_pokemon ... ok
test pokemon::party_tests::add_up_to_six ... ok
test pokemon::party_tests::alive_count_and_fainted ... ok
test pokemon::party_tests::cannot_remove_last ... ok
test pokemon::party_tests::default_is_empty ... ok
test pokemon::party_tests::empty_party_not_all_fainted ... ok
test pokemon::party_tests::find_species ... ok
test pokemon::party_tests::first_alive_index ... ok
test pokemon::party_tests::from_pokemon_too_many ... ok
test pokemon::party_tests::from_pokemon_vec ... ok
test pokemon::party_tests::from_vec_trait ... ok
test pokemon::party_tests::get_and_get_mut ... ok
test pokemon::party_tests::heal_all ... ok
test pokemon::party_tests::into_vec_trait ... ok
test pokemon::party_tests::iter_and_iter_mut ... ok
test pokemon::party_tests::leader_is_first ... ok
test pokemon::party_tests::new_party_is_empty ... ok
test pokemon::party_tests::remove_out_of_bounds ... ok
test pokemon::party_tests::remove_pokemon ... ok
test pokemon::party_tests::species_list ... ok
test pokemon::party_tests::swap_out_of_bounds ... ok
test pokemon::party_tests::swap_pokemon ... ok
test pokemon::party_tests::swap_same_index_errors ... ok
test pokemon::party_tests::to_vec_clones ... ok
test pokemon::pc_box_tests::box_find_species ... ok
test pokemon::pc_box_tests::box_get_and_get_mut ... ok
test pokemon::pc_box_tests::box_iter ... ok
test pokemon::pc_box_tests::box_species_list ... ok
test pokemon::pc_box_tests::default_box_is_empty ... ok
test pokemon::pc_box_tests::deposit_and_withdraw ... ok
test pokemon::pc_box_tests::deposit_up_to_twenty ... ok
test pokemon::pc_box_tests::new_box_is_empty ... ok
test pokemon::pc_box_tests::release_is_withdraw ... ok
test pokemon::pc_box_tests::storage_change_box ... ok
test pokemon::pc_box_tests::storage_current_box_mut ... ok
test pokemon::pc_box_tests::storage_default ... ok
test pokemon::pc_box_tests::storage_deposit_and_withdraw_current ... ok
test pokemon::pc_box_tests::storage_deposit_across_boxes ... ok
test pokemon::pc_box_tests::storage_deposit_from_party ... ok
test pokemon::pc_box_tests::storage_deposit_from_party_box_full ... ok
test pokemon::pc_box_tests::storage_deposit_from_party_cannot_remove_last ... ok
test pokemon::pc_box_tests::storage_get_box ... ok
test pokemon::pc_box_tests::storage_get_box_mut ... ok
test pokemon::pc_box_tests::storage_new_has_12_empty_boxes ... ok
test pokemon::pc_box_tests::storage_withdraw_to_party ... ok
test pokemon::pc_box_tests::storage_withdraw_to_party_party_full ... ok
test pokemon::pc_box_tests::withdraw_out_of_bounds ... ok
test pokemon::pc_menu_tests::bills_pc_menu_all_actions ... ok
test pokemon::pc_menu_tests::bills_pc_menu_b_exits ... ok
test pokemon::pc_menu_tests::bills_pc_menu_cursor_wraps ... ok
test pokemon::pc_menu_tests::bills_pc_menu_initial_state ... ok
test pokemon::pc_menu_tests::bills_pc_menu_saved_cursor ... ok
test pokemon::pc_menu_tests::bills_pc_menu_set_current_box ... ok
test pokemon::pc_menu_tests::pc_main_menu_b_logs_off ... ok
test pokemon::pc_menu_tests::pc_main_menu_cursor_wraps ... ok
test pokemon::pc_menu_tests::pc_main_menu_met_bill_flag ... ok
test pokemon::pc_menu_tests::pc_main_menu_navigate_to_players_pc ... ok
test pokemon::pc_menu_tests::pc_main_menu_no_input_returns_none ... ok
test pokemon::pc_menu_tests::pc_main_menu_no_pokedex_no_league ... ok
test pokemon::pc_menu_tests::pc_main_menu_select_bills_pc ... ok
test pokemon::pc_menu_tests::pc_main_menu_with_pokedex_and_league ... ok
test pokemon::pc_menu_tests::pc_main_menu_with_pokedex_no_league ... ok
test pokemon::pc_menu_tests::players_pc_default ... ok
test pokemon::pc_menu_tests::players_pc_menu_all_actions ... ok
test pokemon::pc_menu_tests::players_pc_menu_b_logs_off ... ok
test pokemon::pc_menu_tests::players_pc_menu_cursor_wraps ... ok
test pokemon::pc_menu_tests::players_pc_menu_initial_state ... ok
test pokemon::pc_menu_tests::players_pc_menu_saved_cursor ... ok
test pokemon::pokedex_tests::bit_layout_matches_gen1 ... ok
test pokemon::pokedex_tests::default_is_new ... ok
test pokemon::pokedex_tests::flag_bytes_19 ... ok
test pokemon::pokedex_tests::is_complete_all_151 ... ok
test pokemon::pokedex_tests::mew_at_151 ... ok
test pokemon::pokedex_tests::multiple_species ... ok
test pokemon::pokedex_tests::new_pokedex_is_empty ... ok
test pokemon::pokedex_tests::not_complete_at_150 ... ok
test pokemon::pokedex_tests::reset_owned ... ok
test pokemon::pokedex_tests::reset_seen ... ok
test pokemon::pokedex_tests::set_owned_also_sets_seen ... ok
test pokemon::pokedex_tests::set_seen_idempotent ... ok
test pokemon::pokedex_tests::set_seen_single ... ok
test pokemon::pokedex_tests::set_seen_then_owned ... ok
test pokemon::stats_tests::create_pokemon_applies_learnset_up_to_level ... ok
test pokemon::stats_tests::create_pokemon_bulbasaur_level_5 ... ok
test pokemon::stats_tests::create_pokemon_has_correct_exp ... ok
test pokemon::stats_tests::create_pokemon_has_initial_moves ... ok
test pokemon::stats_tests::create_pokemon_high_level_boss_has_lategame_moves ... ok
test pokemon::stats_tests::create_pokemon_invalid_species ... ok
test pokemon::stats_tests::create_pokemon_with_custom_moves ... ok
test pokemon::stats_tests::create_pokemon_shifts_moves_when_learnset_exceeds_slots ... ok
test pokemon::stats_tests::pikachu_level_25_max_dvs_known_values ... ok
test pokemon::stats_tests::random_dvs_vary_across_rolls ... ok
test pokemon::stats_tests::recalculate_stats_on_fresh_pokemon_is_idempotent ... ok
test pokemon::stats_tests::recalculate_stats_preserves_hp_ratio ... ok
test pokemon::stats_tests::recalculate_stats_updates_all_stats ... ok
test pokemon::stats_tests::stat_exp_increases_stats ... ok
test pokemon::stats_tests::stat_summary_max_dvs ... ok
test pokemon::stats_tests::stat_summary_mixed_dvs ... ok
test pokemon::stats_tests::stat_summary_zero_dvs ... ok
test pokemon::stats_tests::trainer_dv_constant_matches_asm ... ok
test pokemon::stats_tests::zero_dvs_give_lower_stats ... ok
test save::daycare_tests::coins_credit_caps_at_9999_and_debit_saturates ... ok
test overworld::tests_npc::mansion_statues_offer_and_apply_switch_from_adjacent_floor ... ok
test save::daycare_tests::deposit_refuses_the_players_last_pokemon ... ok
test save::daycare_tests::deposit_refuses_a_mon_that_knows_an_hm_move ... ok
test save::daycare_tests::deposit_removes_mon_and_stores_growth_fields ... ok
test save::daycare_tests::withdraw_is_a_noop_when_party_is_full ... ok
test save::daycare_tests::exp_ticks_only_while_in_use_and_is_capped ... ok
test save::daycare_tests::withdraw_wipes_stat_exp ... ok
test save::save_tests::test_calc_checksum_matches_asm ... ok
test save::save_tests::test_checksum_changes_with_data ... ok
test save::save_tests::test_checksum_empty_save ... ok
test save::save_tests::test_deserialize_box_mon_roundtrip ... ok
test save::save_tests::test_checksum_validate_bad ... ok
test save::save_tests::current_box_roundtrip_tests::out_of_range_box_number_falls_back ... ok
test save::save_tests::current_box_roundtrip_tests::current_box_number_round_trips_through_sram ... ok
test save::save_tests::test_deserialize_mon_ot_id_and_pp_ups_roundtrip ... ok
test save::save_tests::test_box_sram_roundtrip_preserves_ot_and_nickname ... ok
test save::save_tests::test_deserialize_box_mon_too_short ... ok
test save::save_tests::test_deserialize_name_with_terminator ... ok
test save::save_tests::test_deserialize_party_mon_roundtrip ... ok
test save::save_tests::test_deserialize_party_mon_too_short ... ok
test save::daycare_tests::withdraw_returns_the_mon_grown_with_full_hp ... ok
test save::save_tests::test_game_data_badge_operations ... ok
test save::save_tests::test_game_data_badge_out_of_range ... ok
test save::save_tests::test_game_data_event_flags_size ... ok
test save::save_tests::test_game_data_serialization_deterministic ... ok
test save::save_tests::test_hof_capacity_evicts_oldest ... ok
test save::save_tests::test_hof_clear ... ok
test save::save_tests::test_hof_push_team ... ok
test save::save_tests::test_hof_team_max_mons ... ok
test save::save_tests::test_move_id_from_id ... ok
test save::save_tests::test_play_time_tick_basic ... ok
test save::save_tests::test_play_time_tick_maxed_at_255_hours ... ok
test save::save_tests::test_play_time_tick_single_frame ... ok
test save::save_tests::test_play_time_total_seconds ... ok
test save::save_tests::test_play_time_tick_rollover_minutes ... ok
test save::save_tests::test_pokemon_type_from_id ... ok
test save::save_tests::test_save_data_clear ... ok
test save::save_tests::test_save_data_default_eq_new ... ok
test save::save_tests::test_party_sram_roundtrip ... ok
test save::save_tests::test_party_sram_roundtrip_multiple ... ok
test save::save_tests::test_party_sram_roundtrip_preserves_ot_and_nickname ... ok
test save::save_tests::test_save_data_new_defaults ... ok
test save::save_tests::test_save_error_display ... ok
test save::save_tests::test_serialize_box_empty ... ok
test save::save_tests::test_serialize_box_mon_size ... ok
test save::save_tests::test_serialize_name_empty ... ok
test save::save_tests::test_serialize_name_padding ... ok
test save::save_tests::test_serialize_party_empty ... ok
test save::save_tests::test_serialize_party_mon_size ... ok
test save::save_tests::test_serialize_sprite_data_size ... ok
test save::save_tests::test_species_from_index_id ... ok
test save::save_tests::test_status_to_byte_roundtrip ... ok
test save::save_tests::test_position_sram_roundtrip ... ok
test save::sram_import_tests::legacy_layout_migration_tests::canonical_region_length_matches_original ... ok
test save::save_tests::test_position_sram_roundtrip_route1 ... ok
test save::sram_import_tests::legacy_layout_migration_tests::corrupted_canonical_rejected ... ok
test save::sram_import_tests::test_import_box_data_size ... ok
test save::sram_import_tests::test_import_bad_bank1_checksum ... ok
test save::sram_import_tests::test_import_checksum_algorithm_matches ... ok
test save::sram_import_tests::test_import_bad_bank3_checksum ... ok
test save::sram_import_tests::test_import_bad_bank2_checksum ... ok
test save::sram_import_tests::test_import_empty_sram_valid_checksums ... ok
test save::sram_import_tests::test_import_no_checksum_ignores_bad_checksum ... ok
test save::sram_import_tests::test_import_party_data_size ... ok
test save::save_tests::test_play_time_tick_rollover_hours ... ok
test save::sram_import_tests::test_import_hof_one_team ... ok
test save::sram_import_tests::test_import_hof_empty ... ok
test save::sram_import_tests::legacy_layout_migration_tests::legacy_file_migrates_to_canonical ... ok
test save::sram_import_tests::test_import_sav_file_size ... ok
test save::sram_import_tests::test_import_too_short ... ok
test save_menu_tests::change_box_cancel_after_confirm ... ok
test save_menu_tests::change_box_cancel_before_confirm ... ok
test save_menu_tests::change_box_clamps_to_max ... ok
test save_menu_tests::change_box_confirm_then_select ... ok
test save_menu_tests::change_box_cursor_wraps_down ... ok
test save_menu_tests::change_box_cursor_wraps_up ... ok
test save_menu_tests::change_box_deny_confirm ... ok
test save::sram_import_tests::test_import_player_id ... ok
test save_menu_tests::change_box_has_pokemon ... ok
test save_menu_tests::change_box_initial_state ... ok
test save_menu_tests::change_box_names ... ok
test save_menu_tests::checksum_empty_data ... ok
test save_menu_tests::checksum_known_data ... ok
test save_menu_tests::checksum_single_byte ... ok
test save_menu_tests::checksum_wrapping ... ok
test save::sram_import_tests::test_import_pc_storage_empty ... ok
test save_menu_tests::clear_save_cancel_with_b ... ok
test save_menu_tests::clear_save_confirm_no ... ok
test save_menu_tests::clear_save_confirm_yes ... ok
test save_menu_tests::clear_save_cursor_navigation ... ok
test save_menu_tests::clear_save_defaults_to_no ... ok
test save_menu_tests::clear_save_default_trait ... ok
test save_menu_tests::save_file_status_has_save ... ok
test save::sram_import_tests::test_import_player_name ... ok
test save_menu_tests::save_file_status_roundtrip ... ok
test save_menu_tests::save_menu_cancel_immediately ... ok
test save_menu_tests::save_menu_cursor_navigation ... ok
test save_menu_tests::save_menu_initial_state ... ok
test save_menu_tests::save_menu_overwrite_select_no ... ok
test save_menu_tests::save_menu_select_no ... ok
test save_menu_tests::save_menu_simple_save_flow ... ok
test save_menu_tests::save_menu_with_previous_save_different_player_cancel ... ok
test save_menu_tests::save_menu_with_previous_save_different_player_confirm ... ok
test save_menu_tests::save_menu_with_previous_save_same_player ... ok
test slots::tests::advance_wheel_normal_increment ... ok
test slots::tests::calculate_payout_values ... ok
test slots::tests::advance_wheel_wraps_at_max ... ok
test slots::tests::can_wheel_stop_even_offset ... ok
test slots::tests::can_wheel_stop_odd_offset ... ok
test slots::tests::check_for_matches_middle_row ... ok
test slots::tests::check_for_matches_no_match ... ok
test slots::tests::flash_counts ... ok
test slots::tests::get_wheel_view_offset_zero ... ok
test slots::tests::get_wheel_view_wraps ... ok
test slots::tests::is_seven_or_bar_check ... ok
test slots::tests::new_lucky_machine ... ok
test slots::tests::new_normal_machine ... ok
test slots::tests::place_bet_invalid ... ok
test slots::tests::place_bet_resets_state ... ok
test slots::tests::place_bet_valid ... ok
test slots::tests::post_reward_cherry_decrements_counter ... ok
test slots::tests::post_reward_seven_with_high_rng_clears_flags ... ok
test slots::tests::post_reward_seven_with_low_rng_keeps_flags ... ok
test slots::tests::post_reward_bar_clears_flags ... ok
test slots::tests::resolve_spin_match_with_can_win ... ok
test slots::tests::resolve_spin_no_match_returns_none ... ok
test slots::tests::set_flags_allow_matches_counter_active ... ok
test slots::tests::set_flags_high_random_sets_7bar_mode ... ok
test slots::tests::set_flags_keeps_existing_7bar_mode ... ok
test slots::tests::set_flags_low_random_clears_flags ... ok
test slots::tests::set_flags_medium_random_sets_can_win ... ok
test slots::tests::set_flags_random_zero_sets_counter ... ok
test slots::tests::wheel3_stops_immediately ... ok
test slots::tests::wheel3_wont_stop_on_even ... ok
test slots_screen::tests::bet_never_exceeds_coins ... ok
test slots_screen::tests::credit_respects_9999_cap ... ok
test slots_screen::tests::full_spin_stops_all_reels_and_resolves ... ok
test slots_screen::tests::bet_selection_is_clamped_1_to_3 ... ok
test slots_screen::tests::pressing_a_deducts_bet_and_starts_spin ... ok
test slots_screen::tests::out_of_coins_exits_on_confirm ... ok
test slots_screen::tests::pressing_b_exits_from_bet_select ... ok
test save::save_tests::test_snapshot_json_keeps_legacy_shapes ... ok
test start_menu::safari_info_tests::safari_info_carries_steps_and_balls ... ok
test start_menu::safari_info_tests::safari_info_defaults_to_none ... ok
test start_menu_tests::b_button_closes_menu ... ok
test start_menu_tests::cursor_wraps_down_from_bottom ... ok
test start_menu_tests::cursor_wraps_up_from_top ... ok
test start_menu_tests::item_labels_with_pokedex ... ok
test start_menu_tests::item_labels_without_pokedex ... ok
test start_menu_tests::link_mode_shows_reset_instead_of_save ... ok
test start_menu_tests::link_mode_without_pokedex ... ok
test start_menu_tests::no_input_returns_redisplay ... ok
test start_menu_tests::redisplay_restores_saved_cursor ... ok
test start_menu_tests::saved_cursor_clamped_when_pokedex_lost ... ok
test start_menu_tests::saved_cursor_persists_across_close_and_reopen ... ok
test start_menu_tests::select_all_items_with_pokedex ... ok
test start_menu_tests::select_exit_closes_menu ... ok
test start_menu_tests::select_pokedex ... ok
test start_menu_tests::select_pokemon_without_pokedex ... ok
test start_menu_tests::select_reset_in_link_mode ... ok
test start_menu_tests::select_save_in_normal_mode ... ok
test start_menu_tests::start_button_closes_menu ... ok
test start_menu_tests::with_pokedex_has_seven_items ... ok
test start_menu_tests::without_pokedex_has_six_items ... ok
test start_menu_tests::without_pokemon_first_item_is_item ... ok
test start_menu_tests::without_pokemon_omits_pokemon_item ... ok
test start_menu_tests::without_pokemon_with_pokedex ... ok
test stats_screen::tests::test_a_toggles_to_moves_and_back ... ok
test stats_screen::tests::test_b_on_moves_returns_to_stats_page ... ok
test stats_screen::tests::test_b_on_stats_returns_back_to_party ... ok
test stats_screen::tests::test_stats_screen_initial_page_is_stats ... ok
test stats_screen::tests::test_stays_on_moves_when_no_input ... ok
test text::tests::decode_hello_stream ... ok
test text::tests::dialog_runner_begin_text_activates ... ok
test text::tests::dialog_runner_starts_not_done ... ok
test text::tests::dialog_runner_default_provider_names ... ok
test text::tests::name_buffers_default_player_red ... ok
test text::tests::name_buffers_default_rival_blue ... ok
test text::tests::process_next_line_control ... ok
test text::tests::process_player_name_insertion ... ok
test text::tests::process_simple_text ... ok
test text::tests::process_wait_button_command ... ok
test text::tests::process_terminator_ends_text ... ok
test text::tests::provider_is_control_code ... ok
test text::tests::provider_decode_byte_control_codes ... ok
test text::tests::provider_process_control_done ... ok
test text::tests::provider_process_control_newline ... ok
test text::tests::provider_render_char_advances_cursor ... ok
test text::tests::provider_string_width_basic ... ok
test text::tests::provider_string_width_player_name ... ok
test text::tests::renderer_read_tilemap_text ... ok
test text::tests::text_box_standard_dialog ... ok
test text::tests::renderer_run_to_completion ... ok
test text::tests::text_engine_pause_handling ... ok
test text::tests::tile_coord_roundtrip ... ok
test text::tests::tilemap_clear_area ... ok
test text::tests::tilemap_draw_box_border ... ok
test text::tests::tilemap_scroll_lines_up ... ok
test title_screen_tests::button_during_scroll_in_snaps_to_cry ... ok
test title_screen_tests::button_during_scroll_out_snaps_to_cry ... ok
test title_screen_tests::button_press_during_waiting_starts_cry ... ok
test title_screen_tests::cry_then_fadeout_then_transition ... ok
test title_screen_tests::fade_progress_only_during_fadeout ... ok
test title_screen_tests::done_always_returns_transition ... ok
test title_screen_tests::init_transitions_to_logo_bounce ... ok
test title_screen_tests::logo_bounce_completes_to_logo_pause ... ok
test title_screen_tests::logo_bounce_progresses_scroll_y ... ok
test title_screen_tests::logo_pause_lasts_correct_frames ... ok
test title_screen_tests::red_vs_blue_first_mon_differs ... ok
test title_screen_tests::red_vs_blue_mon_lists_differ ... ok
test title_screen_tests::reset_restores_initial_state ... ok
test title_screen_tests::scroll_in_ends_at_zero_offset ... ok
test title_screen_tests::scroll_in_starts_with_positive_offset ... ok
test title_screen_tests::pick_new_mon_always_differs_from_current ... ok
test title_screen_tests::scroll_out_moves_offset_negative ... ok
test title_screen_tests::scroll_total_pixels_match_tables ... ok
test title_screen_tests::version_scroll_updates_progress ... ok
test title_screen_tests::waiting_for_input_cycles_mons ... ok
test town_map_screen::tests::a_or_b_closes ... ok
test town_map_screen::tests::fly_mode_a_chooses_destination ... ok
test town_map_screen::tests::fly_mode_b_cancels ... ok
test town_map_screen::tests::fly_mode_down_moves_backward_with_wrap ... ok
test town_map_screen::tests::fly_mode_empty_list_a_closes ... ok
test town_map_screen::tests::fly_mode_starts_on_first_visited_city ... ok
test town_map_screen::tests::fly_mode_up_moves_forward_with_wrap ... ok
test town_map_screen::tests::new_falls_back_to_top_for_unlisted_map ... ok
test town_map_screen::tests::new_starts_cursor_on_current_landmark ... ok
test town_map_screen::tests::up_down_scroll_within_bounds ... ok
test trade::tests::anim_runs_full_sequence_to_done ... ok
test trade::tests::ball_crosses_screen_during_slides ... ok
test trade::tests::ball_enter_cable_beats ... ok
test trade::tests::anim_emits_expected_sfx ... ok
test trade::tests::cable_run_timing_matches_original ... ok
test trade::tests::every_table_nickname_survives_construction ... ok
test trade::tests::give_mon_panel_slides_in_63_frames ... ok
test trade::tests::link_anim_uses_partner_trainer_name ... ok
test trade::tests::receive_side_tilt_poof_cry ... ok
test trade::tests::poof_then_drop_then_cry ... ok
test trade::tests::received_mon_uses_table_data_and_given_level ... ok
test trade::tests::random_rolls_cover_full_byte_range ... ok
test trade::tests::received_mon_traded_flag_follows_obedience_rule ... ok
test trainer_card_screen::tests::a_or_b_closes ... ok
test trade::tests::text_box_slides_off_screen ... ok
test trade::tests::text_lines_match_original_strings ... ok
test overworld::tests_oak_event::oak_stops_player_leaving_north ... ok
test overworld::tests_oak_event::load_map_script_keeps_selected_language ... ok
test overworld::tests_pokecenter_heal::nurse_faces_machine_during_heal_then_turns_back ... ok
test overworld::tests_oak_event::pallet_scene_loads_with_scripts_dir ... ok
test overworld::tests_oak_event::oak_dialogue_is_chinese_in_zh_mode ... ok

test result: ok. 2469 passed; 0 failed; 0 ignored; 0 measured; 0 filtered out; finished in 0.76s

     Running tests/battle_settlement_integration.rs (target/debug/deps/battle_settlement_integration-2b6c3fe71c64d356)

running 11 tests
test escaped_settlement_no_money_skips_evolution ... ok
test exp_gain_formula_both_boosts ... ok
test exp_gain_formula_traded_boost ... ok
test exp_gain_formula_trainer_boost ... ok
test exp_gain_formula_wild_battle ... ok
test loss_settlement_no_exp_entries ... ok
test multiple_party_members_gain_exp ... ok
test payday_money_included_in_settlement ... ok
test settlement_captures_exp_entries ... ok
test trainer_battle_settlement_money_and_exp ... ok
test wild_battle_exp_gain_triggers_level_up ... ok

test result: ok. 11 passed; 0 failed; 0 ignored; 0 measured; 0 filtered out; finished in 0.00s

     Running tests/blackout_map.rs (target/debug/deps/blackout_map-db51894c352e62a5)

running 1 test
test nurse_heal_records_blackout_map ... ok

test result: ok. 1 passed; 0 failed; 0 ignored; 0 measured; 0 filtered out; finished in 0.15s

     Running tests/edge_cases.rs (target/debug/deps/edge_cases-4da71f7f3ad82fcb)

running 7 tests
test fainted_mon_no_evolution ... ok
test prize_money_cap ... ok
test exp_all_distributes_to_entire_party ... ok
test traded_mon_bonus_exp ... ok
test pp_decrements_across_turns ... ok
test multi_pokemon_exp_distribution ... ok
test level_up_triggers_evolution_in_settlement ... ok

test result: ok. 7 passed; 0 failed; 0 ignored; 0 measured; 0 filtered out; finished in 0.00s

     Running tests/elevator_ride_integration.rs (target/debug/deps/elevator_ride_integration-1d5a3393497e32f9)

running 1 test
test celadon_elevator_to_1f_lands_on_elevator_tile ... ok

test result: ok. 1 passed; 0 failed; 0 ignored; 0 measured; 0 filtered out; finished in 0.10s

     Running tests/elite_four_reset.rs (target/debug/deps/elite_four_reset-05db4566e83ce39c)

running 3 tests
test lobby_leaves_flags_alone_when_elite_4_not_started ... ok
test entering_loreleis_room_sets_started_elite_4 ... ok
test lobby_resets_gauntlet_when_elite_4_started ... ok

test result: ok. 3 passed; 0 failed; 0 ignored; 0 measured; 0 filtered out; finished in 0.14s

     Running tests/escape_flow.rs (target/debug/deps/escape_flow-1d65ff8b7d51779d)

running 6 tests
test escape_attempt_bonus_accumulates ... ok
test escape_fail_then_succeed_on_retry ... ok
test teleport_higher_level_always_succeeds ... ok
test faster_player_always_escapes ... ok
test teleport_trainer_battle_always_fails ... ok
test trainer_battle_cannot_escape ... ok

test result: ok. 6 passed; 0 failed; 0 ignored; 0 measured; 0 filtered out; finished in 0.00s

     Running tests/event_script_integration.rs (target/debug/deps/event_script_integration-5a0f4e824c621e5a)

running 7 tests
test event_flags_clear_all_resets_everything ... ok
test event_flags_raw_bit_access_matches_named ... ok
test event_flags_serialization_roundtrip ... ok
test event_flags_gym_badge_progression ... ok
test event_flags_set_reset_idempotent ... ok
test rival_battle_then_pokedex_scenario ... ok
test oak_lab_starter_scenario_flag_gating ... ok

test result: ok. 7 passed; 0 failed; 0 ignored; 0 measured; 0 filtered out; finished in 0.00s

     Running tests/game_flow_early_game.rs (target/debug/deps/game_flow_early_game-8f69b81ead109300)

running 15 tests
test add_caught_pokemon_to_party ... ok
test buy_fails_insufficient_money ... ok
test buy_potions_from_mart ... ok
test buy_pokeballs_from_mart ... ok
test early_game_map_names ... ok
test event_flag_got_pokedex ... ok
test event_flag_battled_rival_in_lab ... ok
test event_flag_got_starter ... ok
test oaks_parcel_inventory_management ... ok
test pokedex_after_catching_pidgey ... ok
test pokedex_after_route1_encounters ... ok
test route1_wild_battle_starter_vs_pidgey ... ok
test route1_encounter_table_has_10_slots ... ok
test route1_wild_encounters_blue_same_species ... ok
test route1_wild_encounters_red_only_pidgey_rattata ... ok

test result: ok. 15 passed; 0 failed; 0 ignored; 0 measured; 0 filtered out; finished in 0.00s

     Running tests/game_flow_elite_four.rs (target/debug/deps/game_flow_elite_four-238f52aa98bd14a7)

running 17 tests
test all_elite_four_have_base_money_99 ... ok
test champion_battle_with_strong_party ... ok
test agatha_team_five_pokemon ... ok
test bruno_team_five_pokemon ... ok
test champion_ace_matches_starter_triangle ... ok
test champion_has_three_team_variants ... ok
test champion_ace_is_always_level_65 ... ok
test champion_variant1_player_chose_charmander ... ok
test champion_variant2_player_chose_squirtle ... ok
test event_flag_beat_champion ... ok
test event_flag_beat_lance ... ok
test champion_variant0_player_chose_bulbasaur ... ok
test hall_of_fame_max_50_entries ... ok
test hall_of_fame_records_winning_team ... ok
test lance_team_five_pokemon ... ok
test lorelei_team_five_pokemon ... ok
test elite_four_levels_increase_across_members ... ok

test result: ok. 17 passed; 0 failed; 0 ignored; 0 measured; 0 filtered out; finished in 0.00s

     Running tests/game_flow_gyms.rs (target/debug/deps/game_flow_gyms-0e0e0868ac9dc470)

running 15 tests
test all_gym_leaders_have_base_money_99 ... ok
test badges_accumulate_correctly ... ok
test badge_assignments_for_gyms ... ok
test gym_battle_brock_player_wins_with_water ... ok
test blaine_team_four_fire_types ... ok
test brock_team_geodude_12_onix_14 ... ok
test erika_team_victreebel_tangela_vileplume ... ok
test giovanni_gym_team ... ok
test gym_event_flags_set_correctly ... ok
test koga_team_four_pokemon ... ok
test non_gym_map_returns_no_badge ... ok
test lt_surge_team_voltorb_pikachu_raichu ... ok
test misty_team_staryu_18_starmie_21 ... ok
test sabrina_team_four_psychic_types ... ok
test gym_leader_levels_increase_progressively ... ok

test result: ok. 15 passed; 0 failed; 0 ignored; 0 measured; 0 filtered out; finished in 0.00s

     Running tests/game_flow_helpers.rs (target/debug/deps/game_flow_helpers-7cfec94d0c357739)

running 0 tests

test result: ok. 0 passed; 0 failed; 0 ignored; 0 measured; 0 filtered out; finished in 0.00s

     Running tests/game_flow_opening.rs (target/debug/deps/game_flow_opening-f6e187971a801d75)

running 14 tests
test full_opening_sequence_copyright_to_oak_speech ... ok
test game_starts_at_gamefreak_splash ... ok
test game_state_transitions_are_bidirectional ... ok
test main_menu_b_returns_to_title ... ok
test main_menu_navigate_to_option ... ok
test main_menu_new_game_no_save ... ok
test main_menu_with_save_file_shows_continue ... ok
test title_screen_blue_version_starts_with_squirtle ... ok
test save_file_summary_badge_count ... ok
test title_screen_button_press_triggers_cry_and_fade ... ok
test title_screen_progresses_through_all_phases ... ok
test title_screen_resets_correctly ... ok
test oak_speech_naming_flow ... ok
test oak_speech_complete_sequence ... ok

test result: ok. 14 passed; 0 failed; 0 ignored; 0 measured; 0 filtered out; finished in 0.00s

     Running tests/game_flow_progression.rs (target/debug/deps/game_flow_progression-1fa307945523f2b3)

running 20 tests
test all_eight_badges ... ok
test badge_count_starts_at_zero ... ok
test early_game_event_flags ... ok
test empty_pokedex_at_start ... ok
test end_game_all_gym_flags_set ... ok
test event_flags_can_be_reset ... ok
test four_badges_mid_game ... ok
test game_config_stores_version ... ok
test mid_game_event_flags_accumulate ... ok
test no_event_flags_at_start ... ok
test one_badge_after_brock ... ok
test owned_implies_seen ... ok
test party_full_for_elite_four ... ok
test party_grows_during_game ... ok
test party_max_size_is_six ... ok
test party_starts_with_one_pokemon ... ok
test pokedex_early_game_counts ... ok
test pokedex_mid_game_has_many_entries ... ok
test red_and_blue_are_different_versions ... ok
test two_badges_after_misty ... ok

test result: ok. 20 passed; 0 failed; 0 ignored; 0 measured; 0 filtered out; finished in 0.00s

     Running tests/game_flow_starter.rs (target/debug/deps/game_flow_starter-68e732ec980eab55)

running 11 tests
test all_three_starters_have_distinct_types ... ok
test bulbasaur_starter_has_correct_stats_and_moves ... ok
test charmander_starter_has_correct_stats_and_moves ... ok
test pokedex_registers_rival_pokemon_as_seen ... ok
test pokedex_registers_starter_as_owned ... ok
test rival_gets_type_advantage_starter ... ok
test naming_screen_rival_name_max_7_chars ... ok
test naming_screen_player_name_submit ... ok
test squirtle_starter_has_correct_stats_and_moves ... ok
test rival_battle_in_oaks_lab_level5_vs_level5 ... ok
test starter_party_has_exactly_one_pokemon ... ok

test result: ok. 11 passed; 0 failed; 0 ignored; 0 measured; 0 filtered out; finished in 0.00s

     Running tests/helpers.rs (target/debug/deps/helpers-48c6effd28e66ac8)

running 0 tests

test result: ok. 0 passed; 0 failed; 0 ignored; 0 measured; 0 filtered out; finished in 0.00s

     Running tests/hof_ceremony_trigger.rs (target/debug/deps/hof_ceremony_trigger-48ad2190371ab962)

running 1 test
test hall_of_fame_scene_requests_ceremony ... ok

test result: ok. 1 passed; 0 failed; 0 ignored; 0 measured; 0 filtered out; finished in 0.22s

     Running tests/map_transition_integration.rs (target/debug/deps/map_transition_integration-6fff48e28a2e3a26)

running 21 tests
test elevator_floor_count_consistent ... ok
test dungeon_warp_resolution ... ok
test elevator_floor_selection_out_of_bounds ... ok
test elevator_floor_selection_valid ... ok
test fly_destination_resolves_coordinates ... ok
test fly_destinations_cover_all_towns ... ok
test link_warp_colosseum ... ok
test new_game_warp_goes_to_pallet_town ... ok
test link_warp_trade_center ... ok
test non_door_tile_not_detected ... ok
test non_town_has_no_fly_destination ... ok
test overworld_door_tile_detected ... ok
test rocket_hideout_has_elevator ... ok
test silph_co_elevator_exists ... ok
test teleport_spin_cycles_four_directions ... ok
test route_1_connects_both_directions ... ok
test pallet_town_north_connects_to_route_1 ... ok
test pallet_town_south_connects_to_route_21 ... ok
test connection_fails_when_not_at_edge ... ok
test oaks_lab_has_warps ... ok
test connection_bidirectional_pallet_route1 ... ok

test result: ok. 21 passed; 0 failed; 0 ignored; 0 measured; 0 filtered out; finished in 0.10s

     Running tests/npc_trainer_integration.rs (target/debug/deps/npc_trainer_integration-debaf3011c083928)

running 26 tests
test apply_trainer_defeated_flags_maps_kth_header_to_kth_trainer ... ok
test collect_item_marks_npc_defeated_and_hidden ... ok
test defeated_trainer_does_not_see_player ... ok
test collect_item_already_collected_returns_none ... ok
test interact_defeated_trainer_returns_already_defeated ... ok
test interact_invisible_npc_returns_no_target ... ok
test beaten_flag_blocks_sight ... ok
test interact_no_npc_in_front_returns_no_target ... ok
test interact_regular_npc_returns_talk ... ok
test interact_item_ball_returns_pickup ... ok
test interact_trainer_npc_returns_battle ... ok
test mark_trainer_defeated_sets_flag ... ok
test multiple_trainers_first_spotter_wins ... ok
test pewter_gym_jr_trainer_los_regression ... ok
test sign_detected_when_facing_it ... ok
test sign_not_detected_no_sign_at_position ... ok
test sign_not_detected_wrong_direction ... ok
test trainer_does_not_see_player_behind ... ok
test trainer_does_not_see_player_beyond_range ... ok
test trainer_does_not_see_player_off_axis ... ok
test trainer_encounter_full_state_machine ... ok
test trainer_sees_player_in_sight_range ... ok
test trainer_spot_then_defeat_then_recheck ... ok
test view_zero_trainer_never_spots_player ... ok
test oaks_lab_npcs_loaded_correctly ... ok
test pewter_gym_has_real_npcs ... ok

test result: ok. 26 passed; 0 failed; 0 ignored; 0 measured; 0 filtered out; finished in 0.09s

     Running tests/overworld_hm_terrain_integration.rs (target/debug/deps/overworld_hm_terrain_integration-f8df232abf434043)

running 50 tests
test boulder_push_blocked ... ok
test boulder_push_need_second_press ... ok
test boulder_push_requires_strength ... ok
test boulder_push_success ... ok
test cavern_hole_detected ... ok
test cut_grass_on_overworld ... ok
test cut_nothing_wrong_tile ... ok
test cut_requires_cascade_badge ... ok
test cut_tree_on_overworld ... ok
test dark_cave_leave_clears ... ok
test dark_cave_not_dark_in_normal_map ... ok
test dark_cave_state_lifecycle ... ok
test encounter_allowed_normally ... ok
test encounter_suppressed_during_cooldown ... ok
test encounter_suppressed_during_script ... ok
test encounter_suppressed_on_warp ... ok
test encounter_type_grass ... ok
test encounter_type_water ... ok
test facility_hole_detected ... ok
test facility_warp_pad_detected ... ok
test flash_already_lit ... ok
test flash_lights_dark_cave ... ok
test flash_requires_boulder_badge ... ok
test fly_cancelled ... ok
test fly_choose_destination ... ok
test fly_destinations_table_has_13_entries ... ok
test fly_only_works_outside ... ok
test fly_requires_thunder_badge ... ok
test hm_badge_progression_gates ... ok
test interior_is_not_outside ... ok
test is_spinner_tile_detects_arrow_tiles ... ok
test ledge_jump_down_on_overworld ... ok
test ledge_jump_not_holding_input ... ok
test ledge_jump_right ... ok
test ledge_jump_wrong_direction ... ok
test ledge_jump_wrong_tileset ... ok
test non_special_tile_returns_none ... ok
test overworld_is_outside ... ok
test plateau_is_outside ... ok
test spinner_no_effect_on_overworld ... ok
test spinner_rotates_in_facility ... ok
test strength_activates ... ok
test strength_already_active ... ok
test strength_requires_rainbow_badge ... ok
test surf_already_surfing ... ok
test surf_not_facing_water ... ok
test surf_requires_soul_badge ... ok
test surf_seafoam_b4f_blocked ... ok
test surf_seafoam_b4f_boulders_done ... ok
test surf_success ... ok

test result: ok. 50 passed; 0 failed; 0 ignored; 0 measured; 0 filtered out; finished in 0.00s

     Running tests/pc_trigger.rs (target/debug/deps/pc_trigger-c7ca486bf742254b)

running 5 tests
test reds_bedroom_pc_sign_opens_item_pc ... ok
test viridian_pokecenter_pc_sign_opens_pc ... ok
test pewter_pokecenter_pc_sign_opens_pc ... ok
test billshouse_pc_opens_bills_pc_after_bill_is_saved ... ok
test billshouse_pc_shows_monitor_before_bill_is_saved ... ok

test result: ok. 5 passed; 0 failed; 0 ignored; 0 measured; 0 filtered out; finished in 0.11s

     Running tests/rival_first_battle.rs (target/debug/deps/rival_first_battle-4a1bcace79f28186)

running 9 tests
test critical_hit_doubles_damage ... ok
test damage_with_minus1_attack_stage ... ok
test damage_with_minus6_attack_stage ... ok
test level5_damage_calculation_charmander_vs_squirtle ... ok
test growl_tailwhip_not_status_only ... ok
test level5_damage_calculation_squirtle_vs_charmander ... ok
test rival1_has_layer1_only ... ok
test stat_stage_multiplier_correct ... ok
test struggle_damage_calculation ... ok

test result: ok. 9 passed; 0 failed; 0 ignored; 0 measured; 0 filtered out; finished in 0.00s

     Running tests/ss_anne_departure.rs (target/debug/deps/ss_anne_departure-dd0ace5db83b23ca)

running 2 tests
test ss_anne_departure_does_not_replay ... ok
test ss_anne_departure_plays_once_and_erases_the_ship ... ok

test result: ok. 2 passed; 0 failed; 0 ignored; 0 measured; 0 filtered out; finished in 0.14s

     Running tests/status_across_turns.rs (target/debug/deps/status_across_turns-a58960fd3dc65be4)

running 5 tests
test sleep_wears_off_after_turns ... ok
test freeze_prevents_action ... ok
test burn_residual_accumulates_over_turns ... ok
test poison_residual_each_turn ... ok
test toxic_damage_escalates ... ok

test result: ok. 5 passed; 0 failed; 0 ignored; 0 measured; 0 filtered out; finished in 0.00s

     Running tests/trainer_balance_damage.rs (target/debug/deps/trainer_balance_damage-f44803bb86f8e2cd)

running 20 tests
test crit_chance_scales_with_speed ... ok
test critical_hit_doubles_damage ... ok
test focus_energy_bug_reduces_crit ... ok
test explosion_doubles_effective_damage ... ok
test gen1_physical_special_split_correct ... ok
test ghost_immune_to_fighting ... ok
test ghost_immune_to_normal ... ok
test ground_immune_to_electric ... ok
test high_crit_move_has_much_higher_crit_chance ... ok
test higher_attack_deals_more_damage ... ok
test higher_defense_reduces_damage ... ok
test higher_level_deals_more_damage ... ok
test immunity_deals_zero_damage ... ok
test minimum_damage_is_one ... ok
test not_very_effective_halves_damage ... ok
test quad_effective_quadruples_damage ... ok
test random_roll_varies_damage ... ok
test reflect_halves_physical_damage ... ok
test stab_adds_50_percent_damage ... ok
test super_effective_doubles_damage ... ok

test result: ok. 20 passed; 0 failed; 0 ignored; 0 measured; 0 filtered out; finished in 0.00s

     Running tests/trainer_balance_data.rs (target/debug/deps/trainer_balance_data-7cabbb1731733d06)

running 14 tests
test all_trainer_classes_have_base_money ... ok
test gym_leaders_elite_four_have_max_base_money ... ok
test known_base_money_values ... ok
test nobody_has_zero_base_money ... ok
test num_trainer_classes_correct ... ok
test brock_team_composition ... ok
test early_game_trainer_levels_reasonable ... ok
test all_trainer_classes_have_parties ... ok
test gym_leader_level_progression ... ok
test misty_team_composition ... ok
test trainer_pokemon_levels_in_valid_range ... ok
test trainer_parties_are_non_empty ... ok
test trainer_parties_max_six_pokemon ... ok
test trainer_pokemon_species_are_valid ... ok

test result: ok. 14 passed; 0 failed; 0 ignored; 0 measured; 0 filtered out; finished in 0.00s

     Running tests/trainer_balance_elite_four.rs (target/debug/deps/trainer_balance_elite_four-1b83cfab3fbbb2cb)

running 18 tests
test agatha_team_composition ... ok
test bruno_is_fighting_themed ... ok
test champion_has_six_pokemon ... ok
test bruno_team_composition ... ok
test champion_ace_is_level_65 ... ok
test agatha_is_ghost_poison_themed ... ok
test champion_variant_0_team ... ok
test champion_has_three_variants ... ok
test champion_levels_above_55 ... ok
test champion_higher_than_elite_four ... ok
test all_elite_four_have_five_pokemon ... ok
test elite_four_level_progression ... ok
test elite_four_prize_money ... ok
test lance_is_dragon_flying_themed ... ok
test lance_team_composition ... ok
test lorelei_is_ice_water_themed ... ok
test elite_four_levels_above_50 ... ok
test lorelei_team_composition ... ok

test result: ok. 18 passed; 0 failed; 0 ignored; 0 measured; 0 filtered out; finished in 0.00s

     Running tests/trainer_balance_gym.rs (target/debug/deps/trainer_balance_gym-2f8dd5794bc53884)

running 17 tests
test electric_immune_to_ground_pokemon ... ok
test erika_is_grass_themed ... ok
test blaine_is_fire_themed ... ok
test gym_leader_prize_money_calculations ... ok
test brock_is_rock_themed ... ok
test giovanni_gym_is_ground_themed ... ok
test giovanni_has_three_encounters ... ok
test erika_team_composition ... ok
test gym_leaders_each_have_exactly_one_party ... ok
test koga_is_poison_themed ... ok
test koga_team_composition ... ok
test lt_surge_is_electric_themed ... ok
test lt_surge_team_composition ... ok
test player_pikachu_can_damage_brocks_geodude ... ok
test misty_is_water_themed ... ok
test water_super_effective_vs_brock ... ok
test sabrina_is_psychic_themed ... ok

test result: ok. 17 passed; 0 failed; 0 ignored; 0 measured; 0 filtered out; finished in 0.00s

     Running tests/trainer_battle_flow.rs (target/debug/deps/trainer_battle_flow-0053ee6e709a7ef9)

running 3 tests
test trainer_battle_loss_blackout_penalty ... ok
test trainer_battle_payday_bonus ... ok
test trainer_battle_multi_turn_ko_exp_prize ... ok

test result: ok. 3 passed; 0 failed; 0 ignored; 0 measured; 0 filtered out; finished in 0.00s

     Running tests/viridian_mart_shop.rs (target/debug/deps/viridian_mart_shop-9791b6d2cd4b074d)

running 2 tests
test viridian_mart_stock_resolves_from_script_names ... ok
test clerk_opens_shop_after_parcel_delivered ... ok

test result: ok. 2 passed; 0 failed; 0 ignored; 0 measured; 0 filtered out; finished in 0.21s

     Running tests/wild_battle_flow.rs (target/debug/deps/wild_battle_flow-337c5724823fdbb6)

running 2 tests
test wild_battle_weaken_and_capture ... ok
test wild_battle_encounter_fight_ko_exp_settle ... ok

test result: ok. 2 passed; 0 failed; 0 ignored; 0 measured; 0 filtered out; finished in 0.00s

   Doc-tests pokered_core
warning: unnecessary parentheses around pattern
    --> crates/pokered-core/src/overworld/screen.rs:1485:21
     |
1485 |                 for (y) in [cy - r, cy + r] {
     |                     ^ ^
     |
     = note: `#[warn(unused_parens)]` (part of `#[warn(unused)]`) on by default
help: remove these parentheses
     |
1485 -                 for (y) in [cy - r, cy + r] {
1485 +                 for y in [cy - r, cy + r] {
     |

warning: 1 warning emitted


running 1 test
test crates/pokered-core/src/debug_log.rs - debug_log (line 5) ... ignored

test result: ok. 0 passed; 0 failed; 1 ignored; 0 measured; 0 filtered out; finished in 0.00s

