frame=0 status=0000 volume=0000
pokered-gba: booting game core…
pokered-gba: game constructed
pokered-gba: battle rules ready
pokered-gba: first frame done
prof f60 ticks(avg) wait=3908 upd=263 draw/render=13834 present/render=775 dump=1 total=4709 max=25704 renders=1
prof f120 ticks(avg) wait=3964 upd=114 draw/render=0 present/render=0 dump=2 total=4363 max=4371 renders=0
frame=300 status=0080 volume=0077
prof f180 ticks(avg) wait=3965 upd=114 draw/render=7660 present/render=775 dump=1 total=4500 max=12523 renders=1
prof f240 ticks(avg) wait=3887 upd=115 draw/render=0 present/render=0 dump=2 total=4300 max=4371 renders=0
prof f300 ticks(avg) wait=2261 upd=192 draw/render=5636 present/render=774 dump=1 total=8560 max=10611 renders=57
frame=600 status=0080 volume=0077
keys=03ff
prof f360 ticks(avg) wait=2191 upd=186 draw/render=5595 present/render=774 dump=1 total=8749 max=9194 renders=60
prof f420 ticks(avg) wait=1961 upd=186 draw/render=5827 present/render=774 dump=1 total=8750 max=9566 renders=60
prof f480 ticks(avg) wait=2647 upd=161 draw/render=5838 present/render=774 dump=1 total=7115 max=9566 renders=38
prof f540 ticks(avg) wait=3830 upd=127 draw/render=7157 present/render=774 dump=1 total=4509 max=12155 renders=2
frame=900 status=0080 volume=0077
prof f600 ticks(avg) wait=1725 upd=257 draw/render=7347 present/render=775 dump=1 total=7493 max=21521 renders=40
timing: frame scene=31 tick=601 clock=3799265 updates=1 update=599 draw=7051 present=799 map=38
video: scene=31 tick=1 vblank=997 hash=63797c01
timing: frame scene=31 tick=602 clock=3808073 updates=1 update=303 draw=7049 present=776 map=38
video: scene=31 tick=2 vblank=999 hash=63797c01
timing: frame scene=31 tick=603 clock=3816584 updates=1 update=302 draw=7050 present=776 map=38
video: scene=31 tick=3 vblank=1001 hash=63797c01
timing: frame scene=31 tick=604 clock=3825193 updates=1 update=306 draw=6960 present=775 map=38
video: scene=31 tick=4 vblank=1003 hash=4dc15f51
timing: frame scene=31 tick=605 clock=3833970 updates=1 update=286 draw=6961 present=776 map=38
video: scene=31 tick=5 vblank=1005 hash=4dc15f51
timing: frame scene=31 tick=606 clock=3842748 updates=1 update=308 draw=6959 present=776 map=38
video: scene=31 tick=6 vblank=1007 hash=4dc15f51
timing: frame scene=31 tick=607 clock=3851526 updates=1 update=307 draw=7157 present=775 map=38
video: scene=31 tick=7 vblank=1009 hash=73b0f92d
timing: frame scene=31 tick=608 clock=3860304 updates=1 update=225 draw=7157 present=775 map=38
video: scene=31 tick=8 vblank=1011 hash=73b0f92d
timing: frame scene=31 tick=609 clock=3869082 updates=1 update=307 draw=7156 present=776 map=38
video: scene=31 tick=9 vblank=1013 hash=73b0f92d
timing: frame scene=31 tick=610 clock=3877860 updates=1 update=307 draw=7066 present=776 map=38
video: scene=31 tick=10 vblank=1015 hash=317ef501
timing: frame scene=31 tick=611 clock=3886638 updates=1 update=310 draw=7065 present=776 map=38
video: scene=31 tick=11 vblank=1017 hash=317ef501
timing: frame scene=31 tick=612 clock=3895416 updates=1 update=304 draw=7067 present=776 map=38
video: scene=31 tick=12 vblank=1019 hash=317ef501
timing: frame scene=31 tick=613 clock=3904194 updates=1 update=290 draw=7208 present=775 map=38
video: scene=31 tick=13 vblank=1021 hash=03fe80bd
timing: frame scene=31 tick=614 clock=3912972 updates=1 update=309 draw=7210 present=775 map=38
video: scene=31 tick=14 vblank=1023 hash=03fe80bd
timing: frame scene=31 tick=615 clock=3921750 updates=1 update=305 draw=7209 present=775 map=38
video: scene=31 tick=15 vblank=1025 hash=03fe80bd
timing: frame scene=31 tick=616 clock=3930528 updates=1 update=226 draw=7066 present=775 map=38
video: scene=31 tick=16 vblank=1027 hash=bfdfb9b1
timing: frame scene=31 tick=617 clock=3939306 updates=1 update=307 draw=7066 present=776 map=38
video: scene=31 tick=17 vblank=1029 hash=bfdfb9b1
timing: frame scene=31 tick=618 clock=3948084 updates=1 update=305 draw=7065 present=776 map=38
video: scene=31 tick=18 vblank=1031 hash=bfdfb9b1
timing: frame scene=31 tick=619 clock=3956862 updates=1 update=526 draw=7209 present=776 map=38
video: scene=31 tick=19 vblank=1033 hash=33d6bc0d
timing: frame scene=31 tick=620 clock=3965756 updates=1 update=201 draw=7210 present=775 map=38
video: scene=31 tick=20 vblank=1035 hash=33d6bc0d
timing: frame scene=31 tick=621 clock=3974419 updates=1 update=312 draw=7210 present=775 map=38
video: scene=31 tick=21 vblank=1037 hash=33d6bc0d
timing: frame scene=31 tick=622 clock=3983196 updates=1 update=206 draw=7067 present=775 map=38
video: scene=31 tick=22 vblank=1039 hash=c2b44ce1
timing: frame scene=31 tick=623 clock=3991974 updates=1 update=488 draw=7065 present=775 map=38
video: scene=31 tick=23 vblank=1041 hash=c2b44ce1
timing: frame scene=31 tick=624 clock=4000752 updates=1 update=220 draw=7065 present=775 map=38
video: scene=31 tick=24 vblank=1043 hash=c2b44ce1
timing: frame scene=31 tick=625 clock=4009530 updates=1 update=204 draw=7208 present=775 map=38
video: scene=31 tick=25 vblank=1045 hash=874d9d3d
timing: frame scene=31 tick=626 clock=4018308 updates=1 update=310 draw=7209 present=775 map=38
video: scene=31 tick=26 vblank=1047 hash=874d9d3d
timing: frame scene=31 tick=627 clock=4027086 updates=1 update=203 draw=7208 present=776 map=38
video: scene=31 tick=27 vblank=1049 hash=874d9d3d
timing: frame scene=31 tick=628 clock=4035864 updates=1 update=514 draw=7066 present=776 map=38
video: scene=31 tick=28 vblank=1051 hash=c8f6a131
timing: frame scene=31 tick=629 clock=4044642 updates=1 update=303 draw=7065 present=776 map=38
video: scene=31 tick=29 vblank=1053 hash=c8f6a131
timing: frame scene=31 tick=630 clock=4053420 updates=1 update=302 draw=7066 present=776 map=38
video: scene=31 tick=30 vblank=1055 hash=c8f6a131
timing: frame scene=31 tick=631 clock=4062198 updates=1 update=222 draw=7209 present=776 map=38
video: scene=31 tick=31 vblank=1057 hash=f22996cd
timing: frame scene=31 tick=632 clock=4070976 updates=1 update=306 draw=7209 present=775 map=38
video: scene=31 tick=32 vblank=1059 hash=f22996cd
timing: frame scene=31 tick=633 clock=4079754 updates=1 update=307 draw=7210 present=775 map=38
video: scene=31 tick=33 vblank=1061 hash=f22996cd
timing: frame scene=31 tick=634 clock=4088532 updates=1 update=310 draw=7065 present=775 map=38
video: scene=31 tick=34 vblank=1063 hash=4c1b05a1
timing: frame scene=31 tick=635 clock=4097310 updates=1 update=305 draw=7066 present=776 map=38
video: scene=31 tick=35 vblank=1065 hash=4c1b05a1
timing: frame scene=31 tick=636 clock=4106088 updates=1 update=290 draw=7065 present=776 map=38
video: scene=31 tick=36 vblank=1067 hash=4c1b05a1
timing: frame scene=31 tick=637 clock=4114866 updates=1 update=534 draw=7209 present=776 map=38
video: scene=31 tick=37 vblank=1069 hash=e8d2e75d
timing: frame scene=31 tick=638 clock=4123768 updates=1 update=219 draw=7210 present=775 map=38
video: scene=31 tick=38 vblank=1071 hash=e8d2e75d
timing: frame scene=31 tick=639 clock=4132423 updates=1 update=202 draw=7210 present=775 map=38
video: scene=31 tick=39 vblank=1073 hash=e8d2e75d
timing: frame scene=31 tick=640 clock=4141200 updates=1 update=313 draw=7066 present=776 map=38
video: scene=31 tick=40 vblank=1075 hash=2acd7f11
timing: frame scene=31 tick=641 clock=4149978 updates=1 update=203 draw=7066 present=776 map=38
video: scene=31 tick=41 vblank=1077 hash=2acd7f11
timing: frame scene=31 tick=642 clock=4158756 updates=1 update=505 draw=7065 present=776 map=38
video: scene=31 tick=42 vblank=1079 hash=2acd7f11
timing: frame scene=31 tick=643 clock=4167534 updates=1 update=204 draw=7208 present=776 map=38
video: scene=31 tick=43 vblank=1081 hash=21442cad
timing: frame scene=31 tick=644 clock=4176312 updates=1 update=310 draw=7209 present=775 map=38
video: scene=31 tick=44 vblank=1083 hash=21442cad
timing: frame scene=31 tick=645 clock=4185090 updates=1 update=202 draw=7208 present=776 map=38
video: scene=31 tick=45 vblank=1085 hash=21442cad
timing: frame scene=31 tick=646 clock=4193868 updates=1 update=513 draw=7067 present=775 map=38
video: scene=31 tick=46 vblank=1087 hash=3d0ba601
timing: frame scene=31 tick=647 clock=4202646 updates=1 update=219 draw=7067 present=776 map=38
video: scene=31 tick=47 vblank=1089 hash=3d0ba601
timing: frame scene=31 tick=648 clock=4211424 updates=1 update=201 draw=7067 present=775 map=38
video: scene=31 tick=48 vblank=1091 hash=3d0ba601
timing: frame scene=31 tick=649 clock=4220202 updates=1 update=204 draw=7209 present=776 map=38
video: scene=31 tick=49 vblank=1093 hash=8e75cc8b
timing: frame scene=31 tick=650 clock=4228980 updates=1 update=205 draw=7210 present=775 map=38
video: scene=31 tick=50 vblank=1095 hash=8e75cc8b
timing: frame scene=31 tick=651 clock=4237758 updates=1 update=204 draw=7210 present=775 map=38
video: scene=31 tick=51 vblank=1097 hash=8e75cc8b
timing: frame scene=31 tick=652 clock=4246536 updates=1 update=209 draw=7066 present=776 map=38
video: scene=31 tick=52 vblank=1099 hash=0a963801
timing: frame scene=31 tick=653 clock=4255314 updates=1 update=206 draw=7067 present=775 map=38
video: scene=31 tick=53 vblank=1101 hash=0a963801
timing: frame scene=31 tick=654 clock=4264092 updates=1 update=204 draw=7067 present=775 map=38
video: scene=31 tick=54 vblank=1103 hash=0a963801
timing: frame scene=31 tick=655 clock=4272870 updates=1 update=208 draw=7210 present=776 map=38
video: scene=31 tick=55 vblank=1105 hash=c6d922e1
timing: frame scene=31 tick=656 clock=4281648 updates=1 update=528 draw=7209 present=775 map=38
video: scene=31 tick=56 vblank=1107 hash=c6d922e1
timing: frame scene=31 tick=657 clock=4290543 updates=1 update=201 draw=7209 present=775 map=38
video: scene=31 tick=57 vblank=1109 hash=c6d922e1
timing: frame scene=31 tick=658 clock=4299205 updates=1 update=313 draw=7065 present=775 map=38
video: scene=31 tick=58 vblank=1111 hash=88bd3734
timing: frame scene=31 tick=659 clock=4307982 updates=1 update=202 draw=7065 present=776 map=38
video: scene=31 tick=59 vblank=1113 hash=88bd3734
timing: frame scene=31 tick=660 clock=4316760 updates=1 update=487 draw=7067 present=775 map=38
prof f660 ticks(avg) wait=218 upd=298 draw/render=7122 present/render=774 dump=333 total=8748 max=9168 renders=60
video: scene=31 tick=60 vblank=1115 hash=88bd3734
timing: frame scene=31 tick=661 clock=4325894 updates=1 update=222 draw=7210 present=775 map=38
video: scene=31 tick=61 vblank=1117 hash=e2217019
timing: frame scene=31 tick=662 clock=4334484 updates=1 update=202 draw=7209 present=776 map=38
video: scene=31 tick=62 vblank=1119 hash=e2217019
timing: frame scene=31 tick=663 clock=4343095 updates=1 update=311 draw=7209 present=776 map=38
video: scene=31 tick=63 vblank=1121 hash=e2217019
timing: frame scene=31 tick=664 clock=4351872 updates=1 update=207 draw=7067 present=775 map=38
video: scene=31 tick=64 vblank=1123 hash=1bbaba17
timing: frame scene=31 tick=665 clock=4360650 updates=1 update=529 draw=7065 present=776 map=38
video: scene=31 tick=65 vblank=1125 hash=1bbaba17
timing: frame scene=31 tick=666 clock=4369428 updates=1 update=201 draw=7066 present=775 map=38
video: scene=31 tick=66 vblank=1127 hash=1bbaba17
timing: frame scene=31 tick=667 clock=4378206 updates=1 update=204 draw=7208 present=775 map=38
video: scene=31 tick=67 vblank=1129 hash=a60f348d
timing: frame scene=31 tick=668 clock=4386984 updates=1 update=202 draw=7208 present=776 map=38
video: scene=31 tick=68 vblank=1131 hash=a60f348d
timing: frame scene=31 tick=669 clock=4395762 updates=1 update=206 draw=7208 present=776 map=38
video: scene=31 tick=69 vblank=1133 hash=a60f348d
timing: frame scene=31 tick=670 clock=4404540 updates=1 update=209 draw=7065 present=775 map=38
video: scene=31 tick=70 vblank=1135 hash=15c9765b
timing: frame scene=31 tick=671 clock=4413318 updates=1 update=204 draw=7065 present=776 map=38
video: scene=31 tick=71 vblank=1137 hash=15c9765b
timing: frame scene=31 tick=672 clock=4422096 updates=1 update=206 draw=7066 present=775 map=38
video: scene=31 tick=72 vblank=1139 hash=15c9765b
timing: frame scene=31 tick=673 clock=4430874 updates=1 update=208 draw=7209 present=775 map=38
video: scene=31 tick=73 vblank=1141 hash=2a699e97
timing: frame scene=31 tick=674 clock=4439652 updates=1 update=511 draw=7210 present=775 map=38
video: scene=31 tick=74 vblank=1143 hash=2a699e97
timing: frame scene=31 tick=675 clock=4448531 updates=1 update=220 draw=7210 present=775 map=38
video: scene=31 tick=75 vblank=1145 hash=2a699e97
timing: frame scene=31 tick=676 clock=4457209 updates=1 update=313 draw=7066 present=776 map=38
video: scene=31 tick=76 vblank=1147 hash=0156face
timing: frame scene=31 tick=677 clock=4465986 updates=1 update=201 draw=7067 present=775 map=38
video: scene=31 tick=77 vblank=1149 hash=0156face
timing: frame scene=31 tick=678 clock=4474764 updates=1 update=203 draw=7066 present=776 map=38
video: scene=31 tick=78 vblank=1151 hash=0156face
timing: frame scene=31 tick=679 clock=4483542 updates=1 update=507 draw=7209 present=775 map=38
video: scene=31 tick=79 vblank=1153 hash=506c0fd4
timing: frame scene=31 tick=680 clock=4492416 updates=1 update=201 draw=7209 present=775 map=38
video: scene=31 tick=80 vblank=1155 hash=506c0fd4
timing: frame scene=31 tick=681 clock=4501099 updates=1 update=312 draw=7208 present=776 map=38
video: scene=31 tick=81 vblank=1157 hash=506c0fd4
timing: frame scene=31 tick=682 clock=4509876 updates=1 update=207 draw=7065 present=775 map=38
video: scene=31 tick=82 vblank=1159 hash=bb8b5abf
timing: frame scene=31 tick=683 clock=4518654 updates=1 update=504 draw=7067 present=775 map=38
video: scene=31 tick=83 vblank=1161 hash=bb8b5abf
timing: frame scene=31 tick=684 clock=4527432 updates=1 update=303 draw=7065 present=775 map=38
video: scene=31 tick=84 vblank=1163 hash=bb8b5abf
timing: frame scene=31 tick=685 clock=4536210 updates=1 update=304 draw=7210 present=775 map=38
video: scene=31 tick=85 vblank=1165 hash=39365515
timing: frame scene=31 tick=686 clock=4544988 updates=1 update=219 draw=7210 present=776 map=38
video: scene=31 tick=86 vblank=1167 hash=39365515
timing: frame scene=31 tick=687 clock=4553766 updates=1 update=304 draw=7208 present=776 map=38
video: scene=31 tick=87 vblank=1169 hash=39365515
timing: frame scene=31 tick=688 clock=4562544 updates=1 update=309 draw=7067 present=775 map=38
video: scene=31 tick=88 vblank=1171 hash=6a4ef88c
timing: frame scene=31 tick=689 clock=4571322 updates=1 update=308 draw=7065 present=775 map=38
video: scene=31 tick=89 vblank=1173 hash=6a4ef88c
timing: frame scene=31 tick=690 clock=4580100 updates=1 update=287 draw=7066 present=775 map=38
video: scene=31 tick=90 vblank=1175 hash=6a4ef88c
timing: frame scene=31 tick=691 clock=4588878 updates=1 update=310 draw=7208 present=776 map=38
video: scene=31 tick=91 vblank=1177 hash=ac9dfdc6
timing: frame scene=31 tick=692 clock=4597656 updates=1 update=525 draw=7210 present=776 map=38
video: scene=31 tick=92 vblank=1179 hash=ac9dfdc6
timing: frame scene=31 tick=693 clock=4606549 updates=1 update=220 draw=7210 present=775 map=38
video: scene=31 tick=93 vblank=1181 hash=ac9dfdc6
timing: frame scene=31 tick=694 clock=4615213 updates=1 update=204 draw=7066 present=776 map=38
video: scene=31 tick=94 vblank=1183 hash=777c3696
timing: frame scene=31 tick=695 clock=4623990 updates=1 update=310 draw=7067 present=776 map=38
video: scene=31 tick=95 vblank=1185 hash=777c3696
timing: frame scene=31 tick=696 clock=4632768 updates=1 update=203 draw=7066 present=776 map=38
video: scene=31 tick=96 vblank=1187 hash=777c3696
timing: frame scene=31 tick=697 clock=4641546 updates=1 update=507 draw=7208 present=776 map=38
video: scene=31 tick=97 vblank=1189 hash=077bf2c9
timing: frame scene=31 tick=698 clock=4650420 updates=1 update=201 draw=7209 present=775 map=38
video: scene=31 tick=98 vblank=1191 hash=077bf2c9
timing: frame scene=31 tick=699 clock=4659103 updates=1 update=311 draw=7208 present=775 map=38
video: scene=31 tick=99 vblank=1193 hash=077bf2c9
timing: frame scene=31 tick=700 clock=4667880 updates=1 update=206 draw=7066 present=775 map=38
video: scene=31 tick=100 vblank=1195 hash=850d0e69
timing: frame scene=31 tick=701 clock=4676658 updates=1 update=204 draw=7065 present=775 map=38
video: scene=31 tick=101 vblank=1197 hash=850d0e69
timing: frame scene=31 tick=702 clock=4685436 updates=1 update=528 draw=7067 present=775 map=38
video: scene=31 tick=102 vblank=1199 hash=850d0e69
timing: frame scene=31 tick=703 clock=4694214 updates=1 update=204 draw=7210 present=775 map=38
frame=1200 status=008f volume=ff77
video: scene=31 tick=103 vblank=1201 hash=a948d324
timing: frame scene=31 tick=704 clock=4702992 updates=1 update=202 draw=7209 present=776 map=38
video: scene=31 tick=104 vblank=1203 hash=a948d324
timing: frame scene=31 tick=705 clock=4711770 updates=1 update=202 draw=7210 present=775 map=38
video: scene=31 tick=105 vblank=1205 hash=a948d324
timing: frame scene=31 tick=706 clock=4720548 updates=1 update=208 draw=7066 present=776 map=38
video: scene=31 tick=106 vblank=1207 hash=998dd090
timing: frame scene=31 tick=707 clock=4729326 updates=1 update=204 draw=7067 present=775 map=38
video: scene=31 tick=107 vblank=1209 hash=998dd090
timing: frame scene=31 tick=708 clock=4738104 updates=1 update=206 draw=7067 present=775 map=38
video: scene=31 tick=108 vblank=1211 hash=998dd090
timing: frame scene=31 tick=709 clock=4746882 updates=1 update=208 draw=7210 present=776 map=38
video: scene=31 tick=109 vblank=1213 hash=f1515943
timing: frame scene=31 tick=710 clock=4755660 updates=1 update=204 draw=7210 present=775 map=38
video: scene=31 tick=110 vblank=1215 hash=f1515943
timing: frame scene=31 tick=711 clock=4764438 updates=1 update=535 draw=7208 present=776 map=38
video: scene=31 tick=111 vblank=1217 hash=f1515943
timing: frame scene=31 tick=712 clock=4773340 updates=1 update=203 draw=7065 present=776 map=38
video: scene=31 tick=112 vblank=1219 hash=a598295b
timing: frame scene=31 tick=713 clock=4781995 updates=1 update=311 draw=7065 present=775 map=38
video: scene=31 tick=113 vblank=1221 hash=a598295b
timing: frame scene=31 tick=714 clock=4790772 updates=1 update=202 draw=7065 present=776 map=38
video: scene=31 tick=114 vblank=1223 hash=a598295b
timing: frame scene=31 tick=715 clock=4799550 updates=1 update=491 draw=7210 present=775 map=38
video: scene=31 tick=115 vblank=1225 hash=813c0e88
timing: frame scene=31 tick=716 clock=4808409 updates=1 update=220 draw=7210 present=775 map=38
video: scene=31 tick=116 vblank=1227 hash=813c0e88
timing: frame scene=31 tick=717 clock=4817107 updates=1 update=202 draw=7210 present=775 map=38
video: scene=31 tick=117 vblank=1229 hash=813c0e88
timing: frame scene=31 tick=718 clock=4825884 updates=1 update=313 draw=7066 present=776 map=38
video: scene=31 tick=118 vblank=1231 hash=ae785671
timing: frame scene=31 tick=719 clock=4834662 updates=1 update=203 draw=7066 present=776 map=38
video: scene=31 tick=119 vblank=1233 hash=ae785671
timing: frame scene=31 tick=720 clock=4843440 updates=1 update=536 draw=7065 present=775 map=38
prof f720 ticks(avg) wait=221 upd=281 draw/render=7137 present/render=774 dump=334 total=8750 max=9226 renders=60
video: scene=31 tick=120 vblank=1235 hash=ae785671
timing: frame scene=31 tick=721 clock=4852622 updates=1 update=323 draw=7064 present=775 map=38
video: scene=31 tick=121 vblank=1237 hash=ae785671
timing: frame scene=31 tick=722 clock=4861167 updates=1 update=266 draw=7064 present=775 map=38
video: scene=31 tick=122 vblank=1239 hash=ae785671
timing: frame scene=31 tick=723 clock=4869775 updates=1 update=202 draw=7064 present=776 map=38
video: scene=31 tick=123 vblank=1241 hash=ae785671
timing: frame scene=31 tick=724 clock=4878552 updates=1 update=206 draw=7063 present=776 map=38
video: scene=31 tick=124 vblank=1243 hash=ae785671
timing: frame scene=31 tick=725 clock=4887330 updates=1 update=305 draw=7065 present=776 map=38
video: scene=31 tick=125 vblank=1245 hash=ae785671
timing: frame scene=31 tick=726 clock=4896108 updates=1 update=307 draw=7533 present=775 map=38
video: scene=31 tick=126 vblank=1247 hash=af8e7d7b
timing: frame scene=31 tick=727 clock=4905106 updates=1 update=305 draw=7535 present=798 map=38
video: scene=31 tick=127 vblank=1249 hash=af8e7d7b
timing: frame scene=31 tick=728 clock=4914104 updates=1 update=331 draw=7533 present=799 map=38
video: scene=31 tick=128 vblank=1251 hash=af8e7d7b
timing: frame scene=31 tick=729 clock=4923126 updates=1 update=498 draw=7534 present=799 map=38
video: scene=31 tick=129 vblank=1253 hash=af8e7d7b
timing: frame scene=31 tick=730 clock=4932316 updates=1 update=220 draw=7558 present=776 map=38
video: scene=31 tick=130 vblank=1255 hash=af8e7d7b
timing: frame scene=31 tick=731 clock=4941229 updates=1 update=206 draw=7558 present=775 map=38
video: scene=31 tick=131 vblank=1258 hash=448604a0
timing: frame scene=31 tick=732 clock=4953165 updates=1 update=283 draw=7535 present=775 map=38
video: scene=31 tick=132 vblank=1260 hash=448604a0
timing: frame scene=31 tick=733 clock=4962141 updates=1 update=204 draw=7535 present=775 map=38
video: scene=31 tick=133 vblank=1262 hash=448604a0
timing: frame scene=31 tick=734 clock=4971038 updates=1 update=205 draw=7535 present=798 map=38
video: scene=31 tick=134 vblank=1264 hash=448604a0
timing: frame scene=31 tick=735 clock=4979936 updates=1 update=209 draw=7535 present=798 map=38
video: scene=31 tick=135 vblank=1266 hash=448604a0
timing: frame scene=31 tick=736 clock=4988838 updates=1 update=208 draw=7065 present=775 map=38
video: scene=31 tick=136 vblank=1268 hash=75723642
timing: frame scene=31 tick=737 clock=4997269 updates=1 update=207 draw=7065 present=776 map=38
video: scene=31 tick=137 vblank=1270 hash=75723642
timing: frame scene=31 tick=738 clock=5005834 updates=1 update=207 draw=7065 present=776 map=38
video: scene=31 tick=138 vblank=1272 hash=75723642
timing: frame scene=31 tick=739 clock=5014611 updates=1 update=204 draw=7066 present=775 map=38
video: scene=31 tick=139 vblank=1274 hash=75723642
timing: frame scene=31 tick=740 clock=5023389 updates=1 update=207 draw=7065 present=775 map=38
video: scene=31 tick=140 vblank=1276 hash=75723642
timing: frame scene=31 tick=741 clock=5032167 updates=1 update=212 draw=7065 present=775 map=38
video: scene=31 tick=141 vblank=1278 hash=8e243460
timing: frame scene=31 tick=742 clock=5040945 updates=1 update=207 draw=7065 present=775 map=38
video: scene=31 tick=142 vblank=1280 hash=8e243460
timing: frame scene=31 tick=743 clock=5049723 updates=1 update=204 draw=7066 present=775 map=38
video: scene=31 tick=143 vblank=1282 hash=8e243460
timing: frame scene=31 tick=744 clock=5058501 updates=1 update=207 draw=7065 present=776 map=38
video: scene=31 tick=144 vblank=1284 hash=8e243460
timing: frame scene=31 tick=745 clock=5067279 updates=1 update=207 draw=7065 present=776 map=38
video: scene=31 tick=145 vblank=1286 hash=8e243460
timing: frame scene=31 tick=746 clock=5076057 updates=1 update=206 draw=7065 present=776 map=38
video: scene=31 tick=146 vblank=1288 hash=8e243460
timing: frame scene=31 tick=747 clock=5084835 updates=1 update=620 draw=7063 present=776 map=38
video: scene=31 tick=147 vblank=1290 hash=ae785671
timing: frame scene=31 tick=748 clock=5093677 updates=1 update=282 draw=7064 present=775 map=38
video: scene=31 tick=148 vblank=1292 hash=ae785671
timing: frame scene=31 tick=749 clock=5102392 updates=1 update=202 draw=7063 present=776 map=38
video: scene=31 tick=149 vblank=1294 hash=ae785671
timing: frame scene=31 tick=750 clock=5111169 updates=1 update=202 draw=7063 present=776 map=38
video: scene=31 tick=150 vblank=1296 hash=ae785671
timing: frame scene=31 tick=751 clock=5119947 updates=1 update=205 draw=7064 present=775 map=38
video: scene=31 tick=151 vblank=1298 hash=ae785671
timing: frame scene=31 tick=752 clock=5128725 updates=1 update=208 draw=7533 present=775 map=38
video: scene=31 tick=152 vblank=1300 hash=9573d942
timing: frame scene=31 tick=753 clock=5137622 updates=1 update=207 draw=7533 present=775 map=38
video: scene=31 tick=153 vblank=1302 hash=9573d942
timing: frame scene=31 tick=754 clock=5146520 updates=1 update=231 draw=7533 present=799 map=38
video: scene=31 tick=154 vblank=1304 hash=9573d942
timing: frame scene=31 tick=755 clock=5155442 updates=1 update=205 draw=7533 present=799 map=38
video: scene=31 tick=155 vblank=1306 hash=9573d942
timing: frame scene=31 tick=756 clock=5164338 updates=1 update=207 draw=7534 present=798 map=38
video: scene=31 tick=156 vblank=1308 hash=9573d942
timing: frame scene=31 tick=757 clock=5173237 updates=1 update=210 draw=7534 present=798 map=38
video: scene=31 tick=157 vblank=1310 hash=d595d5b2
timing: frame scene=31 tick=758 clock=5182139 updates=1 update=207 draw=7533 present=798 map=38
video: scene=31 tick=158 vblank=1312 hash=d595d5b2
timing: frame scene=31 tick=759 clock=5191037 updates=1 update=205 draw=7533 present=798 map=38
video: scene=31 tick=159 vblank=1314 hash=d595d5b2
timing: frame scene=31 tick=760 clock=5199933 updates=1 update=207 draw=7533 present=799 map=38
video: scene=31 tick=160 vblank=1316 hash=d595d5b2
timing: frame scene=31 tick=761 clock=5208832 updates=1 update=207 draw=7556 present=775 map=38
video: scene=31 tick=161 vblank=1318 hash=d595d5b2
timing: frame scene=31 tick=762 clock=5217730 updates=1 update=208 draw=7064 present=798 map=38
video: scene=31 tick=162 vblank=1320 hash=5c6dc603
timing: frame scene=31 tick=763 clock=5226160 updates=1 update=209 draw=7064 present=799 map=38
video: scene=31 tick=163 vblank=1322 hash=5c6dc603
timing: frame scene=31 tick=764 clock=5234591 updates=1 update=205 draw=7064 present=775 map=38
video: scene=31 tick=164 vblank=1324 hash=5c6dc603
timing: frame scene=31 tick=765 clock=5243018 updates=1 update=510 draw=7065 present=776 map=38
video: scene=31 tick=165 vblank=1326 hash=5c6dc603
timing: frame scene=31 tick=766 clock=5251752 updates=1 update=220 draw=7065 present=775 map=38
video: scene=31 tick=166 vblank=1328 hash=5c6dc603
timing: frame scene=31 tick=767 clock=5260396 updates=1 update=206 draw=7065 present=775 map=38
video: scene=31 tick=167 vblank=1330 hash=08560926
timing: frame scene=31 tick=768 clock=5269173 updates=1 update=202 draw=7065 present=776 map=38
video: scene=31 tick=168 vblank=1332 hash=08560926
timing: frame scene=31 tick=769 clock=5277951 updates=1 update=205 draw=7066 present=775 map=38
video: scene=31 tick=169 vblank=1334 hash=08560926
timing: frame scene=31 tick=770 clock=5286729 updates=1 update=205 draw=7065 present=775 map=38
video: scene=31 tick=170 vblank=1336 hash=08560926
timing: frame scene=31 tick=771 clock=5295507 updates=1 update=207 draw=7065 present=776 map=38
video: scene=31 tick=171 vblank=1338 hash=08560926
timing: frame scene=31 tick=772 clock=5304285 updates=1 update=209 draw=7065 present=775 map=38
video: scene=31 tick=172 vblank=1340 hash=08560926
timing: frame scene=31 tick=773 clock=5313063 updates=1 update=205 draw=7066 present=775 map=38
video: scene=31 tick=173 vblank=1342 hash=08560926
timing: frame scene=31 tick=774 clock=5321841 updates=1 update=209 draw=7066 present=775 map=38
video: scene=31 tick=174 vblank=1344 hash=08560926
timing: frame scene=31 tick=775 clock=5330619 updates=1 update=204 draw=7066 present=775 map=38
video: scene=31 tick=175 vblank=1346 hash=08560926
timing: frame scene=31 tick=776 clock=5339397 updates=1 update=205 draw=7065 present=775 map=38
video: scene=31 tick=176 vblank=1348 hash=08560926
timing: frame scene=31 tick=777 clock=5348175 updates=1 update=209 draw=7065 present=776 map=38
video: scene=31 tick=177 vblank=1350 hash=08560926
timing: frame scene=31 tick=778 clock=5356953 updates=1 update=204 draw=7066 present=775 map=38
video: scene=31 tick=178 vblank=1352 hash=08560926
timing: frame scene=31 tick=779 clock=5365731 updates=1 update=207 draw=7065 present=775 map=38
video: scene=31 tick=179 vblank=1354 hash=08560926
timing: frame scene=31 tick=780 clock=5374509 updates=1 update=207 draw=7065 present=776 map=38
prof f780 ticks(avg) wait=241 upd=236 draw/render=7222 present/render=779 dump=335 total=8816 max=11991 renders=60
video: scene=31 tick=180 vblank=1356 hash=08560926
timing: frame scene=31 tick=781 clock=5383364 updates=1 update=204 draw=7065 present=776 map=38
video: scene=31 tick=181 vblank=1358 hash=08560926
timing: frame scene=31 tick=782 clock=5392066 updates=1 update=207 draw=7065 present=776 map=38
video: scene=31 tick=182 vblank=1360 hash=08560926
timing: frame scene=31 tick=783 clock=5400843 updates=1 update=331 draw=7066 present=775 map=38
video: scene=31 tick=183 vblank=1362 hash=ae785671
timing: frame scene=31 tick=784 clock=5409621 updates=1 update=557 draw=7066 present=775 map=38
video: scene=31 tick=184 vblank=1364 hash=ae785671
timing: frame scene=31 tick=785 clock=5418402 updates=1 update=300 draw=7065 present=775 map=38
video: scene=31 tick=185 vblank=1366 hash=ae785671
timing: frame scene=31 tick=786 clock=5427178 updates=1 update=284 draw=7065 present=775 map=38
video: scene=31 tick=186 vblank=1368 hash=ae785671
timing: frame scene=31 tick=787 clock=5435955 updates=1 update=300 draw=7065 present=776 map=38
video: scene=31 tick=187 vblank=1370 hash=ae785671
timing: frame scene=31 tick=788 clock=5444733 updates=1 update=307 draw=7535 present=775 map=38
video: scene=31 tick=188 vblank=1372 hash=af8e7d7b
timing: frame scene=31 tick=789 clock=5453733 updates=1 update=302 draw=7535 present=798 map=38
video: scene=31 tick=189 vblank=1374 hash=af8e7d7b
timing: frame scene=31 tick=790 clock=5462728 updates=1 update=280 draw=7534 present=799 map=38
video: scene=31 tick=190 vblank=1376 hash=af8e7d7b
timing: frame scene=31 tick=791 clock=5471700 updates=1 update=305 draw=7535 present=798 map=38
video: scene=31 tick=191 vblank=1378 hash=af8e7d7b
timing: frame scene=31 tick=792 clock=5480698 updates=1 update=305 draw=7534 present=799 map=38
video: scene=31 tick=192 vblank=1380 hash=af8e7d7b
timing: frame scene=31 tick=793 clock=5489695 updates=1 update=313 draw=7558 present=775 map=38
video: scene=31 tick=193 vblank=1383 hash=448604a0
timing: frame scene=31 tick=794 clock=5501790 updates=1 update=384 draw=7535 present=775 map=38
video: scene=31 tick=194 vblank=1385 hash=448604a0
timing: frame scene=31 tick=795 clock=5510867 updates=1 update=307 draw=7535 present=798 map=38
video: scene=31 tick=195 vblank=1387 hash=448604a0
timing: frame scene=31 tick=796 clock=5519867 updates=1 update=307 draw=7535 present=798 map=38
video: scene=31 tick=196 vblank=1389 hash=448604a0
timing: frame scene=31 tick=797 clock=5528867 updates=1 update=289 draw=7535 present=798 map=38
video: scene=31 tick=197 vblank=1391 hash=448604a0
timing: frame scene=31 tick=798 clock=5537849 updates=1 update=308 draw=7065 present=798 map=38
video: scene=31 tick=198 vblank=1393 hash=75723642
timing: frame scene=31 tick=799 clock=5546380 updates=1 update=307 draw=7065 present=799 map=38
video: scene=31 tick=199 vblank=1395 hash=75723642
timing: frame scene=31 tick=800 clock=5554910 updates=1 update=307 draw=7066 present=775 map=38
video: scene=31 tick=200 vblank=1397 hash=75723642
timing: frame scene=31 tick=801 clock=5563441 updates=1 update=224 draw=7065 present=775 map=38
video: scene=31 tick=201 vblank=1399 hash=75723642
timing: frame scene=31 tick=802 clock=5572015 updates=1 update=522 draw=7065 present=775 map=38
video: scene=31 tick=202 vblank=1401 hash=75723642
timing: frame scene=31 tick=803 clock=5580792 updates=1 update=205 draw=7066 present=775 map=38
video: scene=31 tick=203 vblank=1403 hash=8e243460
timing: frame scene=31 tick=804 clock=5589570 updates=1 update=311 draw=7065 present=776 map=38
video: scene=31 tick=204 vblank=1405 hash=8e243460
timing: frame scene=31 tick=805 clock=5598348 updates=1 update=203 draw=7065 present=775 map=38
video: scene=31 tick=205 vblank=1407 hash=8e243460
timing: frame scene=31 tick=806 clock=5607126 updates=1 update=489 draw=7065 present=776 map=38
video: scene=31 tick=206 vblank=1409 hash=8e243460
timing: frame scene=31 tick=807 clock=5615904 updates=1 update=220 draw=7065 present=775 map=38
video: scene=31 tick=207 vblank=1411 hash=8e243460
timing: frame scene=31 tick=808 clock=5624682 updates=1 update=204 draw=7065 present=776 map=38
video: scene=31 tick=208 vblank=1413 hash=8e243460
timing: frame scene=31 tick=809 clock=5633460 updates=1 update=434 draw=7066 present=775 map=38
video: scene=31 tick=209 vblank=1415 hash=ae785671
timing: frame scene=31 tick=810 clock=5642238 updates=1 update=268 draw=7065 present=775 map=38
video: scene=31 tick=210 vblank=1417 hash=ae785671
timing: frame scene=31 tick=811 clock=5651016 updates=1 update=495 draw=7065 present=776 map=38
video: scene=31 tick=211 vblank=1419 hash=ae785671
timing: frame scene=31 tick=812 clock=5659794 updates=1 update=201 draw=7066 present=775 map=38
video: scene=31 tick=212 vblank=1421 hash=ae785671
timing: frame scene=31 tick=813 clock=5668572 updates=1 update=201 draw=7066 present=775 map=38
video: scene=31 tick=213 vblank=1423 hash=ae785671
timing: frame scene=31 tick=814 clock=5677350 updates=1 update=205 draw=7535 present=776 map=38
video: scene=31 tick=214 vblank=1425 hash=9573d942
timing: frame scene=31 tick=815 clock=5686248 updates=1 update=208 draw=7535 present=776 map=38
video: scene=31 tick=215 vblank=1427 hash=9573d942
timing: frame scene=31 tick=816 clock=5695149 updates=1 update=260 draw=7534 present=799 map=38
video: scene=31 tick=216 vblank=1429 hash=9573d942
timing: frame scene=31 tick=817 clock=5704101 updates=1 update=205 draw=7535 present=798 map=38
video: scene=31 tick=217 vblank=1431 hash=9573d942
timing: frame scene=31 tick=818 clock=5712999 updates=1 update=209 draw=7535 present=799 map=38
video: scene=31 tick=218 vblank=1433 hash=9573d942
timing: frame scene=31 tick=819 clock=5721901 updates=1 update=208 draw=7535 present=798 map=38
video: scene=31 tick=219 vblank=1435 hash=d595d5b2
timing: frame scene=31 tick=820 clock=5730802 updates=1 update=511 draw=7558 present=776 map=38
video: scene=31 tick=220 vblank=1437 hash=d595d5b2
timing: frame scene=31 tick=821 clock=5740006 updates=1 update=220 draw=7558 present=776 map=38
video: scene=31 tick=221 vblank=1440 hash=d595d5b2
timing: frame scene=31 tick=822 clock=5751963 updates=1 update=389 draw=7535 present=775 map=38
video: scene=31 tick=222 vblank=1442 hash=d595d5b2
timing: frame scene=31 tick=823 clock=5761045 updates=1 update=205 draw=7535 present=798 map=38
video: scene=31 tick=223 vblank=1444 hash=d595d5b2
timing: frame scene=31 tick=824 clock=5769943 updates=1 update=490 draw=7065 present=799 map=38
video: scene=31 tick=224 vblank=1446 hash=5c6dc603
timing: frame scene=31 tick=825 clock=5778656 updates=1 update=220 draw=7066 present=775 map=38
video: scene=31 tick=225 vblank=1448 hash=5c6dc603
timing: frame scene=31 tick=826 clock=5787100 updates=1 update=311 draw=7065 present=775 map=38
video: scene=31 tick=226 vblank=1450 hash=5c6dc603
timing: frame scene=31 tick=827 clock=5795854 updates=1 update=202 draw=7065 present=776 map=38
video: scene=31 tick=227 vblank=1452 hash=5c6dc603
timing: frame scene=31 tick=828 clock=5804631 updates=1 update=203 draw=7066 present=775 map=38
video: scene=31 tick=228 vblank=1454 hash=5c6dc603
timing: frame scene=31 tick=829 clock=5813409 updates=1 update=532 draw=7065 present=775 map=38
video: scene=31 tick=229 vblank=1456 hash=08560926
timing: frame scene=31 tick=830 clock=5822187 updates=1 update=302 draw=7065 present=776 map=38
video: scene=31 tick=230 vblank=1458 hash=08560926
timing: frame scene=31 tick=831 clock=5830965 updates=1 update=302 draw=7065 present=776 map=38
video: scene=31 tick=231 vblank=1460 hash=08560926
timing: frame scene=31 tick=832 clock=5839743 updates=1 update=285 draw=7065 present=775 map=38
video: scene=31 tick=232 vblank=1462 hash=08560926
timing: frame scene=31 tick=833 clock=5848521 updates=1 update=306 draw=7065 present=776 map=38
video: scene=31 tick=233 vblank=1464 hash=08560926
timing: frame scene=31 tick=834 clock=5857299 updates=1 update=309 draw=7065 present=776 map=38
video: scene=31 tick=234 vblank=1466 hash=08560926
timing: frame scene=31 tick=835 clock=5866077 updates=1 update=226 draw=7065 present=775 map=38
video: scene=31 tick=235 vblank=1468 hash=08560926
timing: frame scene=31 tick=836 clock=5874855 updates=1 update=305 draw=7065 present=775 map=38
video: scene=31 tick=236 vblank=1470 hash=08560926
timing: frame scene=31 tick=837 clock=5883633 updates=1 update=307 draw=7065 present=776 map=38
video: scene=31 tick=237 vblank=1472 hash=08560926
timing: frame scene=31 tick=838 clock=5892411 updates=1 update=528 draw=7065 present=776 map=38
video: scene=31 tick=238 vblank=1474 hash=08560926
timing: frame scene=31 tick=839 clock=5901189 updates=1 update=202 draw=7065 present=776 map=38
video: scene=31 tick=239 vblank=1476 hash=08560926
timing: frame scene=31 tick=840 clock=5909967 updates=1 update=311 draw=7065 present=775 map=38
prof f840 ticks(avg) wait=256 upd=302 draw/render=7223 present/render=780 dump=334 total=8896 max=12144 renders=60
video: scene=31 tick=240 vblank=1478 hash=08560926
timing: frame scene=31 tick=841 clock=5918924 updates=1 update=205 draw=7065 present=776 map=38
video: scene=31 tick=241 vblank=1480 hash=08560926
timing: frame scene=31 tick=842 clock=5927524 updates=1 update=487 draw=7066 present=775 map=38
video: scene=31 tick=242 vblank=1482 hash=08560926
timing: frame scene=31 tick=843 clock=5936301 updates=1 update=220 draw=7065 present=776 map=38
video: scene=31 tick=243 vblank=1484 hash=08560926
timing: frame scene=31 tick=844 clock=5945079 updates=1 update=202 draw=7065 present=775 map=38
video: scene=31 tick=244 vblank=1486 hash=08560926
timing: frame scene=31 tick=845 clock=5953857 updates=1 update=311 draw=7065 present=776 map=38
video: scene=31 tick=245 vblank=1488 hash=08560926
timing: frame scene=31 tick=846 clock=5962635 updates=1 update=203 draw=7065 present=776 map=38
video: scene=31 tick=246 vblank=1490 hash=08560926
timing: frame scene=31 tick=847 clock=5971413 updates=1 update=518 draw=7065 present=776 map=38
video: scene=31 tick=247 vblank=1492 hash=08560926
timing: frame scene=31 tick=848 clock=5980191 updates=1 update=220 draw=7065 present=775 map=38
video: scene=31 tick=248 vblank=1494 hash=08560926
timing: frame scene=31 tick=849 clock=5988969 updates=1 update=202 draw=7065 present=776 map=38
video: scene=31 tick=249 vblank=1496 hash=08560926
timing: frame scene=31 tick=850 clock=5997747 updates=1 update=202 draw=7065 present=776 map=38
video: scene=31 tick=250 vblank=1498 hash=08560926
timing: frame scene=31 tick=851 clock=6006525 updates=1 update=205 draw=7066 present=775 map=38
video: scene=31 tick=251 vblank=1500 hash=08560926
frame=1500 status=008f volume=ff77
timing: frame scene=31 tick=852 clock=6015303 updates=1 update=205 draw=7065 present=775 map=38
video: scene=31 tick=252 vblank=1502 hash=08560926
timing: frame scene=31 tick=853 clock=6024081 updates=1 update=207 draw=7065 present=775 map=38
video: scene=31 tick=253 vblank=1504 hash=08560926
timing: frame scene=31 tick=854 clock=6032859 updates=1 update=207 draw=7065 present=776 map=38
video: scene=31 tick=254 vblank=1506 hash=08560926
timing: frame scene=31 tick=855 clock=6041637 updates=1 update=205 draw=7065 present=775 map=38
video: scene=31 tick=255 vblank=1508 hash=08560926
timing: frame scene=31 tick=856 clock=6050415 updates=1 update=520 draw=7065 present=775 map=38
video: scene=31 tick=256 vblank=1510 hash=08560926
timing: frame scene=31 tick=857 clock=6059193 updates=1 update=220 draw=7065 present=776 map=38
video: scene=31 tick=257 vblank=1512 hash=08560926
timing: frame scene=31 tick=858 clock=6067971 updates=1 update=202 draw=7065 present=776 map=38
video: scene=31 tick=258 vblank=1514 hash=08560926
timing: frame scene=31 tick=859 clock=6076749 updates=1 update=311 draw=7065 present=776 map=38
video: scene=31 tick=259 vblank=1516 hash=08560926
timing: frame scene=31 tick=860 clock=6085527 updates=1 update=203 draw=7065 present=776 map=38
video: scene=31 tick=260 vblank=1518 hash=08560926
timing: frame scene=31 tick=861 clock=6094305 updates=1 update=506 draw=7065 present=775 map=38
video: scene=31 tick=261 vblank=1520 hash=08560926
timing: frame scene=31 tick=862 clock=6103083 updates=1 update=202 draw=7065 present=776 map=38
video: scene=31 tick=262 vblank=1522 hash=08560926
timing: frame scene=31 tick=863 clock=6111861 updates=1 update=311 draw=7065 present=775 map=38
video: scene=31 tick=263 vblank=1524 hash=08560926
timing: frame scene=31 tick=864 clock=6120639 updates=1 update=203 draw=7065 present=775 map=38
video: scene=31 tick=264 vblank=1526 hash=08560926
timing: frame scene=31 tick=865 clock=6129417 updates=1 update=535 draw=7077 present=776 map=38
video: scene=31 tick=265 vblank=1528 hash=3a3ae404
timing: frame scene=31 tick=866 clock=6138195 updates=1 update=240 draw=7077 present=776 map=38
video: scene=31 tick=266 vblank=1530 hash=3a3ae404
timing: frame scene=31 tick=867 clock=6146973 updates=1 update=240 draw=7077 present=775 map=38
video: scene=31 tick=267 vblank=1532 hash=3a3ae404
timing: frame scene=31 tick=868 clock=6155751 updates=1 update=203 draw=7220 present=776 map=38
video: scene=31 tick=268 vblank=1534 hash=2aeb37b4
timing: frame scene=31 tick=869 clock=6164529 updates=1 update=243 draw=7220 present=776 map=38
video: scene=31 tick=269 vblank=1536 hash=2aeb37b4
timing: frame scene=31 tick=870 clock=6173307 updates=1 update=223 draw=7220 present=776 map=38
video: scene=31 tick=270 vblank=1538 hash=2aeb37b4
timing: frame scene=31 tick=871 clock=6182085 updates=1 update=208 draw=7077 present=775 map=38
video: scene=31 tick=271 vblank=1540 hash=ae38a22c
timing: frame scene=31 tick=872 clock=6190863 updates=1 update=204 draw=7077 present=776 map=38
video: scene=31 tick=272 vblank=1542 hash=ae38a22c
timing: frame scene=31 tick=873 clock=6199641 updates=1 update=207 draw=7077 present=775 map=38
video: scene=31 tick=273 vblank=1544 hash=ae38a22c
timing: frame scene=31 tick=874 clock=6208419 updates=1 update=208 draw=7220 present=775 map=38
video: scene=31 tick=274 vblank=1546 hash=19a84dfc
timing: frame scene=31 tick=875 clock=6217197 updates=1 update=438 draw=7221 present=775 map=38
video: scene=31 tick=275 vblank=1548 hash=19a84dfc
timing: frame scene=31 tick=876 clock=6226014 updates=1 update=202 draw=7220 present=775 map=38
video: scene=31 tick=276 vblank=1550 hash=19a84dfc
timing: frame scene=31 tick=877 clock=6234754 updates=1 update=222 draw=7077 present=775 map=38
video: scene=31 tick=277 vblank=1552 hash=889975d4
timing: frame scene=31 tick=878 clock=6243531 updates=1 update=203 draw=7077 present=776 map=38
video: scene=31 tick=278 vblank=1554 hash=889975d4
timing: frame scene=31 tick=879 clock=6252309 updates=1 update=204 draw=7077 present=776 map=38
video: scene=31 tick=279 vblank=1556 hash=889975d4
timing: frame scene=31 tick=880 clock=6261087 updates=1 update=208 draw=7077 present=775 map=38
video: scene=31 tick=280 vblank=1558 hash=889975d4
timing: frame scene=31 tick=881 clock=6269865 updates=1 update=207 draw=7077 present=775 map=38
video: scene=31 tick=281 vblank=1560 hash=889975d4
timing: frame scene=31 tick=882 clock=6278643 updates=1 update=207 draw=7077 present=775 map=38
video: scene=31 tick=282 vblank=1562 hash=889975d4
timing: frame scene=31 tick=883 clock=6287421 updates=1 update=204 draw=7078 present=775 map=38
video: scene=31 tick=283 vblank=1564 hash=889975d4
timing: frame scene=31 tick=884 clock=6296199 updates=1 update=207 draw=7077 present=775 map=38
video: scene=31 tick=284 vblank=1566 hash=889975d4
timing: frame scene=31 tick=885 clock=6304977 updates=1 update=207 draw=7077 present=775 map=38
video: scene=31 tick=285 vblank=1568 hash=889975d4
timing: frame scene=31 tick=886 clock=6313755 updates=1 update=204 draw=7077 present=776 map=38
video: scene=31 tick=286 vblank=1570 hash=889975d4
timing: frame scene=31 tick=887 clock=6322533 updates=1 update=209 draw=7077 present=776 map=38
video: scene=31 tick=287 vblank=1572 hash=889975d4
timing: frame scene=31 tick=888 clock=6331311 updates=1 update=204 draw=7077 present=776 map=38
video: scene=31 tick=288 vblank=1574 hash=889975d4
timing: frame scene=31 tick=889 clock=6340089 updates=1 update=204 draw=7078 present=775 map=38
video: scene=31 tick=289 vblank=1576 hash=889975d4
timing: frame scene=31 tick=890 clock=6348867 updates=1 update=209 draw=7077 present=775 map=38
video: scene=31 tick=290 vblank=1578 hash=889975d4
timing: frame scene=31 tick=891 clock=6357645 updates=1 update=205 draw=7077 present=775 map=38
video: scene=31 tick=291 vblank=1580 hash=889975d4
timing: frame scene=31 tick=892 clock=6366423 updates=1 update=207 draw=7077 present=775 map=38
video: scene=31 tick=292 vblank=1582 hash=889975d4
timing: frame scene=31 tick=893 clock=6375201 updates=1 update=289 draw=7077 present=776 map=38
video: scene=31 tick=293 vblank=1584 hash=889975d4
timing: frame scene=31 tick=894 clock=6383979 updates=1 update=222 draw=7077 present=776 map=38
video: scene=31 tick=294 vblank=1586 hash=889975d4
timing: frame scene=31 tick=895 clock=6392757 updates=1 update=207 draw=7077 present=775 map=38
video: scene=31 tick=295 vblank=1588 hash=889975d4
timing: frame scene=31 tick=896 clock=6401535 updates=1 update=207 draw=7077 present=775 map=38
video: scene=31 tick=296 vblank=1590 hash=889975d4
timing: frame scene=31 tick=897 clock=6410313 updates=1 update=207 draw=7077 present=775 map=38
video: scene=31 tick=297 vblank=1592 hash=889975d4
timing: frame scene=31 tick=898 clock=6419091 updates=1 update=204 draw=7077 present=776 map=38
video: scene=31 tick=298 vblank=1594 hash=889975d4
timing: frame scene=31 tick=899 clock=6427869 updates=1 update=207 draw=7077 present=775 map=38
video: scene=31 tick=299 vblank=1596 hash=889975d4
timing: frame scene=31 tick=900 clock=6436647 updates=1 update=206 draw=7078 present=775 map=38
prof f900 ticks(avg) wait=308 upd=244 draw/render=7087 present/render=774 dump=332 total=8747 max=9100 renders=60
video: scene=31 tick=300 vblank=1598 hash=889975d4
timing: frame scene=31 tick=901 clock=6445510 updates=1 update=204 draw=7077 present=776 map=38
video: scene=31 tick=301 vblank=1600 hash=889975d4
timing: frame scene=31 tick=902 clock=6454204 updates=1 update=209 draw=7077 present=776 map=38
video: scene=31 tick=302 vblank=1602 hash=889975d4
timing: frame scene=31 tick=903 clock=6462981 updates=1 update=204 draw=7077 present=776 map=38
video: scene=31 tick=303 vblank=1604 hash=889975d4
timing: frame scene=31 tick=904 clock=6471759 updates=1 update=204 draw=7078 present=775 map=38
video: scene=31 tick=304 vblank=1606 hash=889975d4
timing: frame scene=31 tick=905 clock=6480537 updates=1 update=209 draw=7077 present=775 map=38
video: scene=31 tick=305 vblank=1608 hash=889975d4
timing: frame scene=31 tick=906 clock=6489315 updates=1 update=204 draw=7077 present=776 map=38
video: scene=31 tick=306 vblank=1610 hash=889975d4
timing: frame scene=31 tick=907 clock=6498093 updates=1 update=207 draw=7077 present=775 map=38
video: scene=31 tick=307 vblank=1612 hash=889975d4
timing: frame scene=31 tick=908 clock=6506871 updates=1 update=207 draw=7077 present=775 map=38
video: scene=31 tick=308 vblank=1614 hash=889975d4
timing: frame scene=31 tick=909 clock=6515649 updates=1 update=204 draw=7077 present=776 map=38
video: scene=31 tick=309 vblank=1616 hash=889975d4
timing: frame scene=31 tick=910 clock=6524427 updates=1 update=298 draw=7078 present=776 map=38
video: scene=31 tick=310 vblank=1618 hash=6c32a74a
timing: frame scene=31 tick=911 clock=6533205 updates=1 update=494 draw=7079 present=775 map=38
video: scene=31 tick=311 vblank=1620 hash=6c32a74a
timing: frame scene=31 tick=912 clock=6541983 updates=1 update=240 draw=7078 present=776 map=38
video: scene=31 tick=312 vblank=1622 hash=6c32a74a
timing: frame scene=31 tick=913 clock=6550761 updates=1 update=203 draw=7222 present=775 map=38
video: scene=31 tick=313 vblank=1624 hash=8ff3cbea
timing: frame scene=31 tick=914 clock=6559539 updates=1 update=324 draw=7222 present=775 map=38
video: scene=31 tick=314 vblank=1626 hash=8ff3cbea
timing: frame scene=31 tick=915 clock=6568317 updates=1 update=203 draw=7222 present=775 map=38
video: scene=31 tick=315 vblank=1628 hash=8ff3cbea
timing: frame scene=31 tick=916 clock=6577095 updates=1 update=208 draw=7078 present=776 map=38
video: scene=31 tick=316 vblank=1630 hash=bf63ef72
timing: frame scene=31 tick=917 clock=6585873 updates=1 update=204 draw=7079 present=775 map=38
video: scene=31 tick=317 vblank=1632 hash=bf63ef72
timing: frame scene=31 tick=918 clock=6594651 updates=1 update=209 draw=7078 present=776 map=38
video: scene=31 tick=318 vblank=1634 hash=bf63ef72
timing: frame scene=31 tick=919 clock=6603429 updates=1 update=206 draw=7221 present=776 map=38
video: scene=31 tick=319 vblank=1636 hash=ab99f279
timing: frame scene=31 tick=920 clock=6612207 updates=1 update=247 draw=7221 present=776 map=38
video: scene=31 tick=320 vblank=1638 hash=ab99f279
timing: frame scene=31 tick=921 clock=6620985 updates=1 update=211 draw=7221 present=776 map=38
video: scene=31 tick=321 vblank=1640 hash=ab99f279
timing: frame scene=31 tick=922 clock=6629763 updates=1 update=206 draw=7079 present=775 map=38
video: scene=31 tick=322 vblank=1642 hash=218479c3
timing: frame scene=31 tick=923 clock=6638541 updates=1 update=207 draw=7078 present=776 map=38
video: scene=31 tick=323 vblank=1644 hash=218479c3
timing: frame scene=31 tick=924 clock=6647319 updates=1 update=207 draw=7079 present=775 map=38
video: scene=31 tick=324 vblank=1646 hash=218479c3
timing: frame scene=31 tick=925 clock=6656097 updates=1 update=206 draw=7222 present=775 map=38
video: scene=31 tick=325 vblank=1648 hash=217b9b68
timing: frame scene=31 tick=926 clock=6664875 updates=1 update=207 draw=7222 present=775 map=38
video: scene=31 tick=326 vblank=1650 hash=217b9b68
timing: frame scene=31 tick=927 clock=6673653 updates=1 update=207 draw=7222 present=775 map=38
video: scene=31 tick=327 vblank=1652 hash=217b9b68
timing: frame scene=31 tick=928 clock=6682431 updates=1 update=208 draw=7079 present=775 map=38
video: scene=31 tick=328 vblank=1654 hash=049eabab
timing: frame scene=31 tick=929 clock=6691209 updates=1 update=205 draw=7078 present=776 map=38
video: scene=31 tick=329 vblank=1656 hash=049eabab
timing: frame scene=31 tick=930 clock=6699987 updates=1 update=207 draw=7079 present=775 map=38
video: scene=31 tick=330 vblank=1658 hash=049eabab
timing: frame scene=31 tick=931 clock=6708765 updates=1 update=208 draw=7222 present=776 map=38
video: scene=31 tick=331 vblank=1660 hash=d57c7114
timing: frame scene=31 tick=932 clock=6717543 updates=1 update=243 draw=7222 present=775 map=38
video: scene=31 tick=332 vblank=1662 hash=d57c7114
timing: frame scene=31 tick=933 clock=6726321 updates=1 update=209 draw=7222 present=775 map=38
video: scene=31 tick=333 vblank=1664 hash=d57c7114
timing: frame scene=31 tick=934 clock=6735099 updates=1 update=206 draw=7079 present=775 map=38
video: scene=31 tick=334 vblank=1666 hash=555ba5f5
timing: frame scene=31 tick=935 clock=6743877 updates=1 update=205 draw=7078 present=776 map=38
video: scene=31 tick=335 vblank=1668 hash=555ba5f5
timing: frame scene=31 tick=936 clock=6752655 updates=1 update=210 draw=7078 present=776 map=38
video: scene=31 tick=336 vblank=1670 hash=555ba5f5
timing: frame scene=31 tick=937 clock=6761433 updates=1 update=319 draw=9274 present=775 map=38
video: scene=31 tick=337 vblank=1673 hash=0464e4dc
timing: frame scene=31 tick=938 clock=6774600 updates=1 update=351 draw=7083 present=775 map=38
video: scene=31 tick=338 vblank=1675 hash=0464e4dc
timing: frame scene=31 tick=939 clock=6783378 updates=1 update=207 draw=7083 present=775 map=38
video: scene=31 tick=339 vblank=1677 hash=0464e4dc
timing: frame scene=31 tick=940 clock=6792156 updates=1 update=207 draw=7083 present=775 map=38
video: scene=31 tick=340 vblank=1679 hash=0464e4dc
timing: frame scene=31 tick=941 clock=6800934 updates=1 update=205 draw=7082 present=776 map=38
video: scene=31 tick=341 vblank=1681 hash=0464e4dc
timing: frame scene=31 tick=942 clock=6809712 updates=1 update=211 draw=7555 present=775 map=38
video: scene=31 tick=342 vblank=1683 hash=ef69ee18
timing: frame scene=31 tick=943 clock=6818636 updates=1 update=207 draw=7556 present=775 map=38
video: scene=31 tick=343 vblank=1685 hash=ef69ee18
timing: frame scene=31 tick=944 clock=6827557 updates=1 update=230 draw=7555 present=798 map=38
video: scene=31 tick=344 vblank=1687 hash=ef69ee18
timing: frame scene=31 tick=945 clock=6836500 updates=1 update=210 draw=7556 present=798 map=38
video: scene=31 tick=345 vblank=1689 hash=ef69ee18
timing: frame scene=31 tick=946 clock=6845424 updates=1 update=205 draw=7556 present=798 map=38
video: scene=31 tick=346 vblank=1691 hash=ef69ee18
timing: frame scene=31 tick=947 clock=6854343 updates=1 update=209 draw=7555 present=798 map=38
video: scene=31 tick=347 vblank=1693 hash=c334ff80
timing: frame scene=31 tick=948 clock=6863265 updates=1 update=254 draw=7555 present=799 map=38
video: scene=31 tick=348 vblank=1695 hash=c334ff80
timing: frame scene=31 tick=949 clock=6872232 updates=1 update=191 draw=7579 present=775 map=38
video: scene=31 tick=349 vblank=1697 hash=c334ff80
timing: frame scene=31 tick=950 clock=6881137 updates=1 update=191 draw=7579 present=775 map=38
video: scene=31 tick=350 vblank=1700 hash=c334ff80
timing: frame scene=31 tick=951 clock=6893103 updates=1 update=263 draw=7555 present=776 map=38
video: scene=31 tick=351 vblank=1702 hash=c334ff80
timing: frame scene=31 tick=952 clock=6902080 updates=1 update=194 draw=6620 present=775 map=38
video: scene=31 tick=352 vblank=1704 hash=ebafd92b
timing: frame scene=31 tick=953 clock=6910660 updates=1 update=191 draw=6620 present=775 map=38
video: scene=31 tick=353 vblank=1706 hash=ebafd92b
timing: frame scene=31 tick=954 clock=6919437 updates=1 update=191 draw=6620 present=775 map=38
video: scene=31 tick=354 vblank=1708 hash=ebafd92b
timing: frame scene=31 tick=955 clock=6928215 updates=1 update=191 draw=6620 present=775 map=38
video: scene=31 tick=355 vblank=1710 hash=ebafd92b
timing: frame scene=31 tick=956 clock=6936993 updates=1 update=191 draw=6620 present=775 map=38
video: scene=31 tick=356 vblank=1712 hash=ebafd92b
timing: frame scene=31 tick=957 clock=6945771 updates=1 update=194 draw=6620 present=776 map=38
video: scene=31 tick=357 vblank=1714 hash=d59670b5
timing: frame scene=31 tick=958 clock=6954549 updates=1 update=191 draw=6620 present=775 map=38
video: scene=31 tick=358 vblank=1716 hash=d59670b5
timing: frame scene=31 tick=959 clock=6963327 updates=1 update=191 draw=6620 present=775 map=38
video: scene=31 tick=359 vblank=1718 hash=d59670b5
timing: frame scene=31 tick=960 clock=6972105 updates=1 update=191 draw=6620 present=775 map=38
prof f960 ticks(avg) wait=401 upd=220 draw/render=7155 present/render=776 dump=333 total=8887 max=12017 renders=60
video: scene=31 tick=360 vblank=1720 hash=d59670b5
timing: frame scene=31 tick=961 clock=6980883 updates=1 update=191 draw=6620 present=775 map=38
video: scene=31 tick=361 vblank=1722 hash=d59670b5
timing: frame scene=31 tick=962 clock=6989661 updates=1 update=193 draw=6620 present=775 map=38
video: scene=31 tick=362 vblank=1724 hash=d59670b5
timing: frame scene=31 tick=963 clock=6998439 updates=1 update=190 draw=6620 present=775 map=38
video: scene=31 tick=363 vblank=1726 hash=d59670b5
timing: frame scene=31 tick=964 clock=7007217 updates=1 update=190 draw=6620 present=775 map=38
video: scene=31 tick=364 vblank=1728 hash=d59670b5
timing: frame scene=31 tick=965 clock=7015995 updates=1 update=190 draw=6620 present=775 map=38
video: scene=31 tick=365 vblank=1730 hash=d59670b5
timing: frame scene=31 tick=966 clock=7024773 updates=1 update=190 draw=6619 present=776 map=38
video: scene=31 tick=366 vblank=1732 hash=d59670b5
timing: frame scene=31 tick=967 clock=7033551 updates=1 update=190 draw=6619 present=776 map=38
video: scene=31 tick=367 vblank=1734 hash=d59670b5
timing: frame scene=31 tick=968 clock=7042329 updates=1 update=190 draw=6620 present=775 map=38
video: scene=31 tick=368 vblank=1736 hash=d59670b5
timing: frame scene=31 tick=969 clock=7051107 updates=1 update=190 draw=6619 present=776 map=38
video: scene=31 tick=369 vblank=1738 hash=d59670b5
timing: frame scene=31 tick=970 clock=7059885 updates=1 update=190 draw=6620 present=775 map=38
video: scene=31 tick=370 vblank=1740 hash=d59670b5
timing: frame scene=31 tick=971 clock=7068663 updates=1 update=190 draw=6620 present=775 map=38
video: scene=31 tick=371 vblank=1742 hash=d59670b5
timing: frame scene=31 tick=972 clock=7077441 updates=1 update=190 draw=6620 present=775 map=38
video: scene=31 tick=372 vblank=1744 hash=d59670b5
timing: frame scene=31 tick=973 clock=7086219 updates=1 update=190 draw=6620 present=775 map=38
video: scene=31 tick=373 vblank=1746 hash=d59670b5
timing: frame scene=31 tick=974 clock=7094997 updates=1 update=190 draw=6619 present=776 map=38
video: scene=31 tick=374 vblank=1748 hash=d59670b5
timing: frame scene=31 tick=975 clock=7103775 updates=1 update=190 draw=6619 present=776 map=38
video: scene=31 tick=375 vblank=1750 hash=d59670b5
timing: frame scene=31 tick=976 clock=7112553 updates=1 update=190 draw=6619 present=776 map=38
video: scene=31 tick=376 vblank=1752 hash=d59670b5
timing: frame scene=31 tick=977 clock=7121331 updates=1 update=190 draw=6619 present=776 map=38
video: scene=31 tick=377 vblank=1754 hash=d59670b5
timing: frame scene=31 tick=978 clock=7130109 updates=1 update=190 draw=6620 present=775 map=38
video: scene=31 tick=378 vblank=1756 hash=d59670b5
timing: frame scene=31 tick=979 clock=7138887 updates=1 update=190 draw=6620 present=775 map=38
video: scene=31 tick=379 vblank=1758 hash=d59670b5
timing: frame scene=31 tick=980 clock=7147665 updates=1 update=190 draw=6620 present=775 map=38
video: scene=31 tick=380 vblank=1760 hash=d59670b5
timing: frame scene=31 tick=981 clock=7156443 updates=1 update=191 draw=6620 present=775 map=38
video: scene=31 tick=381 vblank=1762 hash=d59670b5
timing: frame scene=31 tick=982 clock=7165221 updates=1 update=190 draw=6619 present=776 map=38
video: scene=31 tick=382 vblank=1764 hash=d59670b5
timing: frame scene=31 tick=983 clock=7173999 updates=1 update=190 draw=6619 present=776 map=38
video: scene=31 tick=383 vblank=1766 hash=d59670b5
timing: frame scene=31 tick=984 clock=7182777 updates=1 update=190 draw=6619 present=776 map=38
video: scene=31 tick=384 vblank=1768 hash=d59670b5
timing: frame scene=31 tick=985 clock=7191555 updates=1 update=190 draw=6619 present=776 map=38
video: scene=31 tick=385 vblank=1770 hash=d59670b5
timing: frame scene=31 tick=986 clock=7200333 updates=1 update=190 draw=6619 present=776 map=38
video: scene=31 tick=386 vblank=1772 hash=d59670b5
timing: frame scene=31 tick=987 clock=7209111 updates=1 update=190 draw=6620 present=775 map=38
video: scene=31 tick=387 vblank=1774 hash=d59670b5
timing: frame scene=31 tick=988 clock=7217889 updates=1 update=190 draw=6620 present=775 map=38
video: scene=31 tick=388 vblank=1776 hash=d59670b5
timing: frame scene=31 tick=989 clock=7226667 updates=1 update=190 draw=6619 present=776 map=38
video: scene=31 tick=389 vblank=1778 hash=d59670b5
timing: frame scene=31 tick=990 clock=7235445 updates=1 update=190 draw=6620 present=775 map=38
video: scene=31 tick=390 vblank=1780 hash=d59670b5
timing: frame scene=31 tick=991 clock=7244223 updates=1 update=190 draw=6620 present=775 map=38
video: scene=31 tick=391 vblank=1782 hash=d59670b5
timing: frame scene=31 tick=992 clock=7253001 updates=1 update=192 draw=6620 present=775 map=38
video: scene=31 tick=392 vblank=1784 hash=d59670b5
timing: frame scene=31 tick=993 clock=7261779 updates=1 update=190 draw=6620 present=775 map=38
video: scene=31 tick=393 vblank=1786 hash=d59670b5
timing: frame scene=31 tick=994 clock=7270557 updates=1 update=190 draw=6620 present=775 map=38
video: scene=31 tick=394 vblank=1788 hash=d59670b5
timing: frame scene=31 tick=995 clock=7279335 updates=1 update=191 draw=6763 present=776 map=38
video: scene=31 tick=395 vblank=1790 hash=540bcd93
timing: frame scene=31 tick=996 clock=7288113 updates=1 update=190 draw=6763 present=775 map=38
video: scene=31 tick=396 vblank=1792 hash=540bcd93
timing: frame scene=31 tick=997 clock=7296891 updates=1 update=190 draw=6763 present=775 map=38
video: scene=31 tick=397 vblank=1794 hash=540bcd93
timing: frame scene=31 tick=998 clock=7305669 updates=1 update=191 draw=6620 present=775 map=38
video: scene=31 tick=398 vblank=1796 hash=2a090141
timing: frame scene=31 tick=999 clock=7314447 updates=1 update=190 draw=6620 present=775 map=38
video: scene=31 tick=399 vblank=1798 hash=2a090141
timing: frame scene=31 tick=1000 clock=7323225 updates=1 update=190 draw=6620 present=775 map=38
video: scene=31 tick=400 vblank=1800 hash=2a090141
frame=1800 status=0080 volume=0077
timing: frame scene=31 tick=1001 clock=7332003 updates=1 update=191 draw=6763 present=776 map=38
video: scene=31 tick=401 vblank=1802 hash=dde8049f
timing: frame scene=31 tick=1002 clock=7340781 updates=1 update=190 draw=6763 present=776 map=38
video: scene=31 tick=402 vblank=1804 hash=dde8049f
timing: frame scene=31 tick=1003 clock=7349559 updates=1 update=190 draw=6763 present=775 map=38
video: scene=31 tick=403 vblank=1806 hash=dde8049f
timing: frame scene=31 tick=1004 clock=7358337 updates=1 update=191 draw=6620 present=775 map=38
video: scene=31 tick=404 vblank=1808 hash=65a11280
timing: frame scene=31 tick=1005 clock=7367115 updates=1 update=190 draw=6620 present=775 map=38
video: scene=31 tick=405 vblank=1810 hash=65a11280
timing: frame scene=31 tick=1006 clock=7375893 updates=1 update=190 draw=6620 present=775 map=38
video: scene=31 tick=406 vblank=1812 hash=65a11280
timing: frame scene=31 tick=1007 clock=7384671 updates=1 update=191 draw=6605 present=776 map=38
video: scene=31 tick=407 vblank=1814 hash=c5489db2
timing: frame scene=31 tick=1008 clock=7393449 updates=1 update=190 draw=6605 present=775 map=38
video: scene=31 tick=408 vblank=1816 hash=c5489db2
timing: frame scene=31 tick=1009 clock=7402227 updates=1 update=190 draw=6605 present=775 map=38
video: scene=31 tick=409 vblank=1818 hash=c5489db2
timing: frame scene=31 tick=1010 clock=7411005 updates=1 update=190 draw=6605 present=775 map=38
video: scene=31 tick=410 vblank=1820 hash=c5489db2
timing: frame scene=31 tick=1011 clock=7419783 updates=1 update=190 draw=6605 present=775 map=38
video: scene=31 tick=411 vblank=1822 hash=c5489db2
timing: frame scene=31 tick=1012 clock=7428561 updates=1 update=190 draw=6605 present=775 map=38
video: scene=31 tick=412 vblank=1824 hash=c5489db2
timing: frame scene=31 tick=1013 clock=7437339 updates=1 update=190 draw=6605 present=775 map=38
video: scene=31 tick=413 vblank=1826 hash=c5489db2
timing: frame scene=31 tick=1014 clock=7446117 updates=1 update=190 draw=6605 present=775 map=38
video: scene=31 tick=414 vblank=1828 hash=c5489db2
timing: frame scene=31 tick=1015 clock=7454895 updates=1 update=190 draw=6605 present=775 map=38
video: scene=31 tick=415 vblank=1830 hash=c5489db2
timing: frame scene=31 tick=1016 clock=7463673 updates=1 update=190 draw=6605 present=775 map=38
video: scene=31 tick=416 vblank=1832 hash=c5489db2
timing: frame scene=31 tick=1017 clock=7472451 updates=1 update=190 draw=6605 present=775 map=38
video: scene=31 tick=417 vblank=1834 hash=c5489db2
timing: frame scene=31 tick=1018 clock=7481229 updates=1 update=190 draw=6605 present=775 map=38
video: scene=31 tick=418 vblank=1836 hash=c5489db2
timing: frame scene=31 tick=1019 clock=7490007 updates=1 update=190 draw=6605 present=775 map=38
video: scene=31 tick=419 vblank=1838 hash=c5489db2
timing: frame scene=31 tick=1020 clock=7498785 updates=1 update=190 draw=6605 present=775 map=38
prof f1020 ticks(avg) wait=818 upd=190 draw/render=6630 present/render=774 dump=334 total=8748 max=8900 renders=60
video: scene=31 tick=420 vblank=1840 hash=c5489db2
timing: frame scene=31 tick=1021 clock=7507563 updates=1 update=190 draw=6605 present=775 map=38
video: scene=31 tick=421 vblank=1842 hash=c5489db2
timing: frame scene=31 tick=1022 clock=7516341 updates=1 update=190 draw=6605 present=775 map=38
video: scene=31 tick=422 vblank=1844 hash=c5489db2
timing: frame scene=31 tick=1023 clock=7525119 updates=1 update=190 draw=6605 present=775 map=38
video: scene=31 tick=423 vblank=1846 hash=c5489db2
timing: frame scene=31 tick=1024 clock=7533897 updates=1 update=190 draw=6605 present=775 map=38
video: scene=31 tick=424 vblank=1848 hash=c5489db2
timing: frame scene=31 tick=1025 clock=7542675 updates=1 update=190 draw=6605 present=775 map=38
video: scene=31 tick=425 vblank=1850 hash=c5489db2
timing: frame scene=31 tick=1026 clock=7551453 updates=1 update=190 draw=6605 present=775 map=38
video: scene=31 tick=426 vblank=1852 hash=c5489db2
timing: frame scene=31 tick=1027 clock=7560231 updates=1 update=190 draw=6605 present=775 map=38
video: scene=31 tick=427 vblank=1854 hash=c5489db2
timing: frame scene=31 tick=1028 clock=7569009 updates=1 update=190 draw=6605 present=775 map=38
video: scene=31 tick=428 vblank=1856 hash=c5489db2
timing: frame scene=31 tick=1029 clock=7577787 updates=1 update=190 draw=6605 present=775 map=38
video: scene=31 tick=429 vblank=1858 hash=c5489db2
timing: frame scene=31 tick=1030 clock=7586565 updates=1 update=190 draw=6605 present=775 map=38
video: scene=31 tick=430 vblank=1860 hash=c5489db2
timing: frame scene=31 tick=1031 clock=7595343 updates=1 update=190 draw=6605 present=775 map=38
video: scene=31 tick=431 vblank=1862 hash=c5489db2
timing: frame scene=31 tick=1032 clock=7604121 updates=1 update=190 draw=6605 present=775 map=38
video: scene=31 tick=432 vblank=1864 hash=c5489db2
timing: frame scene=31 tick=1033 clock=7612899 updates=1 update=190 draw=6605 present=775 map=38
video: scene=31 tick=433 vblank=1866 hash=c5489db2
timing: frame scene=31 tick=1034 clock=7621677 updates=1 update=190 draw=6605 present=775 map=38
video: scene=31 tick=434 vblank=1868 hash=c5489db2
timing: frame scene=31 tick=1035 clock=7630455 updates=1 update=190 draw=6605 present=775 map=38
video: scene=31 tick=435 vblank=1870 hash=c5489db2
timing: frame scene=31 tick=1036 clock=7639233 updates=1 update=190 draw=6605 present=775 map=38
video: scene=31 tick=436 vblank=1872 hash=c5489db2
timing: frame scene=31 tick=1037 clock=7648011 updates=1 update=190 draw=6605 present=775 map=38
video: scene=31 tick=437 vblank=1874 hash=c5489db2
timing: frame scene=31 tick=1038 clock=7656789 updates=1 update=190 draw=6605 present=775 map=38
video: scene=31 tick=438 vblank=1876 hash=c5489db2
timing: frame scene=31 tick=1039 clock=7665567 updates=1 update=190 draw=6605 present=775 map=38
video: scene=31 tick=439 vblank=1878 hash=c5489db2
timing: frame scene=31 tick=1040 clock=7674345 updates=1 update=190 draw=6605 present=775 map=38
video: scene=31 tick=440 vblank=1880 hash=c5489db2
timing: frame scene=31 tick=1041 clock=7683123 updates=1 update=191 draw=6605 present=775 map=38
video: scene=31 tick=441 vblank=1882 hash=c5489db2
timing: frame scene=31 tick=1042 clock=7691901 updates=1 update=190 draw=6605 present=775 map=38
video: scene=31 tick=442 vblank=1884 hash=c5489db2
timing: frame scene=31 tick=1043 clock=7700679 updates=1 update=190 draw=6605 present=775 map=38
video: scene=31 tick=443 vblank=1886 hash=c5489db2
timing: frame scene=31 tick=1044 clock=7709457 updates=1 update=190 draw=6605 present=775 map=38
video: scene=31 tick=444 vblank=1888 hash=c5489db2
timing: frame scene=31 tick=1045 clock=7718235 updates=1 update=190 draw=6605 present=775 map=38
video: scene=31 tick=445 vblank=1890 hash=c5489db2
timing: frame scene=31 tick=1046 clock=7727013 updates=1 update=190 draw=6605 present=775 map=38
video: scene=31 tick=446 vblank=1892 hash=c5489db2
timing: frame scene=31 tick=1047 clock=7735791 updates=1 update=190 draw=6605 present=775 map=38
video: scene=31 tick=447 vblank=1894 hash=c5489db2
timing: frame scene=31 tick=1048 clock=7744569 updates=1 update=190 draw=6605 present=775 map=38
video: scene=31 tick=448 vblank=1896 hash=c5489db2
timing: frame scene=31 tick=1049 clock=7753347 updates=1 update=190 draw=6605 present=775 map=38
video: scene=31 tick=449 vblank=1898 hash=c5489db2
timing: frame scene=31 tick=1050 clock=7762125 updates=1 update=190 draw=6605 present=775 map=38
video: scene=31 tick=450 vblank=1900 hash=c5489db2
timing: frame scene=31 tick=1051 clock=7770903 updates=1 update=190 draw=6605 present=775 map=38
video: scene=31 tick=451 vblank=1902 hash=c5489db2
timing: frame scene=31 tick=1052 clock=7779681 updates=1 update=190 draw=6605 present=775 map=38
video: scene=31 tick=452 vblank=1904 hash=c5489db2
timing: frame scene=31 tick=1053 clock=7788459 updates=1 update=190 draw=6605 present=775 map=38
video: scene=31 tick=453 vblank=1906 hash=c5489db2
timing: frame scene=31 tick=1054 clock=7797237 updates=1 update=190 draw=6605 present=775 map=38
video: scene=31 tick=454 vblank=1908 hash=c5489db2
timing: frame scene=31 tick=1055 clock=7806015 updates=1 update=190 draw=6605 present=775 map=38
video: scene=31 tick=455 vblank=1910 hash=c5489db2
timing: frame scene=31 tick=1056 clock=7814793 updates=1 update=190 draw=6605 present=775 map=38
video: scene=31 tick=456 vblank=1912 hash=c5489db2
timing: frame scene=31 tick=1057 clock=7823571 updates=1 update=190 draw=6605 present=775 map=38
video: scene=31 tick=457 vblank=1914 hash=c5489db2
timing: frame scene=31 tick=1058 clock=7832349 updates=1 update=190 draw=6605 present=775 map=38
video: scene=31 tick=458 vblank=1916 hash=c5489db2
timing: frame scene=31 tick=1059 clock=7841127 updates=1 update=190 draw=6605 present=775 map=38
video: scene=31 tick=459 vblank=1918 hash=c5489db2
timing: frame scene=31 tick=1060 clock=7849905 updates=1 update=190 draw=6605 present=775 map=38
video: scene=31 tick=460 vblank=1920 hash=c5489db2
timing: frame scene=31 tick=1061 clock=7858683 updates=1 update=190 draw=6605 present=775 map=38
video: scene=31 tick=461 vblank=1922 hash=c5489db2
timing: frame scene=31 tick=1062 clock=7867461 updates=1 update=190 draw=6605 present=775 map=38
video: scene=31 tick=462 vblank=1924 hash=c5489db2
timing: frame scene=31 tick=1063 clock=7876239 updates=1 update=190 draw=6605 present=775 map=38
video: scene=31 tick=463 vblank=1926 hash=c5489db2
timing: frame scene=31 tick=1064 clock=7885017 updates=1 update=190 draw=6605 present=775 map=38
video: scene=31 tick=464 vblank=1928 hash=c5489db2
timing: frame scene=31 tick=1065 clock=7893795 updates=1 update=190 draw=6605 present=775 map=38
video: scene=31 tick=465 vblank=1930 hash=c5489db2
timing: frame scene=31 tick=1066 clock=7902573 updates=1 update=190 draw=6605 present=775 map=38
video: scene=31 tick=466 vblank=1932 hash=c5489db2
timing: frame scene=31 tick=1067 clock=7911351 updates=1 update=305 draw=7071 present=776 map=38
video: scene=31 tick=467 vblank=1934 hash=ae785671
timing: frame scene=31 tick=1068 clock=7920129 updates=1 update=254 draw=7077 present=775 map=38
video: scene=31 tick=468 vblank=1936 hash=ae785671
timing: frame scene=31 tick=1069 clock=7928907 updates=1 update=189 draw=7077 present=775 map=38
video: scene=31 tick=469 vblank=1938 hash=ae785671
timing: frame scene=31 tick=1070 clock=7937685 updates=1 update=189 draw=7077 present=775 map=38
video: scene=31 tick=470 vblank=1940 hash=ae785671
timing: frame scene=31 tick=1071 clock=7946463 updates=1 update=189 draw=7077 present=775 map=38
video: scene=31 tick=471 vblank=1942 hash=ae785671
timing: frame scene=31 tick=1072 clock=7955241 updates=1 update=193 draw=7546 present=775 map=38
video: scene=31 tick=472 vblank=1944 hash=f10e6355
timing: frame scene=31 tick=1073 clock=7964146 updates=1 update=189 draw=7547 present=775 map=38
video: scene=31 tick=473 vblank=1946 hash=f10e6355
timing: frame scene=31 tick=1074 clock=7973047 updates=1 update=214 draw=7547 present=798 map=38
video: scene=31 tick=474 vblank=1948 hash=f10e6355
timing: frame scene=31 tick=1075 clock=7981974 updates=1 update=190 draw=7546 present=799 map=38
video: scene=31 tick=475 vblank=1950 hash=f10e6355
timing: frame scene=31 tick=1076 clock=7990876 updates=1 update=190 draw=7547 present=798 map=38
video: scene=31 tick=476 vblank=1952 hash=f10e6355
timing: frame scene=31 tick=1077 clock=7999779 updates=1 update=193 draw=7546 present=799 map=38
video: scene=31 tick=477 vblank=1954 hash=7d828056
timing: frame scene=31 tick=1078 clock=8008684 updates=1 update=190 draw=7547 present=798 map=38
video: scene=31 tick=478 vblank=1956 hash=7d828056
timing: frame scene=31 tick=1079 clock=8017587 updates=1 update=190 draw=7546 present=799 map=38
video: scene=31 tick=479 vblank=1958 hash=7d828056
timing: frame scene=31 tick=1080 clock=8026489 updates=1 update=190 draw=7570 present=775 map=38
prof f1080 ticks(avg) wait=685 upd=192 draw/render=6786 present/render=776 dump=338 total=8780 max=9337 renders=60
video: scene=31 tick=480 vblank=1961 hash=7d828056
timing: frame scene=31 tick=1081 clock=8038632 updates=1 update=262 draw=7547 present=775 map=38
video: scene=31 tick=481 vblank=1963 hash=7d828056
timing: frame scene=31 tick=1082 clock=8047607 updates=1 update=193 draw=7077 present=776 map=38
video: scene=31 tick=482 vblank=1965 hash=034c24aa
timing: frame scene=31 tick=1083 clock=8056189 updates=1 update=190 draw=7077 present=776 map=38
video: scene=31 tick=483 vblank=1967 hash=034c24aa
timing: frame scene=31 tick=1084 clock=8064966 updates=1 update=190 draw=7077 present=776 map=38
video: scene=31 tick=484 vblank=1969 hash=034c24aa
timing: frame scene=31 tick=1085 clock=8073744 updates=1 update=190 draw=7077 present=775 map=38
video: scene=31 tick=485 vblank=1971 hash=034c24aa
timing: frame scene=31 tick=1086 clock=8082522 updates=1 update=190 draw=7077 present=775 map=38
video: scene=31 tick=486 vblank=1973 hash=034c24aa
timing: frame scene=31 tick=1087 clock=8091300 updates=1 update=193 draw=6607 present=775 map=38
video: scene=31 tick=487 vblank=1975 hash=0e787c8b
timing: frame scene=31 tick=1088 clock=8100078 updates=1 update=190 draw=6607 present=775 map=38
video: scene=31 tick=488 vblank=1977 hash=0e787c8b
timing: frame scene=31 tick=1089 clock=8108856 updates=1 update=190 draw=6606 present=776 map=38
video: scene=31 tick=489 vblank=1979 hash=0e787c8b
timing: frame scene=31 tick=1090 clock=8117634 updates=1 update=190 draw=6606 present=776 map=38
video: scene=31 tick=490 vblank=1981 hash=0e787c8b
timing: frame scene=31 tick=1091 clock=8126412 updates=1 update=190 draw=6606 present=776 map=38
video: scene=31 tick=491 vblank=1983 hash=0e787c8b
timing: frame scene=31 tick=1092 clock=8135190 updates=1 update=192 draw=6606 present=776 map=38
video: scene=31 tick=492 vblank=1985 hash=0e787c8b
timing: frame scene=31 tick=1093 clock=8143968 updates=1 update=305 draw=7077 present=775 map=38
video: scene=31 tick=493 vblank=1987 hash=ae785671
timing: frame scene=31 tick=1094 clock=8152746 updates=1 update=254 draw=7077 present=775 map=38
video: scene=31 tick=494 vblank=1989 hash=ae785671
timing: frame scene=31 tick=1095 clock=8161524 updates=1 update=189 draw=7077 present=775 map=38
video: scene=31 tick=495 vblank=1991 hash=ae785671
timing: frame scene=31 tick=1096 clock=8170302 updates=1 update=189 draw=7077 present=775 map=38
video: scene=31 tick=496 vblank=1993 hash=ae785671
timing: frame scene=31 tick=1097 clock=8179080 updates=1 update=189 draw=7077 present=775 map=38
video: scene=31 tick=497 vblank=1995 hash=ae785671
timing: frame scene=31 tick=1098 clock=8187858 updates=1 update=193 draw=7546 present=775 map=38
video: scene=31 tick=498 vblank=1997 hash=1c9e76d2
timing: frame scene=31 tick=1099 clock=8196763 updates=1 update=190 draw=7546 present=775 map=38
video: scene=31 tick=499 vblank=1999 hash=1c9e76d2
timing: frame scene=31 tick=1100 clock=8205666 updates=1 update=213 draw=7547 present=798 map=38
video: scene=31 tick=500 vblank=2001 hash=1c9e76d2
timing: frame scene=31 tick=1101 clock=8214590 updates=1 update=191 draw=7547 present=798 map=38
video: scene=31 tick=501 vblank=2003 hash=1c9e76d2
timing: frame scene=31 tick=1102 clock=8223492 updates=1 update=190 draw=7546 present=799 map=38
video: scene=31 tick=502 vblank=2005 hash=1c9e76d2
timing: frame scene=31 tick=1103 clock=8232393 updates=1 update=193 draw=7547 present=798 map=38
video: scene=31 tick=503 vblank=2007 hash=d29f886b
timing: frame scene=31 tick=1104 clock=8241297 updates=1 update=190 draw=7546 present=799 map=38
video: scene=31 tick=504 vblank=2009 hash=d29f886b
timing: frame scene=31 tick=1105 clock=8250197 updates=1 update=190 draw=7547 present=798 map=38
video: scene=31 tick=505 vblank=2011 hash=d29f886b
timing: frame scene=31 tick=1106 clock=8259098 updates=1 update=190 draw=7570 present=775 map=38
video: scene=31 tick=506 vblank=2013 hash=d29f886b
timing: frame scene=31 tick=1107 clock=8267999 updates=1 update=190 draw=7570 present=775 map=38
video: scene=31 tick=507 vblank=2015 hash=d29f886b
timing: frame scene=31 tick=1108 clock=8276900 updates=1 update=193 draw=7077 present=799 map=38
video: scene=31 tick=508 vblank=2017 hash=62cef16b
timing: frame scene=31 tick=1109 clock=8285337 updates=1 update=190 draw=7077 present=798 map=38
video: scene=31 tick=509 vblank=2019 hash=62cef16b
timing: frame scene=31 tick=1110 clock=8293770 updates=1 update=190 draw=7077 present=776 map=38
video: scene=31 tick=510 vblank=2021 hash=62cef16b
timing: frame scene=31 tick=1111 clock=8302204 updates=1 update=190 draw=7077 present=775 map=38
video: scene=31 tick=511 vblank=2023 hash=62cef16b
timing: frame scene=31 tick=1112 clock=8310751 updates=1 update=190 draw=7077 present=776 map=38
video: scene=31 tick=512 vblank=2025 hash=62cef16b
timing: frame scene=31 tick=1113 clock=8319528 updates=1 update=193 draw=6607 present=775 map=38
video: scene=31 tick=513 vblank=2027 hash=09ef7c5b
timing: frame scene=31 tick=1114 clock=8328306 updates=1 update=190 draw=6606 present=776 map=38
video: scene=31 tick=514 vblank=2029 hash=09ef7c5b
timing: frame scene=31 tick=1115 clock=8337084 updates=1 update=190 draw=6606 present=776 map=38
video: scene=31 tick=515 vblank=2031 hash=09ef7c5b
timing: frame scene=31 tick=1116 clock=8345862 updates=1 update=190 draw=6606 present=776 map=38
video: scene=31 tick=516 vblank=2033 hash=09ef7c5b
timing: frame scene=31 tick=1117 clock=8354640 updates=1 update=190 draw=6607 present=775 map=38
video: scene=31 tick=517 vblank=2035 hash=09ef7c5b
timing: frame scene=31 tick=1118 clock=8363418 updates=1 update=192 draw=6606 present=776 map=38
video: scene=31 tick=518 vblank=2037 hash=09ef7c5b
timing: frame scene=31 tick=1119 clock=8372196 updates=1 update=191 draw=6606 present=776 map=38
video: scene=31 tick=519 vblank=2039 hash=09ef7c5b
timing: frame scene=31 tick=1120 clock=8380974 updates=1 update=190 draw=6606 present=776 map=38
video: scene=31 tick=520 vblank=2041 hash=09ef7c5b
timing: frame scene=31 tick=1121 clock=8389752 updates=1 update=190 draw=6606 present=776 map=38
video: scene=31 tick=521 vblank=2043 hash=09ef7c5b
timing: frame scene=31 tick=1122 clock=8398530 updates=1 update=190 draw=6607 present=775 map=38
video: scene=31 tick=522 vblank=2045 hash=09ef7c5b
timing: frame scene=31 tick=1123 clock=8407308 updates=1 update=190 draw=6606 present=776 map=38
video: scene=31 tick=523 vblank=2047 hash=09ef7c5b
timing: frame scene=31 tick=1124 clock=8416086 updates=1 update=190 draw=6606 present=776 map=38
video: scene=31 tick=524 vblank=2049 hash=09ef7c5b
timing: frame scene=31 tick=1125 clock=8424864 updates=1 update=190 draw=6606 present=776 map=38
video: scene=31 tick=525 vblank=2051 hash=09ef7c5b
timing: frame scene=31 tick=1126 clock=8433642 updates=1 update=190 draw=6606 present=776 map=38
video: scene=31 tick=526 vblank=2053 hash=09ef7c5b
timing: frame scene=31 tick=1127 clock=8442420 updates=1 update=190 draw=6607 present=775 map=38
video: scene=31 tick=527 vblank=2055 hash=09ef7c5b
timing: frame scene=31 tick=1128 clock=8451198 updates=1 update=190 draw=6606 present=776 map=38
video: scene=31 tick=528 vblank=2057 hash=09ef7c5b
timing: frame scene=31 tick=1129 clock=8459976 updates=1 update=190 draw=6607 present=775 map=38
video: scene=31 tick=529 vblank=2059 hash=09ef7c5b
timing: frame scene=31 tick=1130 clock=8468754 updates=1 update=190 draw=6606 present=776 map=38
video: scene=31 tick=530 vblank=2061 hash=09ef7c5b
timing: frame scene=31 tick=1131 clock=8477532 updates=1 update=190 draw=6607 present=775 map=38
video: scene=31 tick=531 vblank=2063 hash=09ef7c5b
timing: frame scene=31 tick=1132 clock=8486310 updates=1 update=190 draw=6606 present=776 map=38
video: scene=31 tick=532 vblank=2065 hash=09ef7c5b
timing: frame scene=31 tick=1133 clock=8495088 updates=1 update=190 draw=6606 present=776 map=38
video: scene=31 tick=533 vblank=2067 hash=09ef7c5b
timing: frame scene=31 tick=1134 clock=8503866 updates=1 update=190 draw=6607 present=775 map=38
video: scene=31 tick=534 vblank=2069 hash=09ef7c5b
timing: frame scene=31 tick=1135 clock=8512644 updates=1 update=190 draw=6607 present=775 map=38
video: scene=31 tick=535 vblank=2071 hash=09ef7c5b
timing: frame scene=31 tick=1136 clock=8521422 updates=1 update=190 draw=6607 present=775 map=38
video: scene=31 tick=536 vblank=2073 hash=09ef7c5b
timing: frame scene=31 tick=1137 clock=8530200 updates=1 update=190 draw=6606 present=776 map=38
video: scene=31 tick=537 vblank=2075 hash=09ef7c5b
timing: frame scene=31 tick=1138 clock=8538978 updates=1 update=190 draw=6606 present=776 map=38
video: scene=31 tick=538 vblank=2077 hash=09ef7c5b
timing: frame scene=31 tick=1139 clock=8547756 updates=1 update=194 draw=7063 present=775 map=38
video: scene=31 tick=539 vblank=2079 hash=562c56be
timing: frame scene=31 tick=1140 clock=8556534 updates=1 update=190 draw=7067 present=776 map=38
prof f1140 ticks(avg) wait=569 upd=194 draw/render=6912 present/render=777 dump=339 total=8795 max=11763 renders=60
video: scene=31 tick=540 vblank=2081 hash=562c56be
timing: frame scene=31 tick=1141 clock=8565388 updates=1 update=190 draw=7068 present=775 map=38
video: scene=31 tick=541 vblank=2083 hash=562c56be
timing: frame scene=31 tick=1142 clock=8574091 updates=1 update=190 draw=7068 present=775 map=38
video: scene=31 tick=542 vblank=2085 hash=562c56be
timing: frame scene=31 tick=1143 clock=8582868 updates=1 update=190 draw=7067 present=776 map=38
video: scene=31 tick=543 vblank=2087 hash=562c56be
timing: frame scene=31 tick=1144 clock=8591646 updates=1 update=193 draw=7068 present=776 map=38
video: scene=31 tick=544 vblank=2089 hash=da807914
timing: frame scene=31 tick=1145 clock=8600424 updates=1 update=190 draw=7067 present=776 map=38
video: scene=31 tick=545 vblank=2091 hash=da807914
timing: frame scene=31 tick=1146 clock=8609202 updates=1 update=190 draw=7068 present=775 map=38
video: scene=31 tick=546 vblank=2093 hash=da807914
timing: frame scene=31 tick=1147 clock=8617980 updates=1 update=190 draw=7067 present=776 map=38
video: scene=31 tick=547 vblank=2095 hash=da807914
timing: frame scene=31 tick=1148 clock=8626758 updates=1 update=190 draw=7068 present=775 map=38
video: scene=31 tick=548 vblank=2097 hash=da807914
timing: frame scene=31 tick=1149 clock=8635536 updates=1 update=193 draw=7068 present=775 map=38
video: scene=31 tick=549 vblank=2099 hash=da807914
timing: frame scene=31 tick=1150 clock=8644314 updates=1 update=190 draw=7068 present=775 map=38
frame=2100 status=0080 volume=0077
video: scene=31 tick=550 vblank=2101 hash=da807914
timing: frame scene=31 tick=1151 clock=8653092 updates=1 update=190 draw=7068 present=775 map=38
video: scene=31 tick=551 vblank=2103 hash=da807914
timing: frame scene=31 tick=1152 clock=8661870 updates=1 update=190 draw=7068 present=775 map=38
video: scene=31 tick=552 vblank=2105 hash=da807914
timing: frame scene=31 tick=1153 clock=8670648 updates=1 update=190 draw=7068 present=775 map=38
video: scene=31 tick=553 vblank=2107 hash=da807914
timing: frame scene=31 tick=1154 clock=8679426 updates=1 update=193 draw=7068 present=775 map=38
video: scene=31 tick=554 vblank=2109 hash=562c56be
timing: frame scene=31 tick=1155 clock=8688204 updates=1 update=190 draw=7068 present=775 map=38
video: scene=31 tick=555 vblank=2111 hash=562c56be
timing: frame scene=31 tick=1156 clock=8696982 updates=1 update=190 draw=7068 present=775 map=38
video: scene=31 tick=556 vblank=2113 hash=562c56be
timing: frame scene=31 tick=1157 clock=8705760 updates=1 update=190 draw=7067 present=776 map=38
video: scene=31 tick=557 vblank=2115 hash=562c56be
timing: frame scene=31 tick=1158 clock=8714538 updates=1 update=190 draw=7068 present=775 map=38
video: scene=31 tick=558 vblank=2117 hash=562c56be
timing: frame scene=31 tick=1159 clock=8723316 updates=1 update=192 draw=7067 present=776 map=38
video: scene=31 tick=559 vblank=2119 hash=562c56be
timing: frame scene=31 tick=1160 clock=8732094 updates=1 update=190 draw=7068 present=775 map=38
video: scene=31 tick=560 vblank=2121 hash=562c56be
timing: frame scene=31 tick=1161 clock=8740872 updates=1 update=191 draw=7068 present=775 map=38
video: scene=31 tick=561 vblank=2123 hash=562c56be
timing: frame scene=31 tick=1162 clock=8749650 updates=1 update=190 draw=7068 present=775 map=38
video: scene=31 tick=562 vblank=2125 hash=562c56be
timing: frame scene=31 tick=1163 clock=8758428 updates=1 update=190 draw=7068 present=775 map=38
video: scene=31 tick=563 vblank=2127 hash=562c56be
timing: frame scene=31 tick=1164 clock=8767206 updates=1 update=190 draw=7068 present=775 map=38
video: scene=31 tick=564 vblank=2129 hash=562c56be
timing: frame scene=31 tick=1165 clock=8775984 updates=1 update=190 draw=7068 present=775 map=38
video: scene=31 tick=565 vblank=2131 hash=562c56be
timing: frame scene=31 tick=1166 clock=8784762 updates=1 update=190 draw=7068 present=775 map=38
video: scene=31 tick=566 vblank=2133 hash=562c56be
timing: frame scene=31 tick=1167 clock=8793540 updates=1 update=190 draw=7068 present=775 map=38
video: scene=31 tick=567 vblank=2135 hash=562c56be
timing: frame scene=31 tick=1168 clock=8802318 updates=1 update=190 draw=7068 present=775 map=38
video: scene=31 tick=568 vblank=2137 hash=562c56be
timing: frame scene=31 tick=1169 clock=8811096 updates=1 update=190 draw=7068 present=775 map=38
video: scene=31 tick=569 vblank=2139 hash=562c56be
timing: frame scene=31 tick=1170 clock=8819874 updates=1 update=190 draw=7068 present=775 map=38
video: scene=31 tick=570 vblank=2141 hash=562c56be
timing: frame scene=31 tick=1171 clock=8828652 updates=1 update=190 draw=7068 present=775 map=38
video: scene=31 tick=571 vblank=2143 hash=562c56be
timing: frame scene=31 tick=1172 clock=8837430 updates=1 update=190 draw=7068 present=775 map=38
video: scene=31 tick=572 vblank=2145 hash=562c56be
timing: frame scene=31 tick=1173 clock=8846208 updates=1 update=190 draw=7068 present=775 map=38
video: scene=31 tick=573 vblank=2147 hash=562c56be
timing: frame scene=31 tick=1174 clock=8854986 updates=1 update=190 draw=7068 present=775 map=38
video: scene=31 tick=574 vblank=2149 hash=562c56be
timing: frame scene=31 tick=1175 clock=8863764 updates=1 update=190 draw=7068 present=775 map=38
video: scene=31 tick=575 vblank=2151 hash=562c56be
timing: frame scene=31 tick=1176 clock=8872542 updates=1 update=190 draw=7068 present=775 map=38
video: scene=31 tick=576 vblank=2153 hash=562c56be
timing: frame scene=31 tick=1177 clock=8881320 updates=1 update=190 draw=7068 present=775 map=38
video: scene=31 tick=577 vblank=2155 hash=562c56be
timing: frame scene=31 tick=1178 clock=8890098 updates=1 update=190 draw=7068 present=775 map=38
video: scene=31 tick=578 vblank=2157 hash=562c56be
timing: frame scene=31 tick=1179 clock=8898876 updates=1 update=190 draw=7068 present=775 map=38
video: scene=31 tick=579 vblank=2159 hash=562c56be
timing: frame scene=31 tick=1180 clock=8907654 updates=1 update=190 draw=7068 present=775 map=38
video: scene=31 tick=580 vblank=2161 hash=562c56be
timing: frame scene=31 tick=1181 clock=8916432 updates=1 update=190 draw=7068 present=775 map=38
video: scene=31 tick=581 vblank=2163 hash=562c56be
timing: frame scene=31 tick=1182 clock=8925210 updates=1 update=190 draw=7068 present=775 map=38
video: scene=31 tick=582 vblank=2165 hash=562c56be
timing: frame scene=31 tick=1183 clock=8933988 updates=1 update=190 draw=7068 present=775 map=38
video: scene=31 tick=583 vblank=2167 hash=562c56be
timing: frame scene=31 tick=1184 clock=8942766 updates=1 update=190 draw=7068 present=775 map=38
video: scene=31 tick=584 vblank=2169 hash=562c56be
timing: frame scene=31 tick=1185 clock=8951544 updates=1 update=190 draw=7068 present=775 map=38
video: scene=31 tick=585 vblank=2171 hash=562c56be
timing: frame scene=31 tick=1186 clock=8960322 updates=1 update=190 draw=7068 present=775 map=38
video: scene=31 tick=586 vblank=2173 hash=562c56be
timing: frame scene=31 tick=1187 clock=8969100 updates=1 update=190 draw=7068 present=775 map=38
video: scene=31 tick=587 vblank=2175 hash=562c56be
timing: frame scene=31 tick=1188 clock=8977878 updates=1 update=190 draw=7068 present=775 map=38
video: scene=31 tick=588 vblank=2177 hash=562c56be
timing: frame scene=31 tick=1189 clock=8986656 updates=1 update=190 draw=7068 present=775 map=38
video: scene=31 tick=589 vblank=2179 hash=562c56be
timing: frame scene=31 tick=1190 clock=8995434 updates=1 update=295 draw=9827 present=776 map=38
video: scene=31 tick=590 vblank=2182 hash=78649586
timing: frame scene=31 tick=1191 clock=9008601 updates=1 update=292 draw=7569 present=775 map=38
video: scene=31 tick=591 vblank=2184 hash=78649586
timing: frame scene=31 tick=1192 clock=9017628 updates=1 update=185 draw=7569 present=798 map=38
video: scene=31 tick=592 vblank=2186 hash=78649586
timing: frame scene=31 tick=1193 clock=9026548 updates=1 update=185 draw=7568 present=799 map=38
video: scene=31 tick=593 vblank=2188 hash=78649586
timing: frame scene=31 tick=1194 clock=9035468 updates=1 update=223 draw=7568 present=799 map=38
video: scene=31 tick=594 vblank=2190 hash=78649586
timing: frame scene=31 tick=1195 clock=9044426 updates=1 update=188 draw=7569 present=798 map=38
video: scene=31 tick=595 vblank=2192 hash=114f1146
timing: frame scene=31 tick=1196 clock=9053349 updates=1 update=185 draw=7569 present=798 map=38
video: scene=31 tick=596 vblank=2194 hash=114f1146
timing: frame scene=31 tick=1197 clock=9062269 updates=1 update=223 draw=7592 present=775 map=38
video: scene=31 tick=597 vblank=2196 hash=114f1146
timing: frame scene=31 tick=1198 clock=9071227 updates=1 update=185 draw=7592 present=775 map=38
video: scene=31 tick=598 vblank=2199 hash=114f1146
timing: frame scene=31 tick=1199 clock=9083214 updates=1 update=254 draw=7569 present=775 map=38
video: scene=31 tick=599 vblank=2201 hash=114f1146
timing: frame scene=31 tick=1200 clock=9092204 updates=1 update=226 draw=7568 present=799 map=38
prof f1200 ticks(avg) wait=395 upd=195 draw/render=7198 present/render=776 dump=338 total=8905 max=12032 renders=60
video: scene=31 tick=600 vblank=2203 hash=5d64690f
timing: frame scene=31 tick=1201 clock=9101595 updates=1 update=185 draw=7568 present=799 map=38
video: scene=31 tick=601 vblank=2205 hash=5d64690f
timing: frame scene=31 tick=1202 clock=9110515 updates=1 update=185 draw=7568 present=799 map=38
video: scene=31 tick=602 vblank=2207 hash=5d64690f
timing: frame scene=31 tick=1203 clock=9119435 updates=1 update=185 draw=7591 present=776 map=38
video: scene=31 tick=603 vblank=2209 hash=5d64690f
timing: frame scene=31 tick=1204 clock=9128355 updates=1 update=223 draw=7591 present=776 map=38
video: scene=31 tick=604 vblank=2212 hash=5d64690f
timing: frame scene=31 tick=1205 clock=9140271 updates=1 update=257 draw=7569 present=775 map=38
video: scene=31 tick=605 vblank=2214 hash=150b41fa
timing: frame scene=31 tick=1206 clock=9149264 updates=1 update=184 draw=7569 present=775 map=38
video: scene=31 tick=606 vblank=2216 hash=150b41fa
timing: frame scene=31 tick=1207 clock=9158184 updates=1 update=223 draw=7568 present=799 map=38
video: scene=31 tick=607 vblank=2218 hash=150b41fa
timing: frame scene=31 tick=1208 clock=9167142 updates=1 update=184 draw=7569 present=799 map=38
video: scene=31 tick=608 vblank=2220 hash=150b41fa
timing: frame scene=31 tick=1209 clock=9176062 updates=1 update=184 draw=7569 present=798 map=38
video: scene=31 tick=609 vblank=2222 hash=150b41fa
timing: frame scene=31 tick=1210 clock=9184982 updates=1 update=186 draw=7569 present=798 map=38
video: scene=31 tick=610 vblank=2224 hash=150b41fa
timing: frame scene=31 tick=1211 clock=9193903 updates=1 update=225 draw=7635 present=776 map=38
video: scene=31 tick=611 vblank=2226 hash=f9a0a745
timing: frame scene=31 tick=1212 clock=9202907 updates=1 update=183 draw=7635 present=776 map=38
video: scene=31 tick=612 vblank=2229 hash=f9a0a745
timing: frame scene=31 tick=1213 clock=9214884 updates=1 update=253 draw=7612 present=775 map=38
video: scene=31 tick=613 vblank=2231 hash=f9a0a745
timing: frame scene=31 tick=1214 clock=9223916 updates=1 update=183 draw=7612 present=799 map=38
video: scene=31 tick=614 vblank=2233 hash=f9a0a745
timing: frame scene=31 tick=1215 clock=9232878 updates=1 update=183 draw=7612 present=799 map=38
video: scene=31 tick=615 vblank=2235 hash=f9a0a745
timing: frame scene=31 tick=1216 clock=9241840 updates=1 update=183 draw=7613 present=798 map=38
video: scene=31 tick=616 vblank=2237 hash=f9a0a745
timing: frame scene=31 tick=1217 clock=9250802 updates=1 update=183 draw=7613 present=798 map=38
video: scene=31 tick=617 vblank=2239 hash=f9a0a745
timing: frame scene=31 tick=1218 clock=9259764 updates=1 update=184 draw=7635 present=775 map=38
video: scene=31 tick=618 vblank=2241 hash=f9a0a745
timing: frame scene=31 tick=1219 clock=9268727 updates=1 update=221 draw=7637 present=775 map=38
video: scene=31 tick=619 vblank=2244 hash=2b5c9089
timing: frame scene=31 tick=1220 clock=9280719 updates=1 update=253 draw=7613 present=776 map=38
video: scene=31 tick=620 vblank=2246 hash=2b5c9089
timing: frame scene=31 tick=1221 clock=9289752 updates=1 update=185 draw=7613 present=799 map=38
video: scene=31 tick=621 vblank=2248 hash=2b5c9089
timing: frame scene=31 tick=1222 clock=9298717 updates=1 update=183 draw=7614 present=799 map=38
video: scene=31 tick=622 vblank=2250 hash=2b5c9089
timing: frame scene=31 tick=1223 clock=9307681 updates=1 update=183 draw=7614 present=798 map=38
video: scene=31 tick=623 vblank=2252 hash=2b5c9089
timing: frame scene=31 tick=1224 clock=9316644 updates=1 update=184 draw=7614 present=798 map=38
video: scene=31 tick=624 vblank=2254 hash=2b5c9089
timing: frame scene=31 tick=1225 clock=9325608 updates=1 update=183 draw=7637 present=776 map=38
video: scene=31 tick=625 vblank=2256 hash=2b5c9089
timing: frame scene=31 tick=1226 clock=9334572 updates=1 update=204 draw=7637 present=775 map=38
video: scene=31 tick=626 vblank=2259 hash=2b5c9089
timing: frame scene=31 tick=1227 clock=9346554 updates=1 update=261 draw=7614 present=775 map=38
video: scene=31 tick=627 vblank=2261 hash=5d3a1fc5
timing: frame scene=31 tick=1228 clock=9355595 updates=1 update=189 draw=7614 present=798 map=38
video: scene=31 tick=628 vblank=2263 hash=5d3a1fc5
timing: frame scene=31 tick=1229 clock=9364565 updates=1 update=188 draw=7614 present=798 map=38
video: scene=31 tick=629 vblank=2265 hash=5d3a1fc5
timing: frame scene=31 tick=1230 clock=9373534 updates=1 update=188 draw=7614 present=799 map=38
video: scene=31 tick=630 vblank=2267 hash=5d3a1fc5
timing: frame scene=31 tick=1231 clock=9382503 updates=1 update=188 draw=7614 present=799 map=38
video: scene=31 tick=631 vblank=2269 hash=5d3a1fc5
timing: frame scene=31 tick=1232 clock=9391472 updates=1 update=188 draw=7637 present=776 map=38
video: scene=31 tick=632 vblank=2271 hash=5d3a1fc5
timing: frame scene=31 tick=1233 clock=9400441 updates=1 update=189 draw=7636 present=776 map=38
video: scene=31 tick=633 vblank=2274 hash=5d3a1fc5
timing: frame scene=31 tick=1234 clock=9412389 updates=1 update=261 draw=7614 present=775 map=38
video: scene=31 tick=634 vblank=2276 hash=5d3a1fc5
timing: frame scene=31 tick=1235 clock=9421430 updates=1 update=222 draw=21399 present=798 map=38
video: scene=31 tick=635 vblank=2281 hash=48376504
timing: frame scene=31 tick=1236 clock=9444221 updates=1 update=494 draw=15351 present=799 map=38
video: scene=31 tick=636 vblank=2285 hash=5c97b5e3
timing: frame scene=31 tick=1237 clock=9461236 updates=1 update=396 draw=12658 present=776 map=38
video: scene=31 tick=637 vblank=2289 hash=5c97b5e3
timing: frame scene=31 tick=1238 clock=9478224 updates=1 update=320 draw=12635 present=798 map=38
video: scene=31 tick=638 vblank=2292 hash=5c97b5e3
timing: frame scene=31 tick=1239 clock=9492349 updates=1 update=251 draw=12658 present=775 map=38
video: scene=31 tick=639 vblank=2296 hash=5c97b5e3
timing: frame scene=31 tick=1240 clock=9508947 updates=1 update=320 draw=12635 present=798 map=38
video: scene=31 tick=640 vblank=2299 hash=5c97b5e3
timing: frame scene=31 tick=1241 clock=9523072 updates=1 update=251 draw=12658 present=776 map=38
video: scene=31 tick=641 vblank=2303 hash=5c97b5e3
timing: frame scene=31 tick=1242 clock=9539670 updates=1 update=346 draw=12635 present=798 map=38
video: scene=31 tick=642 vblank=2306 hash=5c97b5e3
timing: frame scene=31 tick=1243 clock=9553821 updates=1 update=259 draw=12658 present=776 map=38
video: scene=31 tick=643 vblank=2310 hash=5c97b5e3
timing: frame scene=31 tick=1244 clock=9570393 updates=1 update=330 draw=12636 present=798 map=38
video: scene=31 tick=644 vblank=2313 hash=5c97b5e3
timing: frame scene=31 tick=1245 clock=9584528 updates=1 update=260 draw=12658 present=775 map=38
video: scene=31 tick=645 vblank=2317 hash=5c97b5e3
timing: frame scene=31 tick=1246 clock=9601116 updates=1 update=331 draw=12635 present=798 map=38
video: scene=31 tick=646 vblank=2320 hash=5c97b5e3
timing: frame scene=31 tick=1247 clock=9615251 updates=1 update=260 draw=12658 present=775 map=38
video: scene=31 tick=647 vblank=2324 hash=5c97b5e3
timing: frame scene=31 tick=1248 clock=9631839 updates=1 update=330 draw=12635 present=799 map=38
video: scene=31 tick=648 vblank=2327 hash=5c97b5e3
timing: frame scene=31 tick=1249 clock=9645974 updates=1 update=260 draw=12658 present=775 map=38
video: scene=31 tick=649 vblank=2331 hash=5c97b5e3
timing: frame scene=31 tick=1250 clock=9662562 updates=1 update=331 draw=12635 present=798 map=38
video: scene=31 tick=650 vblank=2334 hash=5c97b5e3
timing: frame scene=31 tick=1251 clock=9676697 updates=1 update=260 draw=12658 present=775 map=38
video: scene=31 tick=651 vblank=2338 hash=98d82de3
timing: frame scene=31 tick=1252 clock=9693285 updates=1 update=331 draw=12635 present=799 map=38
video: scene=31 tick=652 vblank=2341 hash=690bb1e3
timing: frame scene=31 tick=1253 clock=9707421 updates=1 update=260 draw=12658 present=775 map=38
video: scene=31 tick=653 vblank=2345 hash=190162e3
timing: frame scene=31 tick=1254 clock=9724008 updates=1 update=331 draw=12635 present=798 map=38
video: scene=31 tick=654 vblank=2348 hash=642184e3
timing: frame scene=31 tick=1255 clock=9738144 updates=1 update=259 draw=12658 present=775 map=38
video: scene=31 tick=655 vblank=2352 hash=5c97b5e3
timing: frame scene=31 tick=1256 clock=9754731 updates=1 update=331 draw=12636 present=798 map=38
video: scene=31 tick=656 vblank=2355 hash=5c97b5e3
timing: frame scene=31 tick=1257 clock=9768867 updates=1 update=260 draw=12658 present=776 map=38
video: scene=31 tick=657 vblank=2359 hash=5c97b5e3
timing: frame scene=31 tick=1258 clock=9785454 updates=1 update=331 draw=12635 present=798 map=38
video: scene=31 tick=658 vblank=2362 hash=642184e3
timing: frame scene=31 tick=1259 clock=9799590 updates=1 update=259 draw=12658 present=775 map=38
video: scene=31 tick=659 vblank=2366 hash=190162e3
timing: frame scene=31 tick=1260 clock=9816177 updates=1 update=331 draw=12636 present=798 map=38
prof f1260 ticks(avg) wait=765 upd=245 draw/render=9982 present/render=786 dump=341 total=12121 max=22767 renders=60
video: scene=31 tick=660 vblank=2370 hash=690bb1e3
timing: frame scene=31 tick=1261 clock=9833733 updates=1 update=331 draw=12635 present=798 map=38
video: scene=31 tick=661 vblank=2373 hash=b53f2ce3
timing: frame scene=31 tick=1262 clock=9847869 updates=1 update=260 draw=12658 present=776 map=38
video: scene=31 tick=662 vblank=2377 hash=98d82de3
timing: frame scene=31 tick=1263 clock=9864456 updates=1 update=330 draw=12635 present=799 map=38
video: scene=31 tick=663 vblank=2380 hash=b53f2ce3
timing: frame scene=31 tick=1264 clock=9878591 updates=1 update=260 draw=12659 present=775 map=38
video: scene=31 tick=664 vblank=2384 hash=690bb1e3
timing: frame scene=31 tick=1265 clock=9895179 updates=1 update=330 draw=12636 present=798 map=38
video: scene=31 tick=665 vblank=2387 hash=aa7fefe3
timing: frame scene=31 tick=1266 clock=9909314 updates=1 update=261 draw=12658 present=775 map=38
video: scene=31 tick=666 vblank=2391 hash=b53f2ce3
timing: frame scene=31 tick=1267 clock=9925902 updates=1 update=330 draw=12635 present=799 map=38
video: scene=31 tick=667 vblank=2394 hash=aa7fefe3
timing: frame scene=31 tick=1268 clock=9940037 updates=1 update=354 draw=12661 present=775 map=38
timing: frame scene=31 tick=1269 clock=9956625 updates=1 update=355 draw=290 present=764 map=38
video: scene=31 tick=668 vblank=2398 hash=690bb1e3
timing: frame scene=31 tick=1270 clock=9961012 updates=1 update=110 draw=290 present=6 map=38
video: scene=31 tick=669 vblank=2399 hash=690bb1e3
timing: frame scene=31 tick=1271 clock=9965401 updates=1 update=149 draw=290 present=5 map=38
video: scene=31 tick=670 vblank=2400 hash=690bb1e3
frame=2400 status=0088 volume=8877
timing: frame scene=31 tick=1272 clock=9969790 updates=1 update=110 draw=290 present=6 map=38
video: scene=31 tick=671 vblank=2401 hash=690bb1e3
timing: frame scene=31 tick=1273 clock=9974179 updates=1 update=110 draw=290 present=6 map=38
video: scene=31 tick=672 vblank=2402 hash=690bb1e3
timing: frame scene=31 tick=1274 clock=9978568 updates=1 update=110 draw=290 present=6 map=38
video: scene=31 tick=673 vblank=2403 hash=690bb1e3
timing: frame scene=31 tick=1275 clock=9982957 updates=1 update=149 draw=290 present=5 map=38
video: scene=31 tick=674 vblank=2404 hash=690bb1e3
timing: frame scene=31 tick=1276 clock=9987346 updates=1 update=110 draw=290 present=6 map=38
video: scene=31 tick=675 vblank=2405 hash=690bb1e3
timing: frame scene=31 tick=1277 clock=9991735 updates=1 update=110 draw=290 present=6 map=38
video: scene=31 tick=676 vblank=2406 hash=690bb1e3
timing: frame scene=31 tick=1278 clock=9996124 updates=1 update=110 draw=290 present=6 map=38
video: scene=31 tick=677 vblank=2407 hash=690bb1e3
timing: frame scene=31 tick=1279 clock=10000513 updates=1 update=149 draw=290 present=5 map=38
video: scene=31 tick=678 vblank=2408 hash=690bb1e3
timing: frame scene=31 tick=1280 clock=10004902 updates=1 update=110 draw=290 present=6 map=38
video: scene=31 tick=679 vblank=2409 hash=690bb1e3
timing: frame scene=31 tick=1281 clock=10009291 updates=1 update=110 draw=290 present=6 map=38
video: scene=31 tick=680 vblank=2410 hash=690bb1e3
timing: frame scene=31 tick=1282 clock=10013680 updates=1 update=110 draw=290 present=6 map=38
video: scene=31 tick=681 vblank=2411 hash=690bb1e3
timing: frame scene=31 tick=1283 clock=10018069 updates=1 update=149 draw=290 present=5 map=38
video: scene=31 tick=682 vblank=2412 hash=690bb1e3
timing: frame scene=31 tick=1284 clock=10022458 updates=1 update=110 draw=290 present=6 map=38
video: scene=31 tick=683 vblank=2413 hash=690bb1e3
timing: frame scene=31 tick=1285 clock=10026847 updates=1 update=110 draw=290 present=6 map=38
video: scene=31 tick=684 vblank=2414 hash=690bb1e3
timing: frame scene=31 tick=1286 clock=10031236 updates=1 update=110 draw=290 present=6 map=38
video: scene=31 tick=685 vblank=2415 hash=690bb1e3
timing: frame scene=31 tick=1287 clock=10035625 updates=1 update=110 draw=290 present=6 map=38
video: scene=31 tick=686 vblank=2416 hash=690bb1e3
timing: frame scene=31 tick=1288 clock=10040014 updates=1 update=110 draw=290 present=6 map=38
video: scene=31 tick=687 vblank=2417 hash=690bb1e3
timing: frame scene=31 tick=1289 clock=10044403 updates=1 update=110 draw=290 present=6 map=38
video: scene=31 tick=688 vblank=2418 hash=690bb1e3
timing: frame scene=31 tick=1290 clock=10048792 updates=1 update=110 draw=290 present=6 map=38
video: scene=31 tick=689 vblank=2419 hash=690bb1e3
timing: frame scene=31 tick=1291 clock=10053181 updates=1 update=110 draw=290 present=6 map=38
video: scene=31 tick=690 vblank=2420 hash=690bb1e3
timing: frame scene=31 tick=1292 clock=10057570 updates=1 update=110 draw=290 present=6 map=38
video: scene=31 tick=691 vblank=2421 hash=690bb1e3
timing: frame scene=31 tick=1293 clock=10061959 updates=1 update=110 draw=290 present=6 map=38
video: scene=31 tick=692 vblank=2422 hash=690bb1e3
timing: frame scene=31 tick=1294 clock=10066348 updates=1 update=110 draw=290 present=6 map=38
video: scene=31 tick=693 vblank=2423 hash=690bb1e3
timing: frame scene=31 tick=1295 clock=10070737 updates=1 update=110 draw=290 present=6 map=38
video: scene=31 tick=694 vblank=2424 hash=690bb1e3
timing: frame scene=31 tick=1296 clock=10075126 updates=1 update=110 draw=290 present=6 map=38
video: scene=31 tick=695 vblank=2425 hash=690bb1e3
timing: frame scene=31 tick=1297 clock=10079515 updates=1 update=110 draw=290 present=6 map=38
video: scene=31 tick=696 vblank=2426 hash=690bb1e3
timing: frame scene=31 tick=1298 clock=10083904 updates=1 update=110 draw=290 present=6 map=38
video: scene=31 tick=697 vblank=2427 hash=690bb1e3
timing: frame scene=31 tick=1299 clock=10088293 updates=1 update=131 draw=290 present=6 map=38
video: scene=31 tick=698 vblank=2428 hash=690bb1e3
timing: frame scene=31 tick=1300 clock=10092682 updates=1 update=113 draw=290 present=6 map=38
video: scene=31 tick=699 vblank=2429 hash=690bb1e3
timing: frame scene=31 tick=1301 clock=10097071 updates=1 update=113 draw=290 present=6 map=38
video: scene=31 tick=700 vblank=2430 hash=690bb1e3
timing: frame scene=31 tick=1302 clock=10101460 updates=1 update=113 draw=290 present=6 map=38
video: scene=31 tick=701 vblank=2431 hash=690bb1e3
timing: frame scene=31 tick=1303 clock=10105849 updates=1 update=113 draw=290 present=6 map=38
video: scene=31 tick=702 vblank=2432 hash=690bb1e3
video: scene=31 tick=703 vblank=2433 hash=690bb1e3
[WARN] gba-asset miss: title/red_version_tiles
timing: frame scene=31 tick=1304 clock=10110238 updates=1 update=116 draw=13670 present=775 map=38
video: scene=31 tick=704 vblank=2437 hash=690bb1e3
timing: frame scene=31 tick=1305 clock=10127796 updates=1 update=362 draw=13196 present=776 map=38
video: scene=31 tick=705 vblank=2441 hash=aa9d7b77
timing: frame scene=31 tick=1306 clock=10145352 updates=1 update=361 draw=13331 present=775 map=38
video: scene=31 tick=706 vblank=2445 hash=6b4462a6
timing: frame scene=31 tick=1307 clock=10162908 updates=1 update=361 draw=13350 present=775 map=38
video: scene=31 tick=707 vblank=2449 hash=6248810a
timing: frame scene=31 tick=1308 clock=10180464 updates=1 update=362 draw=13481 present=776 map=38
video: scene=31 tick=708 vblank=2453 hash=c383ca8f
timing: frame scene=31 tick=1309 clock=10198020 updates=1 update=363 draw=13502 present=775 map=38
video: scene=31 tick=709 vblank=2457 hash=135dc830
timing: frame scene=31 tick=1310 clock=10215576 updates=1 update=362 draw=13617 present=775 map=38
video: scene=31 tick=710 vblank=2461 hash=e3add3b2
timing: frame scene=31 tick=1311 clock=10233132 updates=1 update=363 draw=13752 present=776 map=38
video: scene=31 tick=711 vblank=2465 hash=7e3f592d
timing: frame scene=31 tick=1312 clock=10250688 updates=1 update=361 draw=13769 present=775 map=38
video: scene=31 tick=712 vblank=2469 hash=60b4eda6
timing: frame scene=31 tick=1313 clock=10268244 updates=1 update=361 draw=13900 present=776 map=38
video: scene=31 tick=713 vblank=2473 hash=59ffc15e
timing: frame scene=31 tick=1314 clock=10285800 updates=1 update=361 draw=13913 present=775 map=38
video: scene=31 tick=714 vblank=2477 hash=caf4d5c1
timing: frame scene=31 tick=1315 clock=10303356 updates=1 update=361 draw=14048 present=776 map=38
video: scene=31 tick=715 vblank=2481 hash=90f269cd
timing: frame scene=31 tick=1316 clock=10320912 updates=1 update=361 draw=14178 present=776 map=38
video: scene=31 tick=716 vblank=2485 hash=a6f1d094
timing: frame scene=31 tick=1317 clock=10338468 updates=1 update=361 draw=14189 present=776 map=38
video: scene=31 tick=717 vblank=2489 hash=21daf3eb
timing: frame scene=31 tick=1318 clock=10356024 updates=1 update=361 draw=14316 present=776 map=38
video: scene=31 tick=718 vblank=2493 hash=c248d9f7
timing: frame scene=31 tick=1319 clock=10373580 updates=1 update=361 draw=14334 present=775 map=38
video: scene=31 tick=719 vblank=2497 hash=015f8c54
timing: frame scene=31 tick=1320 clock=10391136 updates=1 update=362 draw=14469 present=775 map=38
prof f1320 ticks(avg) wait=2918 upd=210 draw/render=13448 present/render=778 dump=341 total=9583 max=18534 renders=25
video: scene=31 tick=720 vblank=2501 hash=f17bebb7
timing: frame scene=31 tick=1321 clock=10408692 updates=1 update=362 draw=14603 present=776 map=38
video: scene=31 tick=721 vblank=2505 hash=d47c939b
timing: frame scene=31 tick=1322 clock=10426248 updates=1 update=362 draw=14617 present=776 map=38
video: scene=31 tick=722 vblank=2509 hash=7fca3e1d
timing: frame scene=31 tick=1323 clock=10443804 updates=1 update=363 draw=14618 present=775 map=38
video: scene=31 tick=723 vblank=2513 hash=9f008c55
timing: frame scene=31 tick=1324 clock=10461360 updates=1 update=363 draw=14618 present=776 map=38
video: scene=31 tick=724 vblank=2517 hash=e59cf34d
timing: frame scene=31 tick=1325 clock=10478916 updates=1 update=362 draw=14619 present=775 map=38
video: scene=31 tick=725 vblank=2521 hash=07d0b3c5
timing: frame scene=31 tick=1326 clock=10496472 updates=1 update=363 draw=14618 present=776 map=38
video: scene=31 tick=726 vblank=2525 hash=9145f73d
timing: frame scene=31 tick=1327 clock=10514028 updates=1 update=362 draw=14618 present=776 map=38
video: scene=31 tick=727 vblank=2529 hash=91652cf5
timing: frame scene=31 tick=1328 clock=10531584 updates=1 update=362 draw=14619 present=775 map=38
video: scene=31 tick=728 vblank=2533 hash=2be8d96d
timing: frame scene=31 tick=1329 clock=10549140 updates=1 update=363 draw=14618 present=775 map=38
video: scene=31 tick=729 vblank=2537 hash=cda21265
timing: frame scene=31 tick=1330 clock=10566696 updates=1 update=362 draw=14618 present=776 map=38
video: scene=31 tick=730 vblank=2541 hash=2c8bacdd
timing: frame scene=31 tick=1331 clock=10584252 updates=1 update=362 draw=14618 present=776 map=38
video: scene=31 tick=731 vblank=2545 hash=d7c88a15
timing: frame scene=31 tick=1332 clock=10601808 updates=1 update=363 draw=14616 present=775 map=38
video: scene=31 tick=732 vblank=2549 hash=2d42e20d
timing: frame scene=31 tick=1333 clock=10619364 updates=1 update=363 draw=14617 present=776 map=38
video: scene=31 tick=733 vblank=2553 hash=89cba785
timing: frame scene=31 tick=1334 clock=10636920 updates=1 update=363 draw=14617 present=775 map=38
video: scene=31 tick=734 vblank=2557 hash=5025c1fd
timing: frame scene=31 tick=1335 clock=10654476 updates=1 update=363 draw=14617 present=775 map=38
video: scene=31 tick=735 vblank=2561 hash=e42c1cb5
timing: frame scene=31 tick=1336 clock=10672032 updates=1 update=361 draw=14619 present=776 map=38
video: scene=31 tick=736 vblank=2565 hash=3839d42d
timing: frame scene=31 tick=1337 clock=10689588 updates=1 update=361 draw=14619 present=775 map=38
video: scene=31 tick=737 vblank=2569 hash=6829aa25
timing: frame scene=31 tick=1338 clock=10707144 updates=1 update=361 draw=14617 present=775 map=38
video: scene=31 tick=738 vblank=2573 hash=d3bcb69d
timing: frame scene=31 tick=1339 clock=10724700 updates=1 update=361 draw=14618 present=776 map=38
video: scene=31 tick=739 vblank=2577 hash=7b6a96d5
timing: frame scene=31 tick=1340 clock=10742256 updates=1 update=1493 draw=14537 present=775 map=38
timing: frame scene=31 tick=1341 clock=10759812 updates=1 update=707 draw=290 present=764 map=38
video: scene=31 tick=740 vblank=2581 hash=892b83cd
timing: frame scene=31 tick=1342 clock=10764199 updates=1 update=119 draw=290 present=6 map=38
video: scene=31 tick=741 vblank=2582 hash=892b83cd
timing: frame scene=31 tick=1343 clock=10768588 updates=1 update=119 draw=290 present=6 map=38
video: scene=31 tick=742 vblank=2583 hash=892b83cd
timing: frame scene=31 tick=1344 clock=10772977 updates=1 update=318 draw=290 present=6 map=38
video: scene=31 tick=743 vblank=2584 hash=892b83cd
timing: frame scene=31 tick=1345 clock=10777366 updates=1 update=119 draw=290 present=6 map=38
video: scene=31 tick=744 vblank=2585 hash=892b83cd
timing: frame scene=31 tick=1346 clock=10781755 updates=1 update=119 draw=290 present=6 map=38
video: scene=31 tick=745 vblank=2586 hash=892b83cd
timing: frame scene=31 tick=1347 clock=10786144 updates=1 update=119 draw=290 present=6 map=38
video: scene=31 tick=746 vblank=2587 hash=892b83cd
timing: frame scene=31 tick=1348 clock=10790533 updates=1 update=119 draw=290 present=6 map=38
video: scene=31 tick=747 vblank=2588 hash=892b83cd
timing: frame scene=31 tick=1349 clock=10794922 updates=1 update=119 draw=290 present=6 map=38
video: scene=31 tick=748 vblank=2589 hash=892b83cd
timing: frame scene=31 tick=1350 clock=10799311 updates=1 update=119 draw=290 present=6 map=38
video: scene=31 tick=749 vblank=2590 hash=892b83cd
timing: frame scene=31 tick=1351 clock=10803700 updates=1 update=411 draw=290 present=6 map=38
video: scene=31 tick=750 vblank=2591 hash=892b83cd
timing: frame scene=31 tick=1352 clock=10808089 updates=1 update=137 draw=290 present=6 map=38
video: scene=31 tick=751 vblank=2592 hash=892b83cd
timing: frame scene=31 tick=1353 clock=10812478 updates=1 update=119 draw=290 present=6 map=38
video: scene=31 tick=752 vblank=2593 hash=892b83cd
timing: frame scene=31 tick=1354 clock=10816867 updates=1 update=204 draw=290 present=5 map=38
video: scene=31 tick=753 vblank=2594 hash=892b83cd
timing: frame scene=31 tick=1355 clock=10821256 updates=1 update=137 draw=290 present=6 map=38
video: scene=31 tick=754 vblank=2595 hash=892b83cd
timing: frame scene=31 tick=1356 clock=10825645 updates=1 update=119 draw=290 present=6 map=38
video: scene=31 tick=755 vblank=2596 hash=892b83cd
timing: frame scene=31 tick=1357 clock=10830034 updates=1 update=119 draw=290 present=6 map=38
video: scene=31 tick=756 vblank=2597 hash=892b83cd
timing: frame scene=31 tick=1358 clock=10834423 updates=1 update=406 draw=290 present=6 map=38
video: scene=31 tick=757 vblank=2598 hash=892b83cd
timing: frame scene=31 tick=1359 clock=10838812 updates=1 update=137 draw=290 present=6 map=38
video: scene=31 tick=758 vblank=2599 hash=892b83cd
timing: frame scene=31 tick=1360 clock=10843201 updates=1 update=119 draw=290 present=6 map=38
video: scene=31 tick=759 vblank=2600 hash=892b83cd
timing: frame scene=31 tick=1361 clock=10847590 updates=1 update=201 draw=290 present=6 map=38
video: scene=31 tick=760 vblank=2601 hash=892b83cd
timing: frame scene=31 tick=1362 clock=10851979 updates=1 update=137 draw=290 present=6 map=38
video: scene=31 tick=761 vblank=2602 hash=892b83cd
timing: frame scene=31 tick=1363 clock=10856368 updates=1 update=119 draw=290 present=6 map=38
video: scene=31 tick=762 vblank=2603 hash=892b83cd
timing: frame scene=31 tick=1364 clock=10860757 updates=1 update=119 draw=290 present=6 map=38
video: scene=31 tick=763 vblank=2604 hash=892b83cd
timing: frame scene=31 tick=1365 clock=10865146 updates=1 update=417 draw=290 present=5 map=38
video: scene=31 tick=764 vblank=2605 hash=892b83cd
timing: frame scene=31 tick=1366 clock=10869535 updates=1 update=137 draw=290 present=6 map=38
video: scene=31 tick=765 vblank=2606 hash=892b83cd
timing: frame scene=31 tick=1367 clock=10873924 updates=1 update=119 draw=290 present=6 map=38
video: scene=31 tick=766 vblank=2607 hash=892b83cd
timing: frame scene=31 tick=1368 clock=10878313 updates=1 update=119 draw=290 present=6 map=38
video: scene=31 tick=767 vblank=2608 hash=892b83cd
timing: frame scene=31 tick=1369 clock=10882702 updates=1 update=119 draw=290 present=6 map=38
video: scene=31 tick=768 vblank=2609 hash=892b83cd
timing: frame scene=31 tick=1370 clock=10887091 updates=1 update=119 draw=290 present=6 map=38
video: scene=31 tick=769 vblank=2610 hash=892b83cd
timing: frame scene=31 tick=1371 clock=10891480 updates=1 update=266 draw=290 present=6 map=38
video: scene=31 tick=770 vblank=2611 hash=892b83cd
timing: frame scene=31 tick=1372 clock=10895869 updates=1 update=119 draw=290 present=6 map=38
video: scene=31 tick=771 vblank=2612 hash=892b83cd
timing: frame scene=31 tick=1373 clock=10900258 updates=1 update=119 draw=290 present=6 map=38
video: scene=31 tick=772 vblank=2613 hash=892b83cd
timing: frame scene=31 tick=1374 clock=10904647 updates=1 update=119 draw=290 present=6 map=38
video: scene=31 tick=773 vblank=2614 hash=892b83cd
timing: frame scene=31 tick=1375 clock=10909036 updates=1 update=120 draw=290 present=6 map=38
video: scene=31 tick=774 vblank=2615 hash=892b83cd
timing: frame scene=31 tick=1376 clock=10913425 updates=1 update=120 draw=290 present=6 map=38
video: scene=31 tick=775 vblank=2616 hash=892b83cd
timing: frame scene=31 tick=1377 clock=10917814 updates=1 update=120 draw=290 present=6 map=38
video: scene=31 tick=776 vblank=2617 hash=892b83cd
timing: frame scene=31 tick=1378 clock=10922203 updates=1 update=120 draw=290 present=6 map=38
video: scene=31 tick=777 vblank=2618 hash=892b83cd
timing: frame scene=31 tick=1379 clock=10926592 updates=1 update=122 draw=290 present=6 map=38
video: scene=31 tick=778 vblank=2619 hash=892b83cd
timing: frame scene=31 tick=1380 clock=10930981 updates=1 update=120 draw=290 present=6 map=38
prof f1380 ticks(avg) wait=2777 upd=253 draw/render=14613 present/render=774 dump=343 total=8713 max=18589 renders=20
video: scene=31 tick=779 vblank=2620 hash=892b83cd
timing: frame scene=31 tick=1381 clock=10935370 updates=1 update=120 draw=290 present=6 map=38
video: scene=31 tick=780 vblank=2621 hash=892b83cd
timing: frame scene=31 tick=1382 clock=10939759 updates=1 update=121 draw=290 present=5 map=38
video: scene=31 tick=781 vblank=2622 hash=892b83cd
timing: frame scene=31 tick=1383 clock=10944148 updates=1 update=121 draw=290 present=5 map=38
video: scene=31 tick=782 vblank=2623 hash=892b83cd
timing: frame scene=31 tick=1384 clock=10948537 updates=1 update=123 draw=290 present=5 map=38
video: scene=31 tick=783 vblank=2624 hash=892b83cd
timing: frame scene=31 tick=1385 clock=10952926 updates=1 update=121 draw=290 present=5 map=38
video: scene=31 tick=784 vblank=2625 hash=892b83cd
timing: frame scene=31 tick=1386 clock=10957315 updates=1 update=121 draw=290 present=5 map=38
video: scene=31 tick=785 vblank=2626 hash=892b83cd
timing: frame scene=31 tick=1387 clock=10961704 updates=1 update=121 draw=290 present=5 map=38
video: scene=31 tick=786 vblank=2627 hash=892b83cd
timing: frame scene=31 tick=1388 clock=10966093 updates=1 update=123 draw=290 present=6 map=38
video: scene=31 tick=787 vblank=2628 hash=892b83cd
timing: frame scene=31 tick=1389 clock=10970482 updates=1 update=123 draw=290 present=5 map=38
video: scene=31 tick=788 vblank=2629 hash=892b83cd
timing: frame scene=31 tick=1390 clock=10974871 updates=1 update=121 draw=290 present=5 map=38
video: scene=31 tick=789 vblank=2630 hash=892b83cd
timing: frame scene=31 tick=1391 clock=10979260 updates=1 update=121 draw=290 present=5 map=38
video: scene=31 tick=790 vblank=2631 hash=892b83cd
timing: frame scene=31 tick=1392 clock=10983649 updates=1 update=403 draw=290 present=6 map=38
video: scene=31 tick=791 vblank=2632 hash=892b83cd
timing: frame scene=31 tick=1393 clock=10988038 updates=1 update=137 draw=290 present=6 map=38
video: scene=31 tick=792 vblank=2633 hash=892b83cd
timing: frame scene=31 tick=1394 clock=10992427 updates=1 update=119 draw=290 present=6 map=38
video: scene=31 tick=793 vblank=2634 hash=892b83cd
timing: frame scene=31 tick=1395 clock=10996816 updates=1 update=119 draw=290 present=6 map=38
video: scene=31 tick=794 vblank=2635 hash=892b83cd
timing: frame scene=31 tick=1396 clock=11001205 updates=1 update=119 draw=290 present=6 map=38
video: scene=31 tick=795 vblank=2636 hash=892b83cd
timing: frame scene=31 tick=1397 clock=11005594 updates=1 update=119 draw=290 present=6 map=38
video: scene=31 tick=796 vblank=2637 hash=892b83cd
timing: frame scene=31 tick=1398 clock=11009983 updates=1 update=266 draw=290 present=6 map=38
video: scene=31 tick=797 vblank=2638 hash=892b83cd
timing: frame scene=31 tick=1399 clock=11014372 updates=1 update=119 draw=290 present=6 map=38
video: scene=31 tick=798 vblank=2639 hash=892b83cd
timing: frame scene=31 tick=1400 clock=11018761 updates=1 update=119 draw=290 present=6 map=38
video: scene=31 tick=799 vblank=2640 hash=892b83cd
timing: frame scene=31 tick=1401 clock=11023150 updates=1 update=119 draw=290 present=6 map=38
video: scene=31 tick=800 vblank=2641 hash=892b83cd
timing: frame scene=31 tick=1402 clock=11027539 updates=1 update=120 draw=290 present=6 map=38
video: scene=31 tick=801 vblank=2642 hash=892b83cd
timing: frame scene=31 tick=1403 clock=11031928 updates=1 update=120 draw=290 present=6 map=38
video: scene=31 tick=802 vblank=2643 hash=892b83cd
timing: frame scene=31 tick=1404 clock=11036317 updates=1 update=122 draw=290 present=6 map=38
video: scene=31 tick=803 vblank=2644 hash=892b83cd
timing: frame scene=31 tick=1405 clock=11040706 updates=1 update=120 draw=290 present=6 map=38
video: scene=31 tick=804 vblank=2645 hash=892b83cd
timing: frame scene=31 tick=1406 clock=11045095 updates=1 update=120 draw=290 present=6 map=38
video: scene=31 tick=805 vblank=2646 hash=892b83cd
timing: frame scene=31 tick=1407 clock=11049484 updates=1 update=120 draw=290 present=6 map=38
video: scene=31 tick=806 vblank=2647 hash=892b83cd
timing: frame scene=31 tick=1408 clock=11053873 updates=1 update=120 draw=290 present=6 map=38
video: scene=31 tick=807 vblank=2648 hash=892b83cd
timing: frame scene=31 tick=1409 clock=11058262 updates=1 update=123 draw=290 present=5 map=38
video: scene=31 tick=808 vblank=2649 hash=892b83cd
timing: frame scene=31 tick=1410 clock=11062651 updates=1 update=121 draw=290 present=5 map=38
video: scene=31 tick=809 vblank=2650 hash=892b83cd
timing: frame scene=31 tick=1411 clock=11067040 updates=1 update=121 draw=290 present=5 map=38
video: scene=31 tick=810 vblank=2651 hash=892b83cd
timing: frame scene=31 tick=1412 clock=11071429 updates=1 update=123 draw=290 present=6 map=38
video: scene=31 tick=811 vblank=2652 hash=892b83cd
timing: frame scene=31 tick=1413 clock=11075818 updates=1 update=121 draw=290 present=5 map=38
video: scene=31 tick=812 vblank=2653 hash=892b83cd
timing: frame scene=31 tick=1414 clock=11080207 updates=1 update=123 draw=290 present=5 map=38
video: scene=31 tick=813 vblank=2654 hash=892b83cd
timing: frame scene=31 tick=1415 clock=11084596 updates=1 update=121 draw=290 present=5 map=38
video: scene=31 tick=814 vblank=2655 hash=892b83cd
timing: frame scene=31 tick=1416 clock=11088985 updates=1 update=121 draw=290 present=5 map=38
video: scene=31 tick=815 vblank=2656 hash=892b83cd
timing: frame scene=31 tick=1417 clock=11093374 updates=1 update=121 draw=290 present=5 map=38
video: scene=31 tick=816 vblank=2657 hash=892b83cd
timing: frame scene=31 tick=1418 clock=11097763 updates=1 update=121 draw=290 present=5 map=38
video: scene=31 tick=817 vblank=2658 hash=892b83cd
timing: frame scene=31 tick=1419 clock=11102152 updates=1 update=125 draw=290 present=6 map=38
video: scene=31 tick=818 vblank=2659 hash=892b83cd
timing: frame scene=31 tick=1420 clock=11106541 updates=1 update=121 draw=290 present=5 map=38
video: scene=31 tick=819 vblank=2660 hash=892b83cd
timing: frame scene=31 tick=1421 clock=11110930 updates=1 update=121 draw=290 present=5 map=38
video: scene=31 tick=820 vblank=2661 hash=892b83cd
timing: frame scene=31 tick=1422 clock=11115319 updates=1 update=121 draw=290 present=5 map=38
video: scene=31 tick=821 vblank=2662 hash=892b83cd
timing: frame scene=31 tick=1423 clock=11119708 updates=1 update=121 draw=290 present=5 map=38
video: scene=31 tick=822 vblank=2663 hash=892b83cd
timing: frame scene=31 tick=1424 clock=11124097 updates=1 update=123 draw=290 present=5 map=38
video: scene=31 tick=823 vblank=2664 hash=892b83cd
timing: frame scene=31 tick=1425 clock=11128486 updates=1 update=121 draw=290 present=5 map=38
video: scene=31 tick=824 vblank=2665 hash=892b83cd
timing: frame scene=31 tick=1426 clock=11132875 updates=1 update=123 draw=290 present=6 map=38
video: scene=31 tick=825 vblank=2666 hash=892b83cd
timing: frame scene=31 tick=1427 clock=11137264 updates=1 update=121 draw=290 present=5 map=38
video: scene=31 tick=826 vblank=2667 hash=892b83cd
timing: frame scene=31 tick=1428 clock=11141653 updates=1 update=121 draw=290 present=5 map=38
video: scene=31 tick=827 vblank=2668 hash=892b83cd
timing: frame scene=31 tick=1429 clock=11146042 updates=1 update=123 draw=290 present=5 map=38
video: scene=31 tick=828 vblank=2669 hash=892b83cd
timing: frame scene=31 tick=1430 clock=11150431 updates=1 update=121 draw=290 present=5 map=38
video: scene=31 tick=829 vblank=2670 hash=892b83cd
timing: frame scene=31 tick=1431 clock=11154820 updates=1 update=121 draw=290 present=5 map=38
video: scene=31 tick=830 vblank=2671 hash=892b83cd
timing: frame scene=31 tick=1432 clock=11159209 updates=1 update=403 draw=290 present=6 map=38
video: scene=31 tick=831 vblank=2672 hash=892b83cd
timing: frame scene=31 tick=1433 clock=11163598 updates=1 update=137 draw=290 present=6 map=38
video: scene=31 tick=832 vblank=2673 hash=892b83cd
timing: frame scene=31 tick=1434 clock=11167987 updates=1 update=119 draw=290 present=6 map=38
video: scene=31 tick=833 vblank=2674 hash=892b83cd
timing: frame scene=31 tick=1435 clock=11172376 updates=1 update=119 draw=290 present=6 map=38
video: scene=31 tick=834 vblank=2675 hash=892b83cd
timing: frame scene=31 tick=1436 clock=11176765 updates=1 update=119 draw=290 present=6 map=38
video: scene=31 tick=835 vblank=2676 hash=892b83cd
timing: frame scene=31 tick=1437 clock=11181154 updates=1 update=119 draw=290 present=6 map=38
video: scene=31 tick=836 vblank=2677 hash=892b83cd
timing: frame scene=31 tick=1438 clock=11185543 updates=1 update=119 draw=290 present=6 map=38
video: scene=31 tick=837 vblank=2678 hash=892b83cd
timing: frame scene=31 tick=1439 clock=11189932 updates=1 update=403 draw=290 present=6 map=38
video: scene=31 tick=838 vblank=2679 hash=892b83cd
timing: frame scene=31 tick=1440 clock=11194321 updates=1 update=137 draw=290 present=6 map=38
prof f1440 ticks(avg) wait=3586 upd=137 draw/render=0 present/render=0 dump=339 total=4358 max=4650 renders=0
video: scene=31 tick=839 vblank=2680 hash=892b83cd
timing: frame scene=31 tick=1441 clock=11198710 updates=1 update=119 draw=290 present=6 map=38
video: scene=31 tick=840 vblank=2681 hash=892b83cd
timing: frame scene=31 tick=1442 clock=11203099 updates=1 update=119 draw=290 present=6 map=38
video: scene=31 tick=841 vblank=2682 hash=892b83cd
timing: frame scene=31 tick=1443 clock=11207488 updates=1 update=119 draw=290 present=6 map=38
video: scene=31 tick=842 vblank=2683 hash=892b83cd
timing: frame scene=31 tick=1444 clock=11211877 updates=1 update=119 draw=290 present=6 map=38
video: scene=31 tick=843 vblank=2684 hash=892b83cd
timing: frame scene=31 tick=1445 clock=11216266 updates=1 update=119 draw=290 present=6 map=38
video: scene=31 tick=844 vblank=2685 hash=892b83cd
timing: frame scene=31 tick=1446 clock=11220655 updates=1 update=403 draw=290 present=6 map=38
video: scene=31 tick=845 vblank=2686 hash=892b83cd
timing: frame scene=31 tick=1447 clock=11225044 updates=1 update=137 draw=290 present=6 map=38
video: scene=31 tick=846 vblank=2687 hash=892b83cd
timing: frame scene=31 tick=1448 clock=11229433 updates=1 update=119 draw=290 present=6 map=38
video: scene=31 tick=847 vblank=2688 hash=892b83cd
timing: frame scene=31 tick=1449 clock=11233822 updates=1 update=119 draw=290 present=6 map=38
video: scene=31 tick=848 vblank=2689 hash=892b83cd
timing: frame scene=31 tick=1450 clock=11238211 updates=1 update=119 draw=290 present=6 map=38
video: scene=31 tick=849 vblank=2690 hash=892b83cd
timing: frame scene=31 tick=1451 clock=11242600 updates=1 update=119 draw=290 present=6 map=38
video: scene=31 tick=850 vblank=2691 hash=892b83cd
timing: frame scene=31 tick=1452 clock=11246989 updates=1 update=266 draw=290 present=6 map=38
video: scene=31 tick=851 vblank=2692 hash=892b83cd
timing: frame scene=31 tick=1453 clock=11251378 updates=1 update=119 draw=290 present=6 map=38
video: scene=31 tick=852 vblank=2693 hash=892b83cd
timing: frame scene=31 tick=1454 clock=11255767 updates=1 update=119 draw=290 present=6 map=38
video: scene=31 tick=853 vblank=2694 hash=892b83cd
timing: frame scene=31 tick=1455 clock=11260156 updates=1 update=119 draw=290 present=6 map=38
video: scene=31 tick=854 vblank=2695 hash=892b83cd
timing: frame scene=31 tick=1456 clock=11264545 updates=1 update=120 draw=290 present=6 map=38
video: scene=31 tick=855 vblank=2696 hash=892b83cd
timing: frame scene=31 tick=1457 clock=11268934 updates=1 update=120 draw=290 present=6 map=38
video: scene=31 tick=856 vblank=2697 hash=892b83cd
timing: frame scene=31 tick=1458 clock=11273323 updates=1 update=122 draw=290 present=6 map=38
video: scene=31 tick=857 vblank=2698 hash=892b83cd
timing: frame scene=31 tick=1459 clock=11277712 updates=1 update=120 draw=290 present=6 map=38
video: scene=31 tick=858 vblank=2699 hash=892b83cd
timing: frame scene=31 tick=1460 clock=11282101 updates=1 update=120 draw=290 present=6 map=38
video: scene=31 tick=859 vblank=2700 hash=892b83cd
frame=2700 status=0087 volume=ff77
timing: frame scene=31 tick=1461 clock=11286490 updates=1 update=120 draw=290 present=6 map=38
video: scene=31 tick=860 vblank=2701 hash=892b83cd
timing: frame scene=31 tick=1462 clock=11290879 updates=1 update=120 draw=290 present=6 map=38
video: scene=31 tick=861 vblank=2702 hash=892b83cd
timing: frame scene=31 tick=1463 clock=11295268 updates=1 update=123 draw=290 present=5 map=38
video: scene=31 tick=862 vblank=2703 hash=892b83cd
timing: frame scene=31 tick=1464 clock=11299657 updates=1 update=123 draw=290 present=6 map=38
video: scene=31 tick=863 vblank=2704 hash=892b83cd
timing: frame scene=31 tick=1465 clock=11304046 updates=1 update=121 draw=290 present=5 map=38
video: scene=31 tick=864 vblank=2705 hash=892b83cd
timing: frame scene=31 tick=1466 clock=11308435 updates=1 update=121 draw=290 present=5 map=38
video: scene=31 tick=865 vblank=2706 hash=892b83cd
timing: frame scene=31 tick=1467 clock=11312824 updates=1 update=121 draw=290 present=5 map=38
video: scene=31 tick=866 vblank=2707 hash=892b83cd
timing: frame scene=31 tick=1468 clock=11317213 updates=1 update=123 draw=290 present=5 map=38
video: scene=31 tick=867 vblank=2708 hash=892b83cd
timing: frame scene=31 tick=1469 clock=11321602 updates=1 update=121 draw=290 present=5 map=38
video: scene=31 tick=868 vblank=2709 hash=892b83cd
timing: frame scene=31 tick=1470 clock=11325991 updates=1 update=121 draw=290 present=5 map=38
video: scene=31 tick=869 vblank=2710 hash=892b83cd
timing: frame scene=31 tick=1471 clock=11330380 updates=1 update=123 draw=290 present=6 map=38
video: scene=31 tick=870 vblank=2711 hash=892b83cd
timing: frame scene=31 tick=1472 clock=11334769 updates=1 update=121 draw=290 present=5 map=38
video: scene=31 tick=871 vblank=2712 hash=892b83cd
timing: frame scene=31 tick=1473 clock=11339158 updates=1 update=403 draw=290 present=6 map=38
video: scene=31 tick=872 vblank=2713 hash=892b83cd
timing: frame scene=31 tick=1474 clock=11343547 updates=1 update=137 draw=290 present=6 map=38
video: scene=31 tick=873 vblank=2714 hash=892b83cd
timing: frame scene=31 tick=1475 clock=11347936 updates=1 update=119 draw=290 present=6 map=38
video: scene=31 tick=874 vblank=2715 hash=892b83cd
timing: frame scene=31 tick=1476 clock=11352325 updates=1 update=119 draw=290 present=6 map=38
video: scene=31 tick=875 vblank=2716 hash=892b83cd
timing: frame scene=31 tick=1477 clock=11356714 updates=1 update=119 draw=290 present=6 map=38
video: scene=31 tick=876 vblank=2717 hash=892b83cd
timing: frame scene=31 tick=1478 clock=11361103 updates=1 update=119 draw=290 present=6 map=38
video: scene=31 tick=877 vblank=2718 hash=892b83cd
timing: frame scene=31 tick=1479 clock=11365492 updates=1 update=266 draw=290 present=6 map=38
video: scene=31 tick=878 vblank=2719 hash=892b83cd
timing: frame scene=31 tick=1480 clock=11369881 updates=1 update=119 draw=290 present=6 map=38
video: scene=31 tick=879 vblank=2720 hash=892b83cd
timing: frame scene=31 tick=1481 clock=11374270 updates=1 update=119 draw=290 present=6 map=38
video: scene=31 tick=880 vblank=2721 hash=892b83cd
timing: frame scene=31 tick=1482 clock=11378659 updates=1 update=119 draw=290 present=6 map=38
video: scene=31 tick=881 vblank=2722 hash=892b83cd
timing: frame scene=31 tick=1483 clock=11383048 updates=1 update=122 draw=290 present=6 map=38
video: scene=31 tick=882 vblank=2723 hash=892b83cd
timing: frame scene=31 tick=1484 clock=11387437 updates=1 update=120 draw=290 present=6 map=38
video: scene=31 tick=883 vblank=2724 hash=892b83cd
timing: frame scene=31 tick=1485 clock=11391826 updates=1 update=120 draw=290 present=6 map=38
video: scene=31 tick=884 vblank=2725 hash=892b83cd
timing: frame scene=31 tick=1486 clock=11396215 updates=1 update=120 draw=290 present=6 map=38
video: scene=31 tick=885 vblank=2726 hash=892b83cd
timing: frame scene=31 tick=1487 clock=11400604 updates=1 update=120 draw=290 present=6 map=38
video: scene=31 tick=886 vblank=2727 hash=892b83cd
timing: frame scene=31 tick=1488 clock=11404993 updates=1 update=122 draw=290 present=6 map=38
video: scene=31 tick=887 vblank=2728 hash=892b83cd
timing: frame scene=31 tick=1489 clock=11409382 updates=1 update=120 draw=290 present=6 map=38
video: scene=31 tick=888 vblank=2729 hash=892b83cd
timing: frame scene=31 tick=1490 clock=11413771 updates=1 update=121 draw=290 present=5 map=38
video: scene=31 tick=889 vblank=2730 hash=892b83cd
timing: frame scene=31 tick=1491 clock=11418160 updates=1 update=121 draw=290 present=5 map=38
video: scene=31 tick=890 vblank=2731 hash=892b83cd
timing: frame scene=31 tick=1492 clock=11422549 updates=1 update=121 draw=290 present=5 map=38
video: scene=31 tick=891 vblank=2732 hash=892b83cd
timing: frame scene=31 tick=1493 clock=11426938 updates=1 update=123 draw=290 present=5 map=38
video: scene=31 tick=892 vblank=2733 hash=892b83cd
timing: frame scene=31 tick=1494 clock=11431327 updates=1 update=121 draw=290 present=5 map=38
video: scene=31 tick=893 vblank=2734 hash=892b83cd
timing: frame scene=31 tick=1495 clock=11435716 updates=1 update=123 draw=290 present=6 map=38
video: scene=31 tick=894 vblank=2735 hash=892b83cd
timing: frame scene=31 tick=1496 clock=11440105 updates=1 update=121 draw=290 present=5 map=38
video: scene=31 tick=895 vblank=2736 hash=892b83cd
timing: frame scene=31 tick=1497 clock=11444494 updates=1 update=121 draw=290 present=5 map=38
video: scene=31 tick=896 vblank=2737 hash=892b83cd
timing: frame scene=31 tick=1498 clock=11448883 updates=1 update=123 draw=290 present=5 map=38
video: scene=31 tick=897 vblank=2738 hash=892b83cd
timing: frame scene=31 tick=1499 clock=11453272 updates=1 update=121 draw=290 present=5 map=38
video: scene=31 tick=898 vblank=2739 hash=892b83cd
timing: frame scene=31 tick=1500 clock=11457661 updates=1 update=403 draw=290 present=6 map=38
prof f1500 ticks(avg) wait=3589 upd=139 draw/render=0 present/render=0 dump=339 total=4363 max=4650 renders=0
video: scene=31 tick=899 vblank=2740 hash=892b83cd
timing: frame scene=31 tick=1501 clock=11462050 updates=1 update=137 draw=290 present=6 map=38
video: scene=31 tick=900 vblank=2741 hash=892b83cd
timing: frame scene=31 tick=1502 clock=11466439 updates=1 update=119 draw=290 present=6 map=38
video: scene=31 tick=901 vblank=2742 hash=892b83cd
timing: frame scene=31 tick=1503 clock=11470828 updates=1 update=119 draw=290 present=6 map=38
video: scene=31 tick=902 vblank=2743 hash=892b83cd
timing: frame scene=31 tick=1504 clock=11475217 updates=1 update=119 draw=290 present=6 map=38
video: scene=31 tick=903 vblank=2744 hash=892b83cd
timing: frame scene=31 tick=1505 clock=11479606 updates=1 update=119 draw=290 present=6 map=38
video: scene=31 tick=904 vblank=2745 hash=892b83cd
timing: frame scene=31 tick=1506 clock=11483995 updates=1 update=266 draw=290 present=6 map=38
video: scene=31 tick=905 vblank=2746 hash=892b83cd
timing: frame scene=31 tick=1507 clock=11488384 updates=1 update=119 draw=290 present=6 map=38
video: scene=31 tick=906 vblank=2747 hash=892b83cd
timing: frame scene=31 tick=1508 clock=11492773 updates=1 update=119 draw=290 present=6 map=38
video: scene=31 tick=907 vblank=2748 hash=892b83cd
timing: frame scene=31 tick=1509 clock=11497162 updates=1 update=119 draw=290 present=6 map=38
video: scene=31 tick=908 vblank=2749 hash=892b83cd
timing: frame scene=31 tick=1510 clock=11501551 updates=1 update=120 draw=290 present=6 map=38
video: scene=31 tick=909 vblank=2750 hash=892b83cd
timing: frame scene=31 tick=1511 clock=11505940 updates=1 update=120 draw=290 present=6 map=38
video: scene=31 tick=910 vblank=2751 hash=892b83cd
timing: frame scene=31 tick=1512 clock=11510329 updates=1 update=120 draw=290 present=6 map=38
video: scene=31 tick=911 vblank=2752 hash=892b83cd
timing: frame scene=31 tick=1513 clock=11514718 updates=1 update=122 draw=290 present=6 map=38
video: scene=31 tick=912 vblank=2753 hash=892b83cd
timing: frame scene=31 tick=1514 clock=11519107 updates=1 update=120 draw=290 present=6 map=38
video: scene=31 tick=913 vblank=2754 hash=892b83cd
timing: frame scene=31 tick=1515 clock=11523496 updates=1 update=120 draw=290 present=6 map=38
video: scene=31 tick=914 vblank=2755 hash=892b83cd
timing: frame scene=31 tick=1516 clock=11527885 updates=1 update=120 draw=290 present=6 map=38
video: scene=31 tick=915 vblank=2756 hash=892b83cd
timing: frame scene=31 tick=1517 clock=11532274 updates=1 update=121 draw=290 present=5 map=38
video: scene=31 tick=916 vblank=2757 hash=892b83cd
timing: frame scene=31 tick=1518 clock=11536663 updates=1 update=123 draw=290 present=5 map=38
video: scene=31 tick=917 vblank=2758 hash=892b83cd
timing: frame scene=31 tick=1519 clock=11541052 updates=1 update=123 draw=290 present=6 map=38
video: scene=31 tick=918 vblank=2759 hash=892b83cd
timing: frame scene=31 tick=1520 clock=11545441 updates=1 update=121 draw=290 present=5 map=38
video: scene=31 tick=919 vblank=2760 hash=892b83cd
timing: frame scene=31 tick=1521 clock=11549830 updates=1 update=121 draw=290 present=5 map=38
video: scene=31 tick=920 vblank=2761 hash=892b83cd
timing: frame scene=31 tick=1522 clock=11554219 updates=1 update=121 draw=290 present=5 map=38
video: scene=31 tick=921 vblank=2762 hash=892b83cd
timing: frame scene=31 tick=1523 clock=11558608 updates=1 update=123 draw=290 present=5 map=38
video: scene=31 tick=922 vblank=2763 hash=892b83cd
timing: frame scene=31 tick=1524 clock=11562997 updates=1 update=121 draw=290 present=5 map=38
video: scene=31 tick=923 vblank=2764 hash=892b83cd
timing: frame scene=31 tick=1525 clock=11567386 updates=1 update=121 draw=290 present=5 map=38
video: scene=31 tick=924 vblank=2765 hash=892b83cd
timing: frame scene=31 tick=1526 clock=11571775 updates=1 update=123 draw=290 present=6 map=38
video: scene=31 tick=925 vblank=2766 hash=892b83cd
timing: frame scene=31 tick=1527 clock=11576164 updates=1 update=437 draw=290 present=6 map=38
video: scene=31 tick=926 vblank=2767 hash=892b83cd
timing: frame scene=31 tick=1528 clock=11580553 updates=1 update=137 draw=290 present=6 map=38
video: scene=31 tick=927 vblank=2768 hash=892b83cd
timing: frame scene=31 tick=1529 clock=11584942 updates=1 update=119 draw=290 present=6 map=38
video: scene=31 tick=928 vblank=2769 hash=892b83cd
timing: frame scene=31 tick=1530 clock=11589331 updates=1 update=119 draw=290 present=6 map=38
video: scene=31 tick=929 vblank=2770 hash=892b83cd
timing: frame scene=31 tick=1531 clock=11593720 updates=1 update=119 draw=290 present=6 map=38
video: scene=31 tick=930 vblank=2771 hash=892b83cd
timing: frame scene=31 tick=1532 clock=11598109 updates=1 update=119 draw=290 present=6 map=38
video: scene=31 tick=931 vblank=2772 hash=892b83cd
timing: frame scene=31 tick=1533 clock=11602498 updates=1 update=119 draw=290 present=6 map=38
video: scene=31 tick=932 vblank=2773 hash=892b83cd
timing: frame scene=31 tick=1534 clock=11606887 updates=1 update=119 draw=290 present=6 map=38
video: scene=31 tick=933 vblank=2774 hash=892b83cd
timing: frame scene=31 tick=1535 clock=11611276 updates=1 update=119 draw=290 present=6 map=38
video: scene=31 tick=934 vblank=2775 hash=892b83cd
timing: frame scene=31 tick=1536 clock=11615665 updates=1 update=403 draw=290 present=6 map=38
video: scene=31 tick=935 vblank=2776 hash=892b83cd
timing: frame scene=31 tick=1537 clock=11620054 updates=1 update=137 draw=290 present=6 map=38
video: scene=31 tick=936 vblank=2777 hash=892b83cd
timing: frame scene=31 tick=1538 clock=11624443 updates=1 update=119 draw=290 present=6 map=38
video: scene=31 tick=937 vblank=2778 hash=892b83cd
timing: frame scene=31 tick=1539 clock=11628832 updates=1 update=119 draw=290 present=6 map=38
video: scene=31 tick=938 vblank=2779 hash=892b83cd
video: scene=31 tick=939 vblank=2780 hash=892b83cd
timing: frame scene=31 tick=1540 clock=11633221 updates=1 update=122 draw=14560 present=775 map=38
video: scene=31 tick=940 vblank=2784 hash=892b83cd
timing: frame scene=31 tick=1541 clock=11650779 updates=1 update=354 draw=14559 present=775 map=38
video: scene=31 tick=941 vblank=2788 hash=1ae658b9
timing: frame scene=31 tick=1542 clock=11668335 updates=1 update=658 draw=14558 present=776 map=38
video: scene=31 tick=942 vblank=2792 hash=83ba6fe1
timing: frame scene=31 tick=1543 clock=11685891 updates=1 update=354 draw=14559 present=775 map=38
video: scene=31 tick=943 vblank=2796 hash=462061eb
timing: frame scene=31 tick=1544 clock=11703447 updates=1 update=658 draw=14558 present=776 map=38
video: scene=31 tick=944 vblank=2800 hash=e411981f
timing: frame scene=31 tick=1545 clock=11721003 updates=1 update=354 draw=14559 present=775 map=38
video: scene=31 tick=945 vblank=2804 hash=9b6f5bc3
timing: frame scene=31 tick=1546 clock=11738559 updates=1 update=658 draw=14558 present=776 map=38
video: scene=31 tick=946 vblank=2808 hash=6eb21d2b
timing: frame scene=31 tick=1547 clock=11756115 updates=1 update=354 draw=14559 present=775 map=38
video: scene=31 tick=947 vblank=2812 hash=329954fb
timing: frame scene=31 tick=1548 clock=11773671 updates=1 update=640 draw=14559 present=775 map=38
video: scene=31 tick=948 vblank=2816 hash=ef9f268b
timing: frame scene=31 tick=1549 clock=11791227 updates=1 update=372 draw=14559 present=775 map=38
video: scene=31 tick=949 vblank=2820 hash=61697ce3
timing: frame scene=31 tick=1550 clock=11808783 updates=1 update=356 draw=14559 present=775 map=38
video: scene=31 tick=950 vblank=2824 hash=a01730ff
timing: frame scene=31 tick=1551 clock=11826339 updates=1 update=733 draw=14558 present=776 map=38
video: scene=31 tick=951 vblank=2828 hash=ff1c93eb
timing: frame scene=31 tick=1552 clock=11843895 updates=1 update=394 draw=14559 present=775 map=38
video: scene=31 tick=952 vblank=2832 hash=3137bf0f
timing: frame scene=31 tick=1553 clock=11861451 updates=1 update=358 draw=14558 present=776 map=38
video: scene=31 tick=953 vblank=2836 hash=5a9c987b
timing: frame scene=31 tick=1554 clock=11879007 updates=1 update=357 draw=14558 present=776 map=38
video: scene=31 tick=954 vblank=2840 hash=5a9c987b
timing: frame scene=31 tick=1555 clock=11896563 updates=1 update=363 draw=14558 present=776 map=38
video: scene=31 tick=955 vblank=2844 hash=5a9c987b
timing: frame scene=31 tick=1556 clock=11914119 updates=1 update=364 draw=14558 present=776 map=38
video: scene=31 tick=956 vblank=2848 hash=5a9c987b
timing: frame scene=31 tick=1557 clock=11931675 updates=1 update=556 draw=14559 present=775 map=38
video: scene=31 tick=957 vblank=2852 hash=5a9c987b
timing: frame scene=31 tick=1558 clock=11949231 updates=1 update=390 draw=20103 present=775 map=38
video: scene=31 tick=958 vblank=2857 hash=d4445f7d
timing: frame scene=31 tick=1559 clock=11971176 updates=1 update=479 draw=15317 present=776 map=38
video: scene=31 tick=959 vblank=2861 hash=1d20e37c
timing: frame scene=31 tick=1560 clock=11988732 updates=1 update=572 draw=15479 present=776 map=38
prof f1560 ticks(avg) wait=2818 upd=248 draw/render=14902 present/render=774 dump=344 total=9089 max=22910 renders=21
video: scene=31 tick=960 vblank=2865 hash=ac10a995
timing: frame scene=31 tick=1561 clock=12006405 updates=1 update=354 draw=15614 present=776 map=38
video: scene=31 tick=961 vblank=2869 hash=7da6b069
timing: frame scene=31 tick=1562 clock=12023844 updates=1 update=354 draw=15724 present=776 map=38
video: scene=31 tick=962 vblank=2873 hash=dc4a06ea
timing: frame scene=31 tick=1563 clock=12041400 updates=1 update=358 draw=15840 present=775 map=38
video: scene=31 tick=963 vblank=2877 hash=3dd8b4e4
timing: frame scene=31 tick=1564 clock=12058956 updates=1 update=459 draw=15610 present=775 map=38
video: scene=31 tick=964 vblank=2881 hash=7a48af0b
timing: frame scene=31 tick=1565 clock=12076512 updates=1 update=354 draw=15610 present=775 map=38
video: scene=31 tick=965 vblank=2885 hash=ba3cb43a
timing: frame scene=31 tick=1566 clock=12094068 updates=1 update=355 draw=15609 present=776 map=38
video: scene=31 tick=966 vblank=2889 hash=fc20f381
timing: frame scene=31 tick=1567 clock=12111624 updates=1 update=573 draw=15610 present=775 map=38
video: scene=31 tick=967 vblank=2893 hash=f8c82a3b
timing: frame scene=31 tick=1568 clock=12129180 updates=1 update=362 draw=15609 present=775 map=38
video: scene=31 tick=968 vblank=2897 hash=0bee58d9
timing: frame scene=31 tick=1569 clock=12146736 updates=1 update=464 draw=15610 present=775 map=38
video: scene=31 tick=969 vblank=2901 hash=5ca311eb
timing: frame scene=31 tick=1570 clock=12164292 updates=1 update=359 draw=15610 present=775 map=38
video: scene=31 tick=970 vblank=2905 hash=c840db08
timing: frame scene=31 tick=1571 clock=12181848 updates=1 update=579 draw=15609 present=776 map=38
video: scene=31 tick=971 vblank=2909 hash=f7807d6a
timing: frame scene=31 tick=1572 clock=12199404 updates=1 update=400 draw=15609 present=775 map=38
video: scene=31 tick=972 vblank=2913 hash=7bd62043
timing: frame scene=31 tick=1573 clock=12216960 updates=1 update=365 draw=15609 present=776 map=38
video: scene=31 tick=973 vblank=2917 hash=d8c14a26
timing: frame scene=31 tick=1574 clock=12234516 updates=1 update=478 draw=15609 present=775 map=38
video: scene=31 tick=974 vblank=2921 hash=322fbf42
timing: frame scene=31 tick=1575 clock=12252072 updates=1 update=363 draw=15609 present=776 map=38
timing: frame scene=31 tick=1576 clock=12269628 updates=1 update=362 draw=290 present=764 map=38
video: scene=31 tick=975 vblank=2925 hash=5fc35f94
timing: frame scene=31 tick=1577 clock=12274015 updates=1 update=121 draw=290 present=5 map=38
video: scene=31 tick=976 vblank=2926 hash=5fc35f94
timing: frame scene=31 tick=1578 clock=12278404 updates=1 update=123 draw=290 present=5 map=38
video: scene=31 tick=977 vblank=2927 hash=5fc35f94
timing: frame scene=31 tick=1579 clock=12282793 updates=1 update=121 draw=290 present=5 map=38
video: scene=31 tick=978 vblank=2928 hash=5fc35f94
timing: frame scene=31 tick=1580 clock=12287182 updates=1 update=472 draw=290 present=6 map=38
video: scene=31 tick=979 vblank=2929 hash=5fc35f94
timing: frame scene=31 tick=1581 clock=12291571 updates=1 update=137 draw=290 present=6 map=38
video: scene=31 tick=980 vblank=2930 hash=5fc35f94
timing: frame scene=31 tick=1582 clock=12295960 updates=1 update=119 draw=290 present=6 map=38
video: scene=31 tick=981 vblank=2931 hash=5fc35f94
timing: frame scene=31 tick=1583 clock=12300349 updates=1 update=119 draw=290 present=6 map=38
video: scene=31 tick=982 vblank=2932 hash=5fc35f94
timing: frame scene=31 tick=1584 clock=12304738 updates=1 update=119 draw=290 present=6 map=38
video: scene=31 tick=983 vblank=2933 hash=5fc35f94
timing: frame scene=31 tick=1585 clock=12309127 updates=1 update=119 draw=290 present=6 map=38
video: scene=31 tick=984 vblank=2934 hash=5fc35f94
timing: frame scene=31 tick=1586 clock=12313516 updates=1 update=158 draw=289 present=6 map=38
video: scene=31 tick=985 vblank=2935 hash=5fc35f94
timing: frame scene=31 tick=1587 clock=12317905 updates=1 update=119 draw=290 present=6 map=38
video: scene=31 tick=986 vblank=2936 hash=5fc35f94
timing: frame scene=31 tick=1588 clock=12322294 updates=1 update=119 draw=290 present=6 map=38
video: scene=31 tick=987 vblank=2937 hash=5fc35f94
timing: frame scene=31 tick=1589 clock=12326683 updates=1 update=119 draw=290 present=6 map=38
video: scene=31 tick=988 vblank=2938 hash=5fc35f94
timing: frame scene=31 tick=1590 clock=12331072 updates=1 update=120 draw=290 present=6 map=38
video: scene=31 tick=989 vblank=2939 hash=5fc35f94
timing: frame scene=31 tick=1591 clock=12335461 updates=1 update=120 draw=290 present=6 map=38
video: scene=31 tick=990 vblank=2940 hash=5fc35f94
timing: frame scene=31 tick=1592 clock=12339850 updates=1 update=120 draw=290 present=6 map=38
video: scene=31 tick=991 vblank=2941 hash=5fc35f94
timing: frame scene=31 tick=1593 clock=12344239 updates=1 update=122 draw=290 present=6 map=38
video: scene=31 tick=992 vblank=2942 hash=5fc35f94
timing: frame scene=31 tick=1594 clock=12348628 updates=1 update=120 draw=290 present=6 map=38
video: scene=31 tick=993 vblank=2943 hash=5fc35f94
timing: frame scene=31 tick=1595 clock=12353017 updates=1 update=120 draw=290 present=6 map=38
video: scene=31 tick=994 vblank=2944 hash=5fc35f94
timing: frame scene=31 tick=1596 clock=12357406 updates=1 update=120 draw=290 present=6 map=38
video: scene=31 tick=995 vblank=2945 hash=5fc35f94
timing: frame scene=31 tick=1597 clock=12361795 updates=1 update=121 draw=290 present=5 map=38
video: scene=31 tick=996 vblank=2946 hash=5fc35f94
timing: frame scene=31 tick=1598 clock=12366184 updates=1 update=123 draw=290 present=5 map=38
video: scene=31 tick=997 vblank=2947 hash=5fc35f94
timing: frame scene=31 tick=1599 clock=12370573 updates=1 update=123 draw=290 present=6 map=38
video: scene=31 tick=998 vblank=2948 hash=5fc35f94
timing: frame scene=31 tick=1600 clock=12374962 updates=1 update=121 draw=290 present=5 map=38
video: scene=31 tick=999 vblank=2949 hash=5fc35f94
video: scene=31 tick=1000 vblank=2950 hash=5fc35f94
timing: frame scene=32 tick=1601 clock=12379351 updates=1 update=532 draw=6203 present=776 map=38
video: scene=32 tick=1 vblank=2952 hash=4fac1bc5
timing: frame scene=32 tick=1602 clock=12388131 updates=1 update=224 draw=3449 present=798 map=38
video: scene=32 tick=2 vblank=2953 hash=d9d4da90
timing: frame scene=32 tick=1603 clock=12392982 updates=1 update=127 draw=3530 present=798 map=38
video: scene=32 tick=3 vblank=2955 hash=a5bc0b9b
timing: frame scene=32 tick=1604 clock=12401299 updates=1 update=206 draw=3624 present=799 map=38
video: scene=32 tick=4 vblank=2956 hash=dd499159
timing: frame scene=32 tick=1605 clock=12406307 updates=1 update=128 draw=3752 present=775 map=38
video: scene=32 tick=5 vblank=2958 hash=2ecd9bf1
timing: frame scene=32 tick=1606 clock=12414466 updates=1 update=206 draw=3817 present=798 map=38
video: scene=32 tick=6 vblank=2959 hash=f13430f1
timing: frame scene=32 tick=1607 clock=12419667 updates=1 update=128 draw=3927 present=775 map=38
video: scene=32 tick=7 vblank=2961 hash=579c0a71
timing: frame scene=32 tick=1608 clock=12427633 updates=1 update=210 draw=3696 present=798 map=38
video: scene=32 tick=8 vblank=2962 hash=5441ce71
timing: frame scene=32 tick=1609 clock=12432717 updates=1 update=129 draw=3719 present=776 map=38
video: scene=32 tick=9 vblank=2964 hash=97f52471
timing: frame scene=32 tick=1610 clock=12440800 updates=1 update=356 draw=3696 present=798 map=38
video: scene=32 tick=10 vblank=2965 hash=e183ee71
timing: frame scene=32 tick=1611 clock=12446030 updates=1 update=134 draw=3719 present=775 map=38
video: scene=32 tick=11 vblank=2967 hash=e47e2ef1
timing: frame scene=32 tick=1612 clock=12453967 updates=1 update=210 draw=3696 present=798 map=38
video: scene=32 tick=12 vblank=2968 hash=3b1396f1
timing: frame scene=32 tick=1613 clock=12459051 updates=1 update=129 draw=3719 present=776 map=38
video: scene=32 tick=13 vblank=2970 hash=e3cef3f1
timing: frame scene=32 tick=1614 clock=12467134 updates=1 update=212 draw=3696 present=799 map=38
video: scene=32 tick=14 vblank=2971 hash=14d097f1
timing: frame scene=32 tick=1615 clock=12472220 updates=1 update=132 draw=5644 present=776 map=38
video: scene=32 tick=15 vblank=2973 hash=c351c479
timing: frame scene=32 tick=1616 clock=12480301 updates=1 update=510 draw=5782 present=775 map=38
video: scene=32 tick=16 vblank=2975 hash=b3ef4c43
timing: frame scene=32 tick=1617 clock=12489078 updates=1 update=507 draw=5874 present=776 map=38
video: scene=32 tick=17 vblank=2977 hash=15bf29e4
timing: frame scene=32 tick=1618 clock=12497856 updates=1 update=510 draw=5954 present=776 map=38
video: scene=32 tick=18 vblank=2979 hash=6c165264
timing: frame scene=32 tick=1619 clock=12506634 updates=1 update=784 draw=6046 present=775 map=38
video: scene=32 tick=19 vblank=2981 hash=98982556
timing: frame scene=32 tick=1620 clock=12515412 updates=1 update=508 draw=6138 present=776 map=38
prof f1620 ticks(avg) wait=1969 upd=261 draw/render=9262 present/render=779 dump=346 total=8571 max=17751 renders=35
video: scene=32 tick=20 vblank=2983 hash=4e426f21
timing: frame scene=32 tick=1621 clock=12524190 updates=1 update=508 draw=6196 present=775 map=38
video: scene=32 tick=21 vblank=2985 hash=4d3b0f4f
timing: frame scene=32 tick=1622 clock=12532968 updates=1 update=546 draw=6246 present=775 map=38
video: scene=32 tick=22 vblank=2987 hash=4d3b0f4f
timing: frame scene=32 tick=1623 clock=12541746 updates=1 update=510 draw=6350 present=775 map=38
video: scene=32 tick=23 vblank=2989 hash=839eae1d
timing: frame scene=32 tick=1624 clock=12550524 updates=1 update=513 draw=6458 present=775 map=38
video: scene=32 tick=24 vblank=2991 hash=0c3b837c
timing: frame scene=32 tick=1625 clock=12559302 updates=1 update=511 draw=6550 present=775 map=38
video: scene=32 tick=25 vblank=2993 hash=480336bf
timing: frame scene=32 tick=1626 clock=12568080 updates=1 update=561 draw=6642 present=775 map=38
video: scene=32 tick=26 vblank=2995 hash=c143d3e8
timing: frame scene=32 tick=1627 clock=12576858 updates=1 update=509 draw=6692 present=776 map=38
video: scene=32 tick=27 vblank=2997 hash=c143d3e8
timing: frame scene=32 tick=1628 clock=12585636 updates=1 update=511 draw=6785 present=775 map=38
video: scene=32 tick=28 vblank=2999 hash=06a77671
timing: frame scene=32 tick=1629 clock=12594414 updates=1 update=560 draw=6873 present=775 map=38
frame=3000 status=0087 volume=ff77
video: scene=32 tick=29 vblank=3001 hash=cfb3019b
timing: frame scene=32 tick=1630 clock=12603192 updates=1 update=509 draw=6944 present=775 map=38
video: scene=32 tick=30 vblank=3003 hash=f579e03e
timing: frame scene=32 tick=1631 clock=12611970 updates=1 update=509 draw=7032 present=775 map=38
video: scene=32 tick=31 vblank=3005 hash=5707c9cc
timing: frame scene=32 tick=1632 clock=12620748 updates=1 update=511 draw=7124 present=775 map=38
video: scene=32 tick=32 vblank=3007 hash=a9a20c6b
timing: frame scene=32 tick=1633 clock=12629561 updates=1 update=554 draw=7204 present=776 map=38
video: scene=32 tick=33 vblank=3009 hash=995f1b93
timing: frame scene=32 tick=1634 clock=12638498 updates=1 update=509 draw=7254 present=776 map=38
video: scene=32 tick=34 vblank=3011 hash=995f1b93
timing: frame scene=32 tick=1635 clock=12647440 updates=1 update=511 draw=7347 present=798 map=38
video: scene=32 tick=35 vblank=3013 hash=c8195418
timing: frame scene=32 tick=1636 clock=12656476 updates=1 update=509 draw=7438 present=799 map=38
video: scene=32 tick=36 vblank=3015 hash=21cccce5
timing: frame scene=32 tick=1637 clock=12665602 updates=1 update=511 draw=7566 present=775 map=38
video: scene=32 tick=37 vblank=3018 hash=d77f5def
timing: frame scene=32 tick=1638 clock=12677805 updates=1 update=596 draw=7643 present=798 map=38
video: scene=32 tick=38 vblank=3020 hash=a83cd0ae
timing: frame scene=32 tick=1639 clock=12687222 updates=1 update=511 draw=7772 present=776 map=38
timing: frame scene=32 tick=1640 clock=12699750 updates=1 update=555 draw=307 present=763 map=38
video: scene=32 tick=39 vblank=3023 hash=c2f40652
timing: frame scene=32 tick=1641 clock=12704137 updates=1 update=133 draw=306 present=5 map=38
video: scene=32 tick=40 vblank=3024 hash=c2f40652
timing: frame scene=32 tick=1642 clock=12708526 updates=1 update=130 draw=306 present=6 map=38
video: scene=32 tick=41 vblank=3025 hash=c2f40652
timing: frame scene=32 tick=1643 clock=12712915 updates=1 update=130 draw=306 present=6 map=38
video: scene=32 tick=42 vblank=3026 hash=c2f40652
timing: frame scene=32 tick=1644 clock=12717304 updates=1 update=130 draw=306 present=6 map=38
video: scene=32 tick=43 vblank=3027 hash=c2f40652
timing: frame scene=32 tick=1645 clock=12721693 updates=1 update=325 draw=306 present=6 map=38
video: scene=32 tick=44 vblank=3028 hash=c2f40652
timing: frame scene=32 tick=1646 clock=12726082 updates=1 update=148 draw=306 present=6 map=38
video: scene=32 tick=45 vblank=3029 hash=c2f40652
timing: frame scene=32 tick=1647 clock=12730471 updates=1 update=130 draw=306 present=6 map=38
video: scene=32 tick=46 vblank=3030 hash=c2f40652
timing: frame scene=32 tick=1648 clock=12734860 updates=1 update=133 draw=306 present=6 map=38
video: scene=32 tick=47 vblank=3031 hash=c2f40652
timing: frame scene=32 tick=1649 clock=12739249 updates=1 update=131 draw=306 present=6 map=38
video: scene=32 tick=48 vblank=3032 hash=c2f40652
timing: frame scene=32 tick=1650 clock=12743638 updates=1 update=133 draw=306 present=6 map=38
video: scene=32 tick=49 vblank=3033 hash=c2f40652
timing: frame scene=32 tick=1651 clock=12748027 updates=1 update=131 draw=306 present=6 map=38
video: scene=32 tick=50 vblank=3034 hash=c2f40652
timing: frame scene=32 tick=1652 clock=12752416 updates=1 update=373 draw=306 present=6 map=38
video: scene=32 tick=51 vblank=3035 hash=c2f40652
timing: frame scene=32 tick=1653 clock=12756805 updates=1 update=148 draw=306 present=6 map=38
video: scene=32 tick=52 vblank=3036 hash=c2f40652
timing: frame scene=32 tick=1654 clock=12761194 updates=1 update=130 draw=306 present=6 map=38
video: scene=32 tick=53 vblank=3037 hash=c2f40652
timing: frame scene=32 tick=1655 clock=12765583 updates=1 update=133 draw=306 present=5 map=38
video: scene=32 tick=54 vblank=3038 hash=c2f40652
timing: frame scene=32 tick=1656 clock=12769972 updates=1 update=130 draw=306 present=6 map=38
video: scene=32 tick=55 vblank=3039 hash=c2f40652
timing: frame scene=32 tick=1657 clock=12774361 updates=1 update=130 draw=306 present=6 map=38
video: scene=32 tick=56 vblank=3040 hash=c2f40652
timing: frame scene=32 tick=1658 clock=12778750 updates=1 update=130 draw=306 present=6 map=38
video: scene=32 tick=57 vblank=3041 hash=c2f40652
timing: frame scene=32 tick=1659 clock=12783139 updates=1 update=130 draw=306 present=6 map=38
video: scene=32 tick=58 vblank=3042 hash=c2f40652
timing: frame scene=32 tick=1660 clock=12787528 updates=1 update=130 draw=306 present=6 map=38
video: scene=32 tick=59 vblank=3043 hash=c2f40652
timing: frame scene=32 tick=1661 clock=12791917 updates=1 update=130 draw=306 present=6 map=38
video: scene=32 tick=60 vblank=3044 hash=c2f40652
timing: frame scene=32 tick=1662 clock=12796306 updates=1 update=134 draw=306 present=6 map=38
video: scene=32 tick=61 vblank=3045 hash=c2f40652
timing: frame scene=32 tick=1663 clock=12800695 updates=1 update=131 draw=307 present=5 map=38
video: scene=32 tick=62 vblank=3046 hash=c2f40652
timing: frame scene=32 tick=1664 clock=12805084 updates=1 update=131 draw=307 present=5 map=38
video: scene=32 tick=63 vblank=3047 hash=c2f40652
timing: frame scene=32 tick=1665 clock=12809473 updates=1 update=134 draw=306 present=6 map=38
video: scene=32 tick=64 vblank=3048 hash=c2f40652
timing: frame scene=32 tick=1666 clock=12813862 updates=1 update=414 draw=306 present=6 map=38
video: scene=32 tick=65 vblank=3049 hash=c2f40652
timing: frame scene=32 tick=1667 clock=12818251 updates=1 update=147 draw=307 present=5 map=38
video: scene=32 tick=66 vblank=3050 hash=c2f40652
timing: frame scene=32 tick=1668 clock=12822640 updates=1 update=129 draw=307 present=5 map=38
video: scene=32 tick=67 vblank=3051 hash=c2f40652
timing: frame scene=32 tick=1669 clock=12827029 updates=1 update=129 draw=307 present=5 map=38
video: scene=32 tick=68 vblank=3052 hash=c2f40652
timing: frame scene=32 tick=1670 clock=12831418 updates=1 update=129 draw=307 present=5 map=38
video: scene=32 tick=69 vblank=3053 hash=c2f40652
timing: frame scene=32 tick=1671 clock=12835807 updates=1 update=129 draw=307 present=5 map=38
video: scene=32 tick=70 vblank=3054 hash=c2f40652
timing: frame scene=32 tick=1672 clock=12840196 updates=1 update=129 draw=307 present=5 map=38
video: scene=32 tick=71 vblank=3055 hash=c2f40652
timing: frame scene=32 tick=1673 clock=12844585 updates=1 update=177 draw=306 present=6 map=38
video: scene=32 tick=72 vblank=3056 hash=c2f40652
timing: frame scene=32 tick=1674 clock=12848974 updates=1 update=129 draw=307 present=5 map=38
video: scene=32 tick=73 vblank=3057 hash=c2f40652
timing: frame scene=32 tick=1675 clock=12853363 updates=1 update=130 draw=306 present=6 map=38
video: scene=32 tick=74 vblank=3058 hash=c2f40652
timing: frame scene=32 tick=1676 clock=12857752 updates=1 update=131 draw=306 present=6 map=38
video: scene=32 tick=75 vblank=3059 hash=c2f40652
timing: frame scene=32 tick=1677 clock=12862141 updates=1 update=131 draw=306 present=6 map=38
video: scene=32 tick=76 vblank=3060 hash=c2f40652
timing: frame scene=32 tick=1678 clock=12866530 updates=1 update=133 draw=306 present=6 map=38
video: scene=32 tick=77 vblank=3061 hash=c2f40652
timing: frame scene=32 tick=1679 clock=12870919 updates=1 update=131 draw=306 present=6 map=38
video: scene=32 tick=78 vblank=3062 hash=c2f40652
timing: frame scene=32 tick=1680 clock=12875308 updates=1 update=131 draw=306 present=6 map=38
prof f1680 ticks(avg) wait=2557 upd=275 draw/render=6953 present/render=778 dump=343 total=5850 max=12364 renders=19
video: scene=32 tick=79 vblank=3063 hash=c2f40652
timing: frame scene=32 tick=1681 clock=12879697 updates=1 update=415 draw=306 present=6 map=38
video: scene=32 tick=80 vblank=3064 hash=c2f40652
timing: frame scene=32 tick=1682 clock=12884086 updates=1 update=147 draw=307 present=5 map=38
video: scene=32 tick=81 vblank=3065 hash=c2f40652
timing: frame scene=32 tick=1683 clock=12888475 updates=1 update=129 draw=307 present=5 map=38
video: scene=32 tick=82 vblank=3066 hash=c2f40652
timing: frame scene=32 tick=1684 clock=12892864 updates=1 update=129 draw=307 present=5 map=38
video: scene=32 tick=83 vblank=3067 hash=c2f40652
timing: frame scene=32 tick=1685 clock=12897253 updates=1 update=129 draw=307 present=5 map=38
video: scene=32 tick=84 vblank=3068 hash=c2f40652
timing: frame scene=32 tick=1686 clock=12901642 updates=1 update=129 draw=307 present=5 map=38
video: scene=32 tick=85 vblank=3069 hash=c2f40652
timing: frame scene=32 tick=1687 clock=12906031 updates=1 update=129 draw=307 present=5 map=38
video: scene=32 tick=86 vblank=3070 hash=c2f40652
timing: frame scene=32 tick=1688 clock=12910420 updates=1 update=129 draw=307 present=5 map=38
video: scene=32 tick=87 vblank=3071 hash=c2f40652
timing: frame scene=32 tick=1689 clock=12914809 updates=1 update=129 draw=307 present=5 map=38
video: scene=32 tick=88 vblank=3072 hash=c2f40652
timing: frame scene=32 tick=1690 clock=12919198 updates=1 update=130 draw=306 present=6 map=38
video: scene=32 tick=89 vblank=3073 hash=c2f40652
timing: frame scene=32 tick=1691 clock=12923587 updates=1 update=134 draw=306 present=6 map=38
video: scene=32 tick=90 vblank=3074 hash=c2f40652
timing: frame scene=32 tick=1692 clock=12927976 updates=1 update=131 draw=307 present=5 map=38
video: scene=32 tick=91 vblank=3075 hash=c2f40652
timing: frame scene=32 tick=1693 clock=12932365 updates=1 update=131 draw=307 present=5 map=38
video: scene=32 tick=92 vblank=3076 hash=c2f40652
timing: frame scene=32 tick=1694 clock=12936754 updates=1 update=136 draw=306 present=6 map=38
video: scene=32 tick=93 vblank=3077 hash=c2f40652
timing: frame scene=32 tick=1695 clock=12941143 updates=1 update=331 draw=306 present=6 map=38
video: scene=32 tick=94 vblank=3078 hash=c2f40652
timing: frame scene=32 tick=1696 clock=12945532 updates=1 update=131 draw=306 present=6 map=38
video: scene=32 tick=95 vblank=3079 hash=c2f40652
timing: frame scene=32 tick=1697 clock=12949921 updates=1 update=131 draw=306 present=6 map=38
video: scene=32 tick=96 vblank=3080 hash=c2f40652
timing: frame scene=32 tick=1698 clock=12954310 updates=1 update=131 draw=306 present=6 map=38
video: scene=32 tick=97 vblank=3081 hash=c2f40652
timing: frame scene=32 tick=1699 clock=12958699 updates=1 update=131 draw=306 present=6 map=38
video: scene=32 tick=98 vblank=3082 hash=c2f40652
timing: frame scene=32 tick=1700 clock=12963088 updates=1 update=131 draw=306 present=6 map=38
video: scene=32 tick=99 vblank=3083 hash=c2f40652
video: scene=32 tick=100 vblank=3084 hash=c2f40652
timing: frame scene=33 tick=1701 clock=12967477 updates=1 update=135 draw=7614 present=776 map=38
video: scene=33 tick=1 vblank=3086 hash=3c73b174
timing: frame scene=33 tick=1702 clock=12976404 updates=1 update=253 draw=7619 present=799 map=38
video: scene=33 tick=2 vblank=3088 hash=3c73b174
timing: frame scene=33 tick=1703 clock=12985454 updates=1 update=213 draw=7619 present=799 map=38
video: scene=33 tick=3 vblank=3090 hash=8a318c14
timing: frame scene=33 tick=1704 clock=12994464 updates=1 update=214 draw=7619 present=799 map=38
video: scene=33 tick=4 vblank=3092 hash=8a318c14
timing: frame scene=33 tick=1705 clock=13003475 updates=1 update=515 draw=7649 present=775 map=38
video: scene=33 tick=5 vblank=3095 hash=8a318c14
timing: frame scene=33 tick=1706 clock=13015758 updates=1 update=305 draw=7626 present=776 map=38
video: scene=33 tick=6 vblank=3097 hash=19674674
timing: frame scene=33 tick=1707 clock=13024867 updates=1 update=209 draw=7626 present=799 map=38
video: scene=33 tick=7 vblank=3099 hash=19674674
timing: frame scene=33 tick=1708 clock=13033880 updates=1 update=209 draw=7626 present=798 map=38
video: scene=33 tick=8 vblank=3101 hash=19674674
timing: frame scene=33 tick=1709 clock=13042892 updates=1 update=209 draw=7626 present=798 map=38
video: scene=33 tick=9 vblank=3103 hash=acab1a54
timing: frame scene=33 tick=1710 clock=13051904 updates=1 update=314 draw=7642 present=776 map=38
video: scene=33 tick=10 vblank=3106 hash=acab1a54
timing: frame scene=33 tick=1711 clock=13064037 updates=1 update=342 draw=7620 present=775 map=38
video: scene=33 tick=11 vblank=3108 hash=acab1a54
timing: frame scene=33 tick=1712 clock=13073176 updates=1 update=214 draw=7619 present=799 map=38
video: scene=33 tick=12 vblank=3110 hash=399ba174
timing: frame scene=33 tick=1713 clock=13082186 updates=1 update=211 draw=7620 present=798 map=38
video: scene=33 tick=13 vblank=3112 hash=399ba174
timing: frame scene=33 tick=1714 clock=13091194 updates=1 update=311 draw=7650 present=775 map=38
video: scene=33 tick=14 vblank=3114 hash=399ba174
timing: frame scene=33 tick=1715 clock=13100309 updates=1 update=213 draw=7649 present=776 map=38
video: scene=33 tick=15 vblank=3117 hash=8ebb4914
timing: frame scene=33 tick=1716 clock=13112316 updates=1 update=297 draw=7626 present=775 map=38
video: scene=33 tick=16 vblank=3119 hash=8ebb4914
timing: frame scene=33 tick=1717 clock=13121416 updates=1 update=213 draw=7626 present=798 map=38
video: scene=33 tick=17 vblank=3121 hash=8ebb4914
timing: frame scene=33 tick=1718 clock=13130432 updates=1 update=347 draw=9941 present=776 map=38
timing: frame scene=33 tick=1719 clock=13143039 updates=1 update=312 draw=305 present=764 map=38
video: scene=33 tick=18 vblank=3124 hash=f768260f
timing: frame scene=33 tick=1720 clock=13147426 updates=1 update=132 draw=306 present=5 map=38
video: scene=33 tick=19 vblank=3125 hash=f768260f
timing: frame scene=33 tick=1721 clock=13151815 updates=1 update=132 draw=306 present=5 map=38
video: scene=33 tick=20 vblank=3126 hash=f768260f
timing: frame scene=33 tick=1722 clock=13156204 updates=1 update=132 draw=306 present=5 map=38
video: scene=33 tick=21 vblank=3127 hash=f768260f
timing: frame scene=33 tick=1723 clock=13160593 updates=1 update=135 draw=305 present=6 map=38
video: scene=33 tick=22 vblank=3128 hash=f768260f
timing: frame scene=33 tick=1724 clock=13164982 updates=1 update=132 draw=306 present=5 map=38
video: scene=33 tick=23 vblank=3129 hash=f768260f
timing: frame scene=33 tick=1725 clock=13169371 updates=1 update=132 draw=306 present=5 map=38
video: scene=33 tick=24 vblank=3130 hash=f768260f
timing: frame scene=33 tick=1726 clock=13173760 updates=1 update=133 draw=305 present=6 map=38
video: scene=33 tick=25 vblank=3131 hash=f768260f
timing: frame scene=33 tick=1727 clock=13178149 updates=1 update=135 draw=306 present=5 map=38
video: scene=33 tick=26 vblank=3132 hash=f768260f
timing: frame scene=33 tick=1728 clock=13182538 updates=1 update=135 draw=306 present=5 map=38
video: scene=33 tick=27 vblank=3133 hash=f768260f
timing: frame scene=33 tick=1729 clock=13186927 updates=1 update=133 draw=305 present=6 map=38
video: scene=33 tick=28 vblank=3134 hash=f768260f
timing: frame scene=33 tick=1730 clock=13191316 updates=1 update=336 draw=305 present=6 map=38
video: scene=33 tick=29 vblank=3135 hash=f768260f
timing: frame scene=33 tick=1731 clock=13195705 updates=1 update=150 draw=306 present=5 map=38
video: scene=33 tick=30 vblank=3136 hash=f768260f
timing: frame scene=33 tick=1732 clock=13200094 updates=1 update=132 draw=306 present=5 map=38
video: scene=33 tick=31 vblank=3137 hash=f768260f
timing: frame scene=33 tick=1733 clock=13204483 updates=1 update=134 draw=306 present=6 map=38
video: scene=33 tick=32 vblank=3138 hash=f768260f
timing: frame scene=33 tick=1734 clock=13208872 updates=1 update=132 draw=306 present=5 map=38
video: scene=33 tick=33 vblank=3139 hash=f768260f
timing: frame scene=33 tick=1735 clock=13213261 updates=1 update=132 draw=306 present=5 map=38
video: scene=33 tick=34 vblank=3140 hash=f768260f
timing: frame scene=33 tick=1736 clock=13217650 updates=1 update=132 draw=306 present=5 map=38
video: scene=33 tick=35 vblank=3141 hash=f768260f
timing: frame scene=33 tick=1737 clock=13222039 updates=1 update=247 draw=305 present=6 map=38
video: scene=33 tick=36 vblank=3142 hash=f768260f
timing: frame scene=33 tick=1738 clock=13226428 updates=1 update=132 draw=306 present=5 map=38
video: scene=33 tick=37 vblank=3143 hash=f768260f
timing: frame scene=33 tick=1739 clock=13230817 updates=1 update=135 draw=305 present=6 map=38
video: scene=33 tick=38 vblank=3144 hash=f768260f
timing: frame scene=33 tick=1740 clock=13235206 updates=1 update=132 draw=306 present=5 map=38
prof f1740 ticks(avg) wait=2643 upd=187 draw/render=7757 present/render=785 dump=344 total=5968 max=12480 renders=18
video: scene=33 tick=39 vblank=3145 hash=f768260f
timing: frame scene=33 tick=1741 clock=13239595 updates=1 update=132 draw=306 present=5 map=38
video: scene=33 tick=40 vblank=3146 hash=f768260f
timing: frame scene=33 tick=1742 clock=13243984 updates=1 update=132 draw=306 present=5 map=38
video: scene=33 tick=41 vblank=3147 hash=f768260f
timing: frame scene=33 tick=1743 clock=13248373 updates=1 update=132 draw=306 present=5 map=38
video: scene=33 tick=42 vblank=3148 hash=f768260f
timing: frame scene=33 tick=1744 clock=13252762 updates=1 update=435 draw=306 present=6 map=38
video: scene=33 tick=43 vblank=3149 hash=f768260f
timing: frame scene=33 tick=1745 clock=13257151 updates=1 update=149 draw=305 present=6 map=38
video: scene=33 tick=44 vblank=3150 hash=f768260f
timing: frame scene=33 tick=1746 clock=13261540 updates=1 update=131 draw=305 present=6 map=38
video: scene=33 tick=45 vblank=3151 hash=f768260f
timing: frame scene=33 tick=1747 clock=13265929 updates=1 update=131 draw=305 present=6 map=38
video: scene=33 tick=46 vblank=3152 hash=f768260f
timing: frame scene=33 tick=1748 clock=13270318 updates=1 update=131 draw=305 present=6 map=38
video: scene=33 tick=47 vblank=3153 hash=f768260f
timing: frame scene=33 tick=1749 clock=13274707 updates=1 update=131 draw=305 present=6 map=38
video: scene=33 tick=48 vblank=3154 hash=f768260f
timing: frame scene=33 tick=1750 clock=13279096 updates=1 update=131 draw=305 present=6 map=38
video: scene=33 tick=49 vblank=3155 hash=f768260f
timing: frame scene=33 tick=1751 clock=13283485 updates=1 update=169 draw=306 present=5 map=38
video: scene=33 tick=50 vblank=3156 hash=f768260f
timing: frame scene=33 tick=1752 clock=13287874 updates=1 update=131 draw=305 present=6 map=38
video: scene=33 tick=51 vblank=3157 hash=f768260f
timing: frame scene=33 tick=1753 clock=13292263 updates=1 update=134 draw=305 present=6 map=38
video: scene=33 tick=52 vblank=3158 hash=f768260f
timing: frame scene=33 tick=1754 clock=13296652 updates=1 update=133 draw=305 present=6 map=38
video: scene=33 tick=53 vblank=3159 hash=f768260f
timing: frame scene=33 tick=1755 clock=13301041 updates=1 update=135 draw=306 present=5 map=38
video: scene=33 tick=54 vblank=3160 hash=f768260f
timing: frame scene=33 tick=1756 clock=13305430 updates=1 update=133 draw=305 present=6 map=38
video: scene=33 tick=55 vblank=3161 hash=f768260f
timing: frame scene=33 tick=1757 clock=13309819 updates=1 update=133 draw=305 present=6 map=38
video: scene=33 tick=56 vblank=3162 hash=f768260f
timing: frame scene=33 tick=1758 clock=13314208 updates=1 update=251 draw=305 present=6 map=38
video: scene=33 tick=57 vblank=3163 hash=f768260f
timing: frame scene=33 tick=1759 clock=13318597 updates=1 update=132 draw=306 present=5 map=38
video: scene=33 tick=58 vblank=3164 hash=f768260f
timing: frame scene=33 tick=1760 clock=13322986 updates=1 update=135 draw=305 present=6 map=38
video: scene=33 tick=59 vblank=3165 hash=f768260f
video: scene=33 tick=60 vblank=3166 hash=f768260f
timing: frame scene=34 tick=1761 clock=13327375 updates=1 update=135 draw=7618 present=776 map=38
video: scene=34 tick=1 vblank=3168 hash=8ebb4914
timing: frame scene=34 tick=1762 clock=13336307 updates=1 update=211 draw=7619 present=799 map=38
video: scene=34 tick=2 vblank=3170 hash=8ebb4914
timing: frame scene=34 tick=1763 clock=13345315 updates=1 update=211 draw=7620 present=798 map=38
video: scene=34 tick=3 vblank=3172 hash=8ebb4914
timing: frame scene=34 tick=1764 clock=13354324 updates=1 update=215 draw=7620 present=798 map=38
video: scene=34 tick=4 vblank=3174 hash=8ebb4914
timing: frame scene=34 tick=1765 clock=13363337 updates=1 update=212 draw=7620 present=798 map=38
video: scene=34 tick=5 vblank=3176 hash=8ebb4914
timing: frame scene=34 tick=1766 clock=13372347 updates=1 update=214 draw=7643 present=775 map=38
video: scene=34 tick=6 vblank=3179 hash=8ebb4914
timing: frame scene=34 tick=1767 clock=13384434 updates=1 update=605 draw=7626 present=798 map=38
video: scene=34 tick=7 vblank=3181 hash=8ebb4914
timing: frame scene=34 tick=1768 clock=13393843 updates=1 update=208 draw=7626 present=799 map=38
video: scene=34 tick=8 vblank=3183 hash=8ebb4914
timing: frame scene=34 tick=1769 clock=13402856 updates=1 update=208 draw=7626 present=798 map=38
video: scene=34 tick=9 vblank=3185 hash=8ebb4914
timing: frame scene=34 tick=1770 clock=13411868 updates=1 update=209 draw=7649 present=775 map=38
video: scene=34 tick=10 vblank=3188 hash=8ebb4914
timing: frame scene=34 tick=1771 clock=13423935 updates=1 update=294 draw=7626 present=776 map=38
video: scene=34 tick=11 vblank=3190 hash=8ebb4914
timing: frame scene=34 tick=1772 clock=13433034 updates=1 update=212 draw=7626 present=798 map=38
video: scene=34 tick=12 vblank=3192 hash=8ebb4914
timing: frame scene=34 tick=1773 clock=13442050 updates=1 update=358 draw=7626 present=799 map=38
video: scene=34 tick=13 vblank=3194 hash=399ba174
timing: frame scene=34 tick=1774 clock=13451213 updates=1 update=214 draw=7649 present=776 map=38
video: scene=34 tick=14 vblank=3196 hash=399ba174
timing: frame scene=34 tick=1775 clock=13460232 updates=1 update=216 draw=7650 present=775 map=38
video: scene=34 tick=15 vblank=3199 hash=399ba174
timing: frame scene=34 tick=1776 clock=13472214 updates=1 update=293 draw=7626 present=775 map=38
video: scene=34 tick=16 vblank=3201 hash=acab1a54
timing: frame scene=34 tick=1777 clock=13481311 updates=1 update=215 draw=7626 present=799 map=38
video: scene=34 tick=17 vblank=3203 hash=acab1a54
timing: frame scene=34 tick=1778 clock=13490330 updates=1 update=215 draw=7626 present=799 map=38
video: scene=34 tick=18 vblank=3205 hash=acab1a54
timing: frame scene=34 tick=1779 clock=13499349 updates=1 update=215 draw=7626 present=799 map=38
video: scene=34 tick=19 vblank=3207 hash=19674674
timing: frame scene=34 tick=1780 clock=13508368 updates=1 update=484 draw=7643 present=776 map=38
video: scene=34 tick=20 vblank=3210 hash=19674674
timing: frame scene=34 tick=1781 clock=13520493 updates=1 update=292 draw=7619 present=776 map=38
video: scene=34 tick=21 vblank=3212 hash=19674674
timing: frame scene=34 tick=1782 clock=13529582 updates=1 update=210 draw=7620 present=798 map=38
video: scene=34 tick=22 vblank=3214 hash=8a318c14
timing: frame scene=34 tick=1783 clock=13538590 updates=1 update=210 draw=7619 present=799 map=38
video: scene=34 tick=23 vblank=3216 hash=8a318c14
timing: frame scene=34 tick=1784 clock=13547598 updates=1 update=215 draw=7620 present=798 map=38
video: scene=34 tick=24 vblank=3218 hash=8a318c14
timing: frame scene=34 tick=1785 clock=13556611 updates=1 update=212 draw=7643 present=776 map=38
video: scene=34 tick=25 vblank=3220 hash=3c73b174
timing: frame scene=34 tick=1786 clock=13565621 updates=1 update=299 draw=7643 present=775 map=38
video: scene=34 tick=26 vblank=3223 hash=3c73b174
timing: frame scene=34 tick=1787 clock=13577550 updates=1 update=293 draw=7620 present=775 map=38
video: scene=34 tick=27 vblank=3225 hash=3c73b174
timing: frame scene=34 tick=1788 clock=13586641 updates=1 update=213 draw=7620 present=798 map=38
video: scene=34 tick=28 vblank=3227 hash=c134b0d4
timing: frame scene=34 tick=1789 clock=13595652 updates=1 update=260 draw=7619 present=799 map=38
video: scene=34 tick=29 vblank=3229 hash=c134b0d4
timing: frame scene=34 tick=1790 clock=13604710 updates=1 update=213 draw=7620 present=798 map=38
video: scene=34 tick=30 vblank=3231 hash=c134b0d4
timing: frame scene=34 tick=1791 clock=13613721 updates=1 update=212 draw=7919 present=775 map=38
timing: frame scene=34 tick=1792 clock=13625829 updates=1 update=293 draw=307 present=764 map=38
video: scene=34 tick=31 vblank=3234 hash=02a9eb73
timing: frame scene=34 tick=1793 clock=13630216 updates=1 update=171 draw=308 present=5 map=38
video: scene=34 tick=32 vblank=3235 hash=02a9eb73
timing: frame scene=34 tick=1794 clock=13634605 updates=1 update=129 draw=307 present=6 map=38
video: scene=34 tick=33 vblank=3236 hash=02a9eb73
timing: frame scene=34 tick=1795 clock=13638994 updates=1 update=129 draw=307 present=6 map=38
video: scene=34 tick=34 vblank=3237 hash=02a9eb73
timing: frame scene=34 tick=1796 clock=13643383 updates=1 update=129 draw=307 present=6 map=38
video: scene=34 tick=35 vblank=3238 hash=02a9eb73
timing: frame scene=34 tick=1797 clock=13647772 updates=1 update=129 draw=307 present=6 map=38
video: scene=34 tick=36 vblank=3239 hash=02a9eb73
timing: frame scene=34 tick=1798 clock=13652161 updates=1 update=131 draw=308 present=5 map=38
video: scene=34 tick=37 vblank=3240 hash=02a9eb73
timing: frame scene=34 tick=1799 clock=13656550 updates=1 update=129 draw=307 present=6 map=38
video: scene=34 tick=38 vblank=3241 hash=02a9eb73
timing: frame scene=34 tick=1800 clock=13660939 updates=1 update=131 draw=308 present=5 map=38
prof f1800 ticks(avg) wait=1997 upd=204 draw/render=7637 present/render=787 dump=346 total=7064 max=12480 renders=31
video: scene=34 tick=39 vblank=3242 hash=02a9eb73
video: scene=34 tick=40 vblank=3243 hash=02a9eb73
timing: frame scene=34 tick=1801 clock=13665328 updates=1 update=129 draw=3739 present=799 map=38
timing: frame scene=34 tick=1802 clock=13670375 updates=1 update=129 draw=307 present=764 map=38
video: scene=34 tick=41 vblank=3244 hash=95f0a7ac
timing: frame scene=34 tick=1803 clock=13674106 updates=1 update=130 draw=307 present=6 map=38
video: scene=34 tick=42 vblank=3245 hash=95f0a7ac
timing: frame scene=34 tick=1804 clock=13678495 updates=1 update=132 draw=307 present=6 map=38
video: scene=34 tick=43 vblank=3246 hash=95f0a7ac
timing: frame scene=34 tick=1805 clock=13682884 updates=1 update=132 draw=307 present=6 map=38
video: scene=34 tick=44 vblank=3247 hash=95f0a7ac
timing: frame scene=34 tick=1806 clock=13687273 updates=1 update=130 draw=307 present=6 map=38
video: scene=34 tick=45 vblank=3248 hash=95f0a7ac
timing: frame scene=34 tick=1807 clock=13691662 updates=1 update=377 draw=307 present=6 map=38
video: scene=34 tick=46 vblank=3249 hash=95f0a7ac
timing: frame scene=34 tick=1808 clock=13696051 updates=1 update=146 draw=308 present=5 map=38
video: scene=34 tick=47 vblank=3250 hash=95f0a7ac
timing: frame scene=34 tick=1809 clock=13700440 updates=1 update=128 draw=308 present=5 map=38
video: scene=34 tick=48 vblank=3251 hash=95f0a7ac
timing: frame scene=34 tick=1810 clock=13704829 updates=1 update=128 draw=308 present=5 map=38
video: scene=34 tick=49 vblank=3252 hash=95f0a7ac
video: scene=34 tick=50 vblank=3253 hash=95f0a7ac
timing: frame scene=34 tick=1811 clock=13709218 updates=1 update=128 draw=3740 present=798 map=38
timing: frame scene=34 tick=1812 clock=13714264 updates=1 update=130 draw=308 present=764 map=38
video: scene=34 tick=51 vblank=3254 hash=6643c85a
timing: frame scene=34 tick=1813 clock=13717996 updates=1 update=128 draw=308 present=5 map=38
video: scene=34 tick=52 vblank=3255 hash=6643c85a
timing: frame scene=34 tick=1814 clock=13722385 updates=1 update=324 draw=307 present=6 map=38
video: scene=34 tick=53 vblank=3256 hash=6643c85a
timing: frame scene=34 tick=1815 clock=13726774 updates=1 update=146 draw=308 present=5 map=38
video: scene=34 tick=54 vblank=3257 hash=6643c85a
timing: frame scene=34 tick=1816 clock=13731163 updates=1 update=128 draw=308 present=5 map=38
video: scene=34 tick=55 vblank=3258 hash=6643c85a
timing: frame scene=34 tick=1817 clock=13735552 updates=1 update=129 draw=307 present=6 map=38
video: scene=34 tick=56 vblank=3259 hash=6643c85a
timing: frame scene=34 tick=1818 clock=13739941 updates=1 update=129 draw=307 present=6 map=38
video: scene=34 tick=57 vblank=3260 hash=6643c85a
timing: frame scene=34 tick=1819 clock=13744330 updates=1 update=132 draw=307 present=5 map=38
video: scene=34 tick=58 vblank=3261 hash=6643c85a
timing: frame scene=34 tick=1820 clock=13748719 updates=1 update=131 draw=308 present=5 map=38
video: scene=34 tick=59 vblank=3262 hash=6643c85a
video: scene=34 tick=60 vblank=3263 hash=6643c85a
timing: frame scene=34 tick=1821 clock=13753108 updates=1 update=371 draw=3739 present=798 map=38
timing: frame scene=34 tick=1822 clock=13758396 updates=1 update=146 draw=307 present=764 map=38
video: scene=34 tick=61 vblank=3264 hash=e2771ea6
timing: frame scene=34 tick=1823 clock=13761886 updates=1 update=128 draw=308 present=5 map=38
video: scene=34 tick=62 vblank=3265 hash=e2771ea6
timing: frame scene=34 tick=1824 clock=13766275 updates=1 update=128 draw=308 present=5 map=38
video: scene=34 tick=63 vblank=3266 hash=e2771ea6
timing: frame scene=34 tick=1825 clock=13770664 updates=1 update=128 draw=308 present=5 map=38
video: scene=34 tick=64 vblank=3267 hash=e2771ea6
timing: frame scene=34 tick=1826 clock=13775053 updates=1 update=131 draw=307 present=6 map=38
video: scene=34 tick=65 vblank=3268 hash=e2771ea6
timing: frame scene=34 tick=1827 clock=13779442 updates=1 update=128 draw=308 present=5 map=38
video: scene=34 tick=66 vblank=3269 hash=e2771ea6
timing: frame scene=34 tick=1828 clock=13783831 updates=1 update=128 draw=308 present=5 map=38
video: scene=34 tick=67 vblank=3270 hash=e2771ea6
timing: frame scene=34 tick=1829 clock=13788220 updates=1 update=128 draw=308 present=5 map=38
video: scene=34 tick=68 vblank=3271 hash=e2771ea6
timing: frame scene=34 tick=1830 clock=13792609 updates=1 update=128 draw=308 present=5 map=38
video: scene=34 tick=69 vblank=3272 hash=e2771ea6
video: scene=34 tick=70 vblank=3273 hash=e2771ea6
frame=3300 status=008f volume=ff77
prof f1860 ticks(avg) wait=3190 upd=285 draw/render=5049 present/render=504 dump=171 total=4646 max=25906 renders=7
prof f1920 ticks(avg) wait=2417 upd=1209 draw/render=4186 present/render=251 dump=1 total=5680 max=51550 renders=24
timing: frame scene=35 tick=1921 clock=14288566 updates=1 update=833 draw=418 present=6 map=0
timing: frame scene=35 tick=1922 clock=14292955 updates=1 update=890 draw=2329 present=183 map=0
video: scene=35 tick=1 vblank=3386 hash=a635c120
video: scene=35 tick=2 vblank=3387 hash=ecd7a770
timing: frame scene=35 tick=1923 clock=14297347 updates=1 update=2108 draw=3895 present=775 map=0
video: scene=35 tick=3 vblank=3389 hash=21979462
timing: frame scene=35 tick=1924 clock=14306124 updates=1 update=999 draw=3995 present=775 map=0
video: scene=35 tick=4 vblank=3391 hash=a915206d
timing: frame scene=35 tick=1925 clock=14314902 updates=1 update=1090 draw=13471 present=776 map=0
video: scene=35 tick=5 vblank=3395 hash=6d861261
timing: frame scene=35 tick=1926 clock=14332458 updates=1 update=1131 draw=15693 present=798 map=0
video: scene=35 tick=6 vblank=3399 hash=00c8fdc8
timing: frame scene=35 tick=1927 clock=14350468 updates=1 update=1989 draw=3916 present=775 map=0
video: scene=35 tick=7 vblank=3401 hash=20ba186b
timing: frame scene=35 tick=1928 clock=14358793 updates=1 update=983 draw=4071 present=775 map=0
video: scene=35 tick=8 vblank=3403 hash=915f90a7
timing: frame scene=35 tick=1929 clock=14367570 updates=1 update=984 draw=4161 present=775 map=0
video: scene=35 tick=9 vblank=3405 hash=a88450a4
timing: frame scene=35 tick=1930 clock=14376348 updates=1 update=2304 draw=3963 present=775 map=0
timing: frame scene=35 tick=1931 clock=14385126 updates=1 update=446 draw=422 present=764 map=0
video: scene=35 tick=10 vblank=3407 hash=c1ab251b
timing: frame scene=35 tick=1932 clock=14389513 updates=1 update=333 draw=422 present=6 map=0
video: scene=35 tick=11 vblank=3408 hash=c1ab251b
timing: frame scene=35 tick=1933 clock=14393902 updates=1 update=371 draw=422 present=6 map=0
video: scene=35 tick=12 vblank=3409 hash=c1ab251b
timing: frame scene=35 tick=1934 clock=14398291 updates=1 update=333 draw=422 present=6 map=0
video: scene=35 tick=13 vblank=3410 hash=c1ab251b
timing: frame scene=35 tick=1935 clock=14402680 updates=1 update=333 draw=422 present=6 map=0
video: scene=35 tick=14 vblank=3411 hash=c1ab251b
timing: frame scene=35 tick=1936 clock=14407069 updates=1 update=385 draw=422 present=6 map=0
video: scene=35 tick=15 vblank=3412 hash=c1ab251b
timing: frame scene=35 tick=1937 clock=14411458 updates=1 update=333 draw=422 present=6 map=0
video: scene=35 tick=16 vblank=3413 hash=c1ab251b
timing: frame scene=35 tick=1938 clock=14415847 updates=1 update=333 draw=2390 present=183 map=0
video: scene=35 tick=17 vblank=3414 hash=c1ab251b
timing: frame scene=35 tick=1939 clock=14420239 updates=1 update=333 draw=422 present=112 map=0
video: scene=35 tick=18 vblank=3415 hash=6cb1a61e
timing: frame scene=35 tick=1940 clock=14424625 updates=1 update=333 draw=422 present=6 map=0
video: scene=35 tick=19 vblank=3416 hash=6cb1a61e
timing: frame scene=35 tick=1941 clock=14429014 updates=1 update=333 draw=422 present=6 map=0
video: scene=35 tick=20 vblank=3417 hash=6cb1a61e
timing: frame scene=35 tick=1942 clock=14433403 updates=1 update=333 draw=422 present=6 map=0
video: scene=35 tick=21 vblank=3418 hash=6cb1a61e
timing: frame scene=35 tick=1943 clock=14437792 updates=1 update=333 draw=422 present=6 map=0
video: scene=35 tick=22 vblank=3419 hash=6cb1a61e
timing: frame scene=35 tick=1944 clock=14442181 updates=1 update=333 draw=422 present=6 map=0
video: scene=35 tick=23 vblank=3420 hash=6cb1a61e
timing: frame scene=35 tick=1945 clock=14446570 updates=1 update=333 draw=422 present=6 map=0
video: scene=35 tick=24 vblank=3421 hash=6cb1a61e
video: scene=35 tick=25 vblank=3422 hash=6cb1a61e
timing: frame scene=35 tick=1946 clock=14450959 updates=1 update=374 draw=4012 present=775 map=0
video: scene=35 tick=26 vblank=3423 hash=0c3270f7
timing: frame scene=35 tick=1947 clock=14456499 updates=1 update=335 draw=4006 present=775 map=0
timing: frame scene=35 tick=1948 clock=14464129 updates=1 update=447 draw=422 present=764 map=0
video: scene=35 tick=27 vblank=3425 hash=0c3270f7
timing: frame scene=35 tick=1949 clock=14468515 updates=1 update=334 draw=422 present=5 map=0
video: scene=35 tick=28 vblank=3426 hash=0c3270f7
timing: frame scene=35 tick=1950 clock=14472904 updates=1 update=449 draw=422 present=6 map=0
video: scene=35 tick=29 vblank=3427 hash=0c3270f7
timing: frame scene=35 tick=1951 clock=14477293 updates=1 update=334 draw=422 present=5 map=0
video: scene=35 tick=30 vblank=3428 hash=0c3270f7
timing: frame scene=35 tick=1952 clock=14481682 updates=1 update=334 draw=422 present=5 map=0
video: scene=35 tick=31 vblank=3429 hash=0c3270f7
timing: frame scene=35 tick=1953 clock=14486071 updates=1 update=336 draw=422 present=6 map=0
video: scene=35 tick=32 vblank=3430 hash=0c3270f7
timing: frame scene=35 tick=1954 clock=14490460 updates=1 update=334 draw=2390 present=182 map=0
video: scene=35 tick=33 vblank=3431 hash=0c3270f7
timing: frame scene=35 tick=1955 clock=14494852 updates=1 update=334 draw=422 present=111 map=0
video: scene=35 tick=34 vblank=3432 hash=485915c5
timing: frame scene=35 tick=1956 clock=14499238 updates=1 update=334 draw=422 present=5 map=0
video: scene=35 tick=35 vblank=3433 hash=485915c5
timing: frame scene=35 tick=1957 clock=14503627 updates=1 update=334 draw=422 present=5 map=0
video: scene=35 tick=36 vblank=3434 hash=485915c5
timing: frame scene=35 tick=1958 clock=14508016 updates=1 update=334 draw=422 present=5 map=0
video: scene=35 tick=37 vblank=3435 hash=485915c5
timing: frame scene=35 tick=1959 clock=14512405 updates=1 update=334 draw=422 present=5 map=0
video: scene=35 tick=38 vblank=3436 hash=485915c5
timing: frame scene=35 tick=1960 clock=14516794 updates=1 update=334 draw=422 present=5 map=0
video: scene=35 tick=39 vblank=3437 hash=485915c5
timing: frame scene=35 tick=1961 clock=14521183 updates=1 update=372 draw=422 present=6 map=0
video: scene=35 tick=40 vblank=3438 hash=485915c5
timing: frame scene=35 tick=1962 clock=14525572 updates=1 update=336 draw=419 present=6 map=0
video: scene=35 tick=41 vblank=3439 hash=485915c5
video: scene=35 tick=42 vblank=3440 hash=485915c5
timing: frame scene=35 tick=1963 clock=14529961 updates=1 update=7957 draw=22792 present=776 map=37
video: scene=35 tick=43 vblank=3447 hash=c8c677a9
timing: frame scene=35 tick=1964 clock=14561875 updates=1 update=2389 draw=361 present=787 map=37
timing: frame scene=35 tick=1965 clock=14569462 updates=1 update=414 draw=362 present=5 map=37
video: scene=35 tick=44 vblank=3449 hash=c8c677a9
timing: frame scene=35 tick=1966 clock=14573851 updates=1 update=336 draw=361 present=6 map=37
video: scene=35 tick=45 vblank=3450 hash=c8c677a9
timing: frame scene=35 tick=1967 clock=14578240 updates=1 update=336 draw=361 present=6 map=37
video: scene=35 tick=46 vblank=3451 hash=c8c677a9
timing: frame scene=35 tick=1968 clock=14582629 updates=1 update=336 draw=361 present=6 map=37
video: scene=35 tick=47 vblank=3452 hash=c8c677a9
timing: frame scene=35 tick=1969 clock=14587018 updates=1 update=336 draw=361 present=6 map=37
video: scene=35 tick=48 vblank=3453 hash=c8c677a9
timing: frame scene=35 tick=1970 clock=14591407 updates=1 update=336 draw=361 present=6 map=37
video: scene=35 tick=49 vblank=3454 hash=c8c677a9
timing: frame scene=35 tick=1971 clock=14595796 updates=1 update=336 draw=1830 present=182 map=37
video: scene=35 tick=50 vblank=3455 hash=c8c677a9
timing: frame scene=35 tick=1972 clock=14600188 updates=1 update=336 draw=361 present=111 map=37
video: scene=35 tick=51 vblank=3456 hash=83ee8f95
timing: frame scene=35 tick=1973 clock=14604574 updates=1 update=394 draw=362 present=5 map=37
video: scene=35 tick=52 vblank=3457 hash=83ee8f95
timing: frame scene=35 tick=1974 clock=14608963 updates=1 update=336 draw=361 present=6 map=37
video: scene=35 tick=53 vblank=3458 hash=83ee8f95
timing: frame scene=35 tick=1975 clock=14613352 updates=1 update=336 draw=361 present=6 map=37
video: scene=35 tick=54 vblank=3459 hash=83ee8f95
timing: frame scene=35 tick=1976 clock=14617741 updates=1 update=336 draw=361 present=6 map=37
video: scene=35 tick=55 vblank=3460 hash=83ee8f95
timing: frame scene=35 tick=1977 clock=14622130 updates=1 update=336 draw=361 present=6 map=37
video: scene=35 tick=56 vblank=3461 hash=83ee8f95
timing: frame scene=35 tick=1978 clock=14626519 updates=1 update=336 draw=361 present=6 map=37
video: scene=35 tick=57 vblank=3462 hash=83ee8f95
timing: frame scene=35 tick=1979 clock=14630908 updates=1 update=336 draw=1830 present=182 map=37
video: scene=35 tick=58 vblank=3463 hash=83ee8f95
timing: frame scene=35 tick=1980 clock=14635300 updates=1 update=336 draw=361 present=111 map=37
prof f1980 ticks(avg) wait=2724 upd=672 draw/render=5922 present/render=590 dump=342 total=5818 max=35150 renders=16
video: scene=35 tick=59 vblank=3464 hash=06f7dfa9
timing: frame scene=35 tick=1981 clock=14639686 updates=1 update=336 draw=361 present=6 map=37
video: scene=35 tick=60 vblank=3465 hash=06f7dfa9
timing: frame scene=35 tick=1982 clock=14644075 updates=1 update=336 draw=361 present=6 map=37
video: scene=35 tick=61 vblank=3466 hash=06f7dfa9
timing: frame scene=35 tick=1983 clock=14648464 updates=1 update=337 draw=361 present=5 map=37
video: scene=35 tick=62 vblank=3467 hash=06f7dfa9
timing: frame scene=35 tick=1984 clock=14652853 updates=1 update=337 draw=361 present=5 map=37
video: scene=35 tick=63 vblank=3468 hash=06f7dfa9
timing: frame scene=35 tick=1985 clock=14657242 updates=1 update=337 draw=361 present=5 map=37
video: scene=35 tick=64 vblank=3469 hash=06f7dfa9
timing: frame scene=35 tick=1986 clock=14661631 updates=1 update=337 draw=361 present=5 map=37
video: scene=35 tick=65 vblank=3470 hash=06f7dfa9
timing: frame scene=35 tick=1987 clock=14666020 updates=1 update=337 draw=1789 present=182 map=37
video: scene=35 tick=66 vblank=3471 hash=06f7dfa9
timing: frame scene=35 tick=1988 clock=14670412 updates=1 update=857 draw=1788 present=181 map=37
video: scene=35 tick=67 vblank=3472 hash=06f7dfa9
video: scene=35 tick=68 vblank=3473 hash=06f7dfa9
timing: frame scene=35 tick=1989 clock=14674801 updates=1 update=786 draw=3345 present=799 map=37
video: scene=35 tick=69 vblank=3474 hash=37bbc471
timing: frame scene=35 tick=1990 clock=14680111 updates=1 update=785 draw=3458 present=775 map=37
video: scene=35 tick=70 vblank=3476 hash=b1dac480
timing: frame scene=35 tick=1991 clock=14687968 updates=1 update=863 draw=3548 present=775 map=37
video: scene=35 tick=71 vblank=3477 hash=53c2d324
timing: frame scene=35 tick=1992 clock=14693534 updates=1 update=786 draw=3370 present=775 map=37
video: scene=35 tick=72 vblank=3479 hash=6841492d
timing: frame scene=35 tick=1993 clock=14701135 updates=1 update=863 draw=3345 present=798 map=37
video: scene=35 tick=73 vblank=3480 hash=086e8516
timing: frame scene=35 tick=1994 clock=14706521 updates=1 update=786 draw=3523 present=775 map=37
video: scene=35 tick=74 vblank=3482 hash=b32e82b7
timing: frame scene=35 tick=1995 clock=14714302 updates=1 update=865 draw=3613 present=775 map=37
video: scene=35 tick=75 vblank=3483 hash=28ce0b94
timing: frame scene=35 tick=1996 clock=14719936 updates=1 update=1052 draw=3369 present=775 map=37
video: scene=35 tick=76 vblank=3485 hash=52b58c67
timing: frame scene=35 tick=1997 clock=14727469 updates=1 update=863 draw=3345 present=798 map=37
video: scene=35 tick=77 vblank=3486 hash=dd3e138e
timing: frame scene=35 tick=1998 clock=14732855 updates=1 update=786 draw=3458 present=775 map=37
video: scene=35 tick=78 vblank=3488 hash=c6110caa
timing: frame scene=35 tick=1999 clock=14740636 updates=1 update=1075 draw=3547 present=776 map=37
video: scene=35 tick=79 vblank=3490 hash=71d577f4
timing: frame scene=35 tick=2000 clock=14749413 updates=1 update=863 draw=3347 present=798 map=37
video: scene=35 tick=80 vblank=3491 hash=e4bd5c51
timing: frame scene=35 tick=2001 clock=14754801 updates=1 update=784 draw=3367 present=776 map=37
video: scene=35 tick=81 vblank=3493 hash=21611239
timing: frame scene=35 tick=2002 clock=14762581 updates=1 update=863 draw=3523 present=776 map=37
video: scene=35 tick=82 vblank=3494 hash=cc54ff51
timing: frame scene=35 tick=2003 clock=14768123 updates=1 update=783 draw=3613 present=775 map=37
video: scene=35 tick=83 vblank=3496 hash=6a506635
timing: frame scene=35 tick=2004 clock=14775748 updates=1 update=1128 draw=3368 present=776 map=37
video: scene=35 tick=84 vblank=3497 hash=fe9e8484
timing: frame scene=35 tick=2005 clock=14781406 updates=1 update=783 draw=3368 present=776 map=37
video: scene=35 tick=85 vblank=3499 hash=9acf9785
timing: frame scene=35 tick=2006 clock=14788915 updates=1 update=863 draw=3435 present=798 map=37
video: scene=35 tick=86 vblank=3500 hash=4e039b92
timing: frame scene=35 tick=2007 clock=14794391 updates=1 update=784 draw=3547 present=776 map=37
video: scene=35 tick=87 vblank=3502 hash=0522aea9
timing: frame scene=35 tick=2008 clock=14802082 updates=1 update=955 draw=3347 present=799 map=37
video: scene=35 tick=88 vblank=3503 hash=cb165f5a
timing: frame scene=35 tick=2009 clock=14807563 updates=1 update=783 draw=3368 present=775 map=37
video: scene=35 tick=89 vblank=3505 hash=2087568d
timing: frame scene=35 tick=2010 clock=14815249 updates=1 update=865 draw=3522 present=776 map=37
video: scene=35 tick=90 vblank=3506 hash=d33e55a6
prof f2040 ticks(avg) wait=2349 upd=734 draw/render=3318 present/render=734 dump=175 total=5234 max=8357 renders=26
timing: frame scene=36 tick=2041 clock=14955694 updates=1 update=709 draw=358 present=5 map=37
timing: frame scene=36 tick=2042 clock=14960083 updates=1 update=762 draw=1787 present=168 map=37
video: scene=36 tick=1 vblank=3538 hash=19a2ac25
video: scene=36 tick=2 vblank=3539 hash=4ef45a4d
timing: frame scene=36 tick=2043 clock=14964475 updates=1 update=1898 draw=3401 present=775 map=37
video: scene=36 tick=3 vblank=3541 hash=9b8ea9b8
timing: frame scene=36 tick=2044 clock=14973252 updates=1 update=862 draw=3468 present=798 map=37
video: scene=36 tick=4 vblank=3542 hash=4f3e614f
timing: frame scene=36 tick=2045 clock=14978760 updates=1 update=783 draw=3581 present=775 map=37
video: scene=36 tick=5 vblank=3544 hash=d9a53a02
timing: frame scene=36 tick=2046 clock=14986420 updates=1 update=864 draw=3367 present=798 map=37
video: scene=36 tick=6 vblank=3545 hash=d11af632
timing: frame scene=36 tick=2047 clock=14991829 updates=1 update=783 draw=3401 present=776 map=37
video: scene=36 tick=7 vblank=3547 hash=d595a9e8
timing: frame scene=36 tick=2048 clock=14999587 updates=1 update=912 draw=3556 present=775 map=37
video: scene=36 tick=8 vblank=3548 hash=39623d46
timing: frame scene=36 tick=2049 clock=15005210 updates=1 update=784 draw=3645 present=775 map=37
video: scene=36 tick=9 vblank=3550 hash=7c4c7d8e
timing: frame scene=36 tick=2050 clock=15012754 updates=1 update=1127 draw=3388 present=776 map=37
video: scene=36 tick=10 vblank=3552 hash=a88d1440
timing: frame scene=36 tick=2051 clock=15021531 updates=1 update=862 draw=3378 present=798 map=37
video: scene=36 tick=11 vblank=3553 hash=b5a4026b
timing: frame scene=36 tick=2052 clock=15026950 updates=1 update=784 draw=3491 present=775 map=37
video: scene=36 tick=12 vblank=3555 hash=b555af40
timing: frame scene=36 tick=2053 clock=15034699 updates=1 update=862 draw=3580 present=776 map=37
video: scene=36 tick=13 vblank=3556 hash=1c1fa845
timing: frame scene=36 tick=2054 clock=15040297 updates=1 update=785 draw=3390 present=775 map=37
video: scene=36 tick=14 vblank=3558 hash=d8f69c11
timing: frame scene=36 tick=2055 clock=15047866 updates=1 update=862 draw=3378 present=799 map=37
video: scene=36 tick=15 vblank=3559 hash=c6392a1d
timing: frame scene=36 tick=2056 clock=15053285 updates=1 update=787 draw=3555 present=776 map=37
video: scene=36 tick=16 vblank=3561 hash=7f797f27
timing: frame scene=36 tick=2057 clock=15061033 updates=1 update=862 draw=3646 present=775 map=37
video: scene=36 tick=17 vblank=3562 hash=d3afffc8
timing: frame scene=36 tick=2058 clock=15066696 updates=1 update=1269 draw=3388 present=776 map=37
video: scene=36 tick=18 vblank=3564 hash=5c8b6c1f
timing: frame scene=36 tick=2059 clock=15074200 updates=1 update=861 draw=3378 present=798 map=37
video: scene=36 tick=19 vblank=3565 hash=d43a3608
timing: frame scene=36 tick=2060 clock=15079617 updates=1 update=784 draw=3491 present=775 map=37
video: scene=36 tick=20 vblank=3567 hash=7a321bc1
timing: frame scene=36 tick=2061 clock=15087367 updates=1 update=861 draw=3580 present=776 map=37
video: scene=36 tick=21 vblank=3568 hash=c225d8c0
timing: frame scene=36 tick=2062 clock=15092964 updates=1 update=784 draw=3390 present=775 map=37
video: scene=36 tick=22 vblank=3570 hash=48d1e9e9
timing: frame scene=36 tick=2063 clock=15100534 updates=1 update=861 draw=3378 present=798 map=37
video: scene=36 tick=23 vblank=3571 hash=0496a3e5
timing: frame scene=36 tick=2064 clock=15105951 updates=1 update=784 draw=3556 present=775 map=37
video: scene=36 tick=24 vblank=3573 hash=7da75de9
timing: frame scene=36 tick=2065 clock=15113701 updates=1 update=861 draw=3645 present=776 map=37
video: scene=36 tick=25 vblank=3574 hash=83dddc19
timing: frame scene=36 tick=2066 clock=15119363 updates=1 update=1158 draw=3432 present=775 map=37
timing: frame scene=36 tick=2067 clock=15126868 updates=1 update=445 draw=362 present=764 map=37
video: scene=36 tick=26 vblank=3576 hash=9d34a769
timing: frame scene=36 tick=2068 clock=15131254 updates=1 update=376 draw=361 present=6 map=37
video: scene=36 tick=27 vblank=3577 hash=9d34a769
timing: frame scene=36 tick=2069 clock=15135643 updates=1 update=371 draw=361 present=6 map=37
video: scene=36 tick=28 vblank=3578 hash=9d34a769
timing: frame scene=36 tick=2070 clock=15140032 updates=1 update=334 draw=361 present=6 map=37
video: scene=36 tick=29 vblank=3579 hash=9d34a769
timing: frame scene=36 tick=2071 clock=15144421 updates=1 update=333 draw=361 present=6 map=37
video: scene=36 tick=30 vblank=3580 hash=9d34a769
timing: frame scene=36 tick=2072 clock=15148810 updates=1 update=333 draw=361 present=6 map=37
video: scene=36 tick=31 vblank=3581 hash=9d34a769
timing: frame scene=36 tick=2073 clock=15153199 updates=1 update=333 draw=361 present=6 map=37
video: scene=36 tick=32 vblank=3582 hash=9d34a769
timing: frame scene=36 tick=2074 clock=15157588 updates=1 update=333 draw=1830 present=182 map=37
video: scene=36 tick=33 vblank=3583 hash=9d34a769
timing: frame scene=36 tick=2075 clock=15161980 updates=1 update=332 draw=362 present=111 map=37
video: scene=36 tick=34 vblank=3584 hash=29e0af1d
timing: frame scene=36 tick=2076 clock=15166366 updates=1 update=333 draw=361 present=6 map=37
video: scene=36 tick=35 vblank=3585 hash=29e0af1d
timing: frame scene=36 tick=2077 clock=15170755 updates=1 update=333 draw=361 present=6 map=37
video: scene=36 tick=36 vblank=3586 hash=29e0af1d
timing: frame scene=36 tick=2078 clock=15175144 updates=1 update=333 draw=362 present=6 map=37
video: scene=36 tick=37 vblank=3587 hash=29e0af1d
timing: frame scene=36 tick=2079 clock=15179533 updates=1 update=333 draw=362 present=6 map=37
video: scene=36 tick=38 vblank=3588 hash=29e0af1d
timing: frame scene=36 tick=2080 clock=15183922 updates=1 update=333 draw=362 present=6 map=37
video: scene=36 tick=39 vblank=3589 hash=29e0af1d
timing: frame scene=36 tick=2081 clock=15188311 updates=1 update=333 draw=362 present=6 map=37
video: scene=36 tick=40 vblank=3590 hash=29e0af1d
timing: frame scene=36 tick=2082 clock=15192700 updates=1 update=371 draw=1831 present=182 map=37
video: scene=36 tick=41 vblank=3591 hash=29e0af1d
timing: frame scene=36 tick=2083 clock=15197092 updates=1 update=425 draw=361 present=111 map=37
video: scene=36 tick=42 vblank=3592 hash=a379e145
timing: frame scene=36 tick=2084 clock=15201478 updates=1 update=335 draw=362 present=6 map=37
video: scene=36 tick=43 vblank=3593 hash=a379e145
timing: frame scene=36 tick=2085 clock=15205867 updates=1 update=371 draw=362 present=6 map=37
video: scene=36 tick=44 vblank=3594 hash=a379e145
timing: frame scene=36 tick=2086 clock=15210256 updates=1 update=333 draw=362 present=6 map=37
video: scene=36 tick=45 vblank=3595 hash=a379e145
timing: frame scene=36 tick=2087 clock=15214645 updates=1 update=333 draw=362 present=6 map=37
video: scene=36 tick=46 vblank=3596 hash=a379e145
timing: frame scene=36 tick=2088 clock=15219034 updates=1 update=333 draw=362 present=6 map=37
video: scene=36 tick=47 vblank=3597 hash=a379e145
timing: frame scene=36 tick=2089 clock=15223423 updates=1 update=333 draw=362 present=6 map=37
video: scene=36 tick=48 vblank=3598 hash=a379e145
timing: frame scene=36 tick=2090 clock=15227812 updates=1 update=333 draw=1831 present=182 map=37
video: scene=36 tick=49 vblank=3599 hash=a379e145
timing: frame scene=36 tick=2091 clock=15232204 updates=1 update=333 draw=362 present=111 map=37
video: scene=36 tick=50 vblank=3600 hash=485915c5
frame=3600 status=008f volume=ff77
timing: frame scene=36 tick=2092 clock=15236590 updates=1 update=333 draw=362 present=6 map=37
video: scene=36 tick=51 vblank=3601 hash=485915c5
timing: frame scene=36 tick=2093 clock=15240979 updates=1 update=335 draw=362 present=6 map=37
video: scene=36 tick=52 vblank=3602 hash=485915c5
timing: frame scene=36 tick=2094 clock=15245368 updates=1 update=333 draw=362 present=6 map=37
video: scene=36 tick=53 vblank=3603 hash=485915c5
timing: frame scene=36 tick=2095 clock=15249757 updates=1 update=333 draw=362 present=6 map=37
video: scene=36 tick=54 vblank=3604 hash=485915c5
timing: frame scene=36 tick=2096 clock=15254146 updates=1 update=333 draw=362 present=6 map=37
video: scene=36 tick=55 vblank=3605 hash=485915c5
timing: frame scene=36 tick=2097 clock=15258535 updates=1 update=333 draw=362 present=6 map=37
video: scene=36 tick=56 vblank=3606 hash=485915c5
timing: frame scene=36 tick=2098 clock=15262924 updates=1 update=575 draw=358 present=6 map=37
video: scene=36 tick=57 vblank=3607 hash=485915c5
video: scene=36 tick=58 vblank=3608 hash=485915c5
timing: frame scene=36 tick=2099 clock=15267313 updates=1 update=18892 draw=29191 present=799 map=0
video: scene=36 tick=59 vblank=3619 hash=dffa7cd9
timing: frame scene=36 tick=2100 clock=15316586 updates=1 update=2528 draw=421 present=787 map=0
prof f2100 ticks(avg) wait=2267 upd=936 draw/render=4135 present/render=697 dump=345 total=6106 max=52329 renders=29
timing: frame scene=36 tick=2101 clock=15324370 updates=1 update=415 draw=421 present=6 map=0
video: scene=36 tick=60 vblank=3621 hash=dffa7cd9
timing: frame scene=36 tick=2102 clock=15328759 updates=1 update=436 draw=421 present=6 map=0
video: scene=36 tick=61 vblank=3622 hash=dffa7cd9
timing: frame scene=36 tick=2103 clock=15333148 updates=1 update=337 draw=421 present=6 map=0
video: scene=36 tick=62 vblank=3623 hash=dffa7cd9
timing: frame scene=36 tick=2104 clock=15337537 updates=1 update=337 draw=421 present=6 map=0
video: scene=36 tick=63 vblank=3624 hash=dffa7cd9
timing: frame scene=36 tick=2105 clock=15341926 updates=1 update=337 draw=421 present=6 map=0
video: scene=36 tick=64 vblank=3625 hash=dffa7cd9
timing: frame scene=36 tick=2106 clock=15346315 updates=1 update=337 draw=421 present=6 map=0
video: scene=36 tick=65 vblank=3626 hash=dffa7cd9
timing: frame scene=36 tick=2107 clock=15350704 updates=1 update=337 draw=2347 present=183 map=0
video: scene=36 tick=66 vblank=3627 hash=dffa7cd9
timing: frame scene=36 tick=2108 clock=15355096 updates=1 update=337 draw=421 present=112 map=0
video: scene=36 tick=67 vblank=3628 hash=1c86a385
timing: frame scene=36 tick=2109 clock=15359482 updates=1 update=337 draw=421 present=6 map=0
video: scene=36 tick=68 vblank=3629 hash=1c86a385
timing: frame scene=36 tick=2110 clock=15363871 updates=1 update=337 draw=421 present=6 map=0
video: scene=36 tick=69 vblank=3630 hash=1c86a385
timing: frame scene=36 tick=2111 clock=15368260 updates=1 update=337 draw=421 present=6 map=0
video: scene=36 tick=70 vblank=3631 hash=1c86a385
timing: frame scene=36 tick=2112 clock=15372649 updates=1 update=337 draw=422 present=5 map=0
video: scene=36 tick=71 vblank=3632 hash=1c86a385
timing: frame scene=36 tick=2113 clock=15377038 updates=1 update=337 draw=422 present=5 map=0
video: scene=36 tick=72 vblank=3633 hash=1c86a385
timing: frame scene=36 tick=2114 clock=15381427 updates=1 update=337 draw=422 present=5 map=0
video: scene=36 tick=73 vblank=3634 hash=1c86a385
timing: frame scene=36 tick=2115 clock=15385816 updates=1 update=337 draw=2348 present=183 map=0
video: scene=36 tick=74 vblank=3635 hash=1c86a385
timing: frame scene=36 tick=2116 clock=15390208 updates=1 update=339 draw=422 present=112 map=0
video: scene=36 tick=75 vblank=3636 hash=a418a436
timing: frame scene=36 tick=2117 clock=15394594 updates=1 update=543 draw=422 present=5 map=0
video: scene=36 tick=76 vblank=3637 hash=a418a436
timing: frame scene=36 tick=2118 clock=15398983 updates=1 update=337 draw=421 present=6 map=0
video: scene=36 tick=77 vblank=3638 hash=a418a436
video: scene=36 tick=78 vblank=3639 hash=a418a436
timing: frame scene=36 tick=2119 clock=15403372 updates=1 update=339 draw=3946 present=798 map=0
timing: frame scene=36 tick=2120 clock=15408834 updates=1 update=338 draw=421 present=764 map=0
video: scene=36 tick=79 vblank=3640 hash=a418a436
timing: frame scene=36 tick=2121 clock=15412150 updates=1 update=337 draw=421 present=6 map=0
video: scene=36 tick=80 vblank=3641 hash=a418a436
timing: frame scene=36 tick=2122 clock=15416539 updates=1 update=337 draw=421 present=6 map=0
video: scene=36 tick=81 vblank=3642 hash=a418a436
timing: frame scene=36 tick=2123 clock=15420928 updates=1 update=337 draw=2307 present=182 map=0
video: scene=36 tick=82 vblank=3643 hash=a418a436
video: scene=36 tick=83 vblank=3644 hash=a418a436
timing: frame scene=36 tick=2124 clock=15425320 updates=1 update=3638 draw=2577 present=183 map=0
video: scene=36 tick=84 vblank=3646 hash=7f55e051
timing: frame scene=36 tick=2125 clock=15434097 updates=1 update=9469 draw=2585 present=184 map=0
video: scene=36 tick=85 vblank=3649 hash=e4b7cbb3
timing: frame scene=36 tick=2126 clock=15447264 updates=1 update=3883 draw=2617 present=184 map=0
video: scene=36 tick=86 vblank=3651 hash=17289821
timing: frame scene=36 tick=2127 clock=15456042 updates=1 update=1022 draw=4171 present=776 map=0
video: scene=36 tick=87 vblank=3653 hash=244eab46
timing: frame scene=36 tick=2128 clock=15464820 updates=1 update=1071 draw=4257 present=775 map=0
video: scene=36 tick=88 vblank=3655 hash=42b61265
timing: frame scene=36 tick=2129 clock=15473598 updates=1 update=1022 draw=4346 present=776 map=0
video: scene=36 tick=89 vblank=3657 hash=6c3c0742
timing: frame scene=36 tick=2130 clock=15482376 updates=1 update=1023 draw=4162 present=775 map=0
timing: DONE
samples=5402012 nonzero=3093866 active_channels=f
