frame=0 status=0000 volume=0000
pokered-gba: booting game core…
pokered-gba: game constructed
pokered-gba: battle rules ready
pokered-gba: first frame done
prof f60 ticks(avg) wait=3785 upd=327 draw/render=13823 present/render=856 dump=1 total=4657 max=25811 renders=1
prof f120 ticks(avg) wait=3934 upd=137 draw/render=0 present/render=0 dump=1 total=4362 max=4370 renders=0
frame=300 status=0080 volume=0077
prof f180 ticks(avg) wait=3934 upd=137 draw/render=8515 present/render=856 dump=1 total=4514 max=13452 renders=1
prof f239 ticks(avg) wait=3841 upd=137 draw/render=0 present/render=0 dump=1 total=4284 max=4596 renders=0
prof f299 ticks(avg) wait=1274 upd=232 draw/render=6638 present/render=833 dump=1 total=8502 max=11632 renders=56
frame=600 status=0080 volume=0077
keys=03ff
prof f359 ticks(avg) wait=1140 upd=229 draw/render=6545 present/render=833 dump=1 total=8749 max=9592 renders=60
prof f419 ticks(avg) wait=697 upd=229 draw/render=6989 present/render=840 dump=1 total=8758 max=10325 renders=60
prof f479 ticks(avg) wait=1749 upd=198 draw/render=7000 present/render=843 dump=1 total=7163 max=10325 renders=39
prof f538 ticks(avg) wait=3783 upd=149 draw/render=7591 present/render=833 dump=1 total=4508 max=11331 renders=2
frame=900 status=0080 volume=0077
prof f598 ticks(avg) wait=2193 upd=387 draw/render=10894 present/render=833 dump=1 total=10117 max=25054 renders=38
timing: frame scene=31 tick=601 clock=3980149 updates=1 update=930 draw=10728 present=834 map=38
video: scene=31 tick=1 vblank=1039 hash=63797c01
timing: frame scene=31 tick=602 clock=3993316 updates=1 update=466 draw=10724 present=834 map=38
video: scene=31 tick=2 vblank=1042 hash=63797c01
timing: frame scene=31 tick=603 clock=4006483 updates=1 update=449 draw=10727 present=835 map=38
video: scene=31 tick=3 vblank=1045 hash=63797c01
timing: frame scene=31 tick=604 clock=4019650 updates=1 update=549 draw=10880 present=834 map=38
video: scene=31 tick=4 vblank=1048 hash=4dc15f51
timing: frame scene=31 tick=605 clock=4032817 updates=1 update=473 draw=10875 present=834 map=38
video: scene=31 tick=5 vblank=1051 hash=4dc15f51
timing: frame scene=31 tick=606 clock=4045984 updates=1 update=454 draw=10879 present=834 map=38
video: scene=31 tick=6 vblank=1054 hash=4dc15f51
timing: frame scene=31 tick=607 clock=4059151 updates=1 update=549 draw=11031 present=834 map=38
video: scene=31 tick=7 vblank=1057 hash=73b0f92d
timing: frame scene=31 tick=608 clock=4072318 updates=1 update=472 draw=11027 present=834 map=38
video: scene=31 tick=8 vblank=1060 hash=73b0f92d
timing: frame scene=31 tick=609 clock=4085485 updates=1 update=456 draw=11031 present=834 map=38
video: scene=31 tick=9 vblank=1063 hash=73b0f92d
timing: frame scene=31 tick=610 clock=4098652 updates=1 update=547 draw=10590 present=834 map=38
video: scene=31 tick=10 vblank=1066 hash=317ef501
timing: frame scene=31 tick=611 clock=4111819 updates=1 update=457 draw=10586 present=834 map=38
video: scene=31 tick=11 vblank=1069 hash=317ef501
timing: frame scene=31 tick=612 clock=4124986 updates=1 update=470 draw=10589 present=835 map=38
video: scene=31 tick=12 vblank=1072 hash=317ef501
timing: frame scene=31 tick=613 clock=4138153 updates=1 update=761 draw=10585 present=834 map=38
video: scene=31 tick=13 vblank=1075 hash=03fe80bd
timing: frame scene=31 tick=614 clock=4151320 updates=1 update=521 draw=10585 present=834 map=38
video: scene=31 tick=14 vblank=1078 hash=03fe80bd
timing: frame scene=31 tick=615 clock=4164487 updates=1 update=340 draw=10586 present=834 map=38
video: scene=31 tick=15 vblank=1081 hash=03fe80bd
timing: frame scene=31 tick=616 clock=4177654 updates=1 update=741 draw=10589 present=835 map=38
video: scene=31 tick=16 vblank=1084 hash=bfdfb9b1
timing: frame scene=31 tick=617 clock=4190821 updates=1 update=521 draw=10590 present=834 map=38
video: scene=31 tick=17 vblank=1087 hash=bfdfb9b1
timing: frame scene=31 tick=618 clock=4203988 updates=1 update=339 draw=10589 present=835 map=38
video: scene=31 tick=18 vblank=1090 hash=bfdfb9b1
timing: frame scene=31 tick=619 clock=4217155 updates=1 update=767 draw=10585 present=835 map=38
video: scene=31 tick=19 vblank=1093 hash=33d6bc0d
timing: frame scene=31 tick=620 clock=4230322 updates=1 update=541 draw=10586 present=834 map=38
video: scene=31 tick=20 vblank=1096 hash=33d6bc0d
timing: frame scene=31 tick=621 clock=4243489 updates=1 update=452 draw=10590 present=834 map=38
video: scene=31 tick=21 vblank=1099 hash=33d6bc0d
timing: frame scene=31 tick=622 clock=4256656 updates=1 update=474 draw=10586 present=834 map=38
video: scene=31 tick=22 vblank=1102 hash=c2b44ce1
timing: frame scene=31 tick=623 clock=4269823 updates=1 update=547 draw=10586 present=834 map=38
video: scene=31 tick=23 vblank=1105 hash=c2b44ce1
timing: frame scene=31 tick=624 clock=4282990 updates=1 update=454 draw=10590 present=834 map=38
video: scene=31 tick=24 vblank=1108 hash=c2b44ce1
timing: frame scene=31 tick=625 clock=4296157 updates=1 update=787 draw=10585 present=834 map=38
video: scene=31 tick=25 vblank=1111 hash=874d9d3d
timing: frame scene=31 tick=626 clock=4309324 updates=1 update=337 draw=10586 present=834 map=38
video: scene=31 tick=26 vblank=1114 hash=874d9d3d
timing: frame scene=31 tick=627 clock=4322491 updates=1 update=521 draw=10586 present=834 map=38
video: scene=31 tick=27 vblank=1117 hash=874d9d3d
timing: frame scene=31 tick=628 clock=4335658 updates=1 update=742 draw=10589 present=835 map=38
video: scene=31 tick=28 vblank=1120 hash=c8f6a131
timing: frame scene=31 tick=629 clock=4348825 updates=1 update=337 draw=10590 present=834 map=38
video: scene=31 tick=29 vblank=1123 hash=c8f6a131
timing: frame scene=31 tick=630 clock=4361992 updates=1 update=521 draw=10590 present=834 map=38
video: scene=31 tick=30 vblank=1126 hash=c8f6a131
timing: frame scene=31 tick=631 clock=4375159 updates=1 update=766 draw=10586 present=834 map=38
video: scene=31 tick=31 vblank=1129 hash=f22996cd
timing: frame scene=31 tick=632 clock=4388326 updates=1 update=337 draw=10586 present=834 map=38
video: scene=31 tick=32 vblank=1132 hash=f22996cd
timing: frame scene=31 tick=633 clock=4401493 updates=1 update=340 draw=10585 present=835 map=38
video: scene=31 tick=33 vblank=1135 hash=f22996cd
timing: frame scene=31 tick=634 clock=4414660 updates=1 update=343 draw=10585 present=834 map=38
video: scene=31 tick=34 vblank=1138 hash=4c1b05a1
timing: frame scene=31 tick=635 clock=4427827 updates=1 update=346 draw=10585 present=835 map=38
video: scene=31 tick=35 vblank=1141 hash=4c1b05a1
timing: frame scene=31 tick=636 clock=4440994 updates=1 update=341 draw=10585 present=835 map=38
video: scene=31 tick=36 vblank=1144 hash=4c1b05a1
timing: frame scene=31 tick=637 clock=4454161 updates=1 update=751 draw=10590 present=834 map=38
video: scene=31 tick=37 vblank=1147 hash=e8d2e75d
timing: frame scene=31 tick=638 clock=4467328 updates=1 update=355 draw=10590 present=834 map=38
video: scene=31 tick=38 vblank=1150 hash=e8d2e75d
timing: frame scene=31 tick=639 clock=4480495 updates=1 update=521 draw=10589 present=835 map=38
video: scene=31 tick=39 vblank=1153 hash=e8d2e75d
timing: frame scene=31 tick=640 clock=4493662 updates=1 update=725 draw=10586 present=834 map=38
video: scene=31 tick=40 vblank=1156 hash=2acd7f11
timing: frame scene=31 tick=641 clock=4506829 updates=1 update=355 draw=10586 present=834 map=38
video: scene=31 tick=41 vblank=1159 hash=2acd7f11
timing: frame scene=31 tick=642 clock=4519996 updates=1 update=521 draw=10585 present=834 map=38
video: scene=31 tick=42 vblank=1162 hash=2acd7f11
timing: frame scene=31 tick=643 clock=4533163 updates=1 update=750 draw=10590 present=834 map=38
video: scene=31 tick=43 vblank=1165 hash=21442cad
timing: frame scene=31 tick=644 clock=4546330 updates=1 update=355 draw=10590 present=834 map=38
video: scene=31 tick=44 vblank=1168 hash=21442cad
timing: frame scene=31 tick=645 clock=4559497 updates=1 update=337 draw=10590 present=834 map=38
video: scene=31 tick=45 vblank=1171 hash=21442cad
timing: frame scene=31 tick=646 clock=4572664 updates=1 update=344 draw=10590 present=834 map=38
video: scene=31 tick=46 vblank=1174 hash=3d0ba601
timing: frame scene=31 tick=647 clock=4585831 updates=1 update=343 draw=10590 present=834 map=38
video: scene=31 tick=47 vblank=1177 hash=3d0ba601
timing: frame scene=31 tick=648 clock=4598998 updates=1 update=343 draw=10590 present=834 map=38
video: scene=31 tick=48 vblank=1180 hash=3d0ba601
timing: frame scene=31 tick=649 clock=4612165 updates=1 update=346 draw=10589 present=835 map=38
video: scene=31 tick=49 vblank=1183 hash=8e75cc8b
timing: frame scene=31 tick=650 clock=4625332 updates=1 update=763 draw=10585 present=835 map=38
video: scene=31 tick=50 vblank=1186 hash=8e75cc8b
timing: frame scene=31 tick=651 clock=4638499 updates=1 update=520 draw=10586 present=834 map=38
video: scene=31 tick=51 vblank=1189 hash=8e75cc8b
timing: frame scene=31 tick=652 clock=4651666 updates=1 update=341 draw=10585 present=834 map=38
video: scene=31 tick=52 vblank=1192 hash=0a963801
timing: frame scene=31 tick=653 clock=4664833 updates=1 update=739 draw=10589 present=835 map=38
video: scene=31 tick=53 vblank=1195 hash=0a963801
timing: frame scene=31 tick=654 clock=4678000 updates=1 update=521 draw=10589 present=835 map=38
video: scene=31 tick=54 vblank=1198 hash=0a963801
timing: frame scene=31 tick=655 clock=4691167 updates=1 update=343 draw=10590 present=834 map=38
frame=1200 status=008f volume=ff77
video: scene=31 tick=55 vblank=1201 hash=c6d922e1
timing: frame scene=31 tick=656 clock=4704334 updates=1 update=849 draw=10590 present=834 map=38
video: scene=31 tick=56 vblank=1204 hash=c6d922e1
timing: frame scene=31 tick=657 clock=4717501 updates=1 update=467 draw=10585 present=834 map=38
video: scene=31 tick=57 vblank=1207 hash=c6d922e1
timing: frame scene=31 tick=658 clock=4730668 updates=1 update=451 draw=10590 present=834 map=38
prof f658 ticks(avg) wait=828 upd=505 draw/render=10631 present/render=833 dump=331 total=13130 max=13789 renders=60
video: scene=31 tick=58 vblank=1210 hash=88bd3734
timing: frame scene=31 tick=659 clock=4743835 updates=1 update=549 draw=10590 present=835 map=38
video: scene=31 tick=59 vblank=1213 hash=88bd3734
timing: frame scene=31 tick=660 clock=4757002 updates=1 update=452 draw=10586 present=834 map=38
video: scene=31 tick=60 vblank=1216 hash=88bd3734
timing: frame scene=31 tick=661 clock=4770169 updates=1 update=476 draw=10590 present=834 map=38
video: scene=31 tick=61 vblank=1219 hash=e2217019
timing: frame scene=31 tick=662 clock=4783336 updates=1 update=757 draw=10586 present=834 map=38
video: scene=31 tick=62 vblank=1222 hash=e2217019
timing: frame scene=31 tick=663 clock=4796503 updates=1 update=521 draw=10585 present=834 map=38
video: scene=31 tick=63 vblank=1225 hash=e2217019
timing: frame scene=31 tick=664 clock=4809670 updates=1 update=341 draw=10585 present=834 map=38
video: scene=31 tick=64 vblank=1228 hash=1bbaba17
timing: frame scene=31 tick=665 clock=4822837 updates=1 update=739 draw=10590 present=834 map=38
video: scene=31 tick=65 vblank=1231 hash=1bbaba17
timing: frame scene=31 tick=666 clock=4836004 updates=1 update=521 draw=10589 present=835 map=38
video: scene=31 tick=66 vblank=1234 hash=1bbaba17
timing: frame scene=31 tick=667 clock=4849171 updates=1 update=343 draw=10590 present=834 map=38
video: scene=31 tick=67 vblank=1237 hash=a60f348d
timing: frame scene=31 tick=668 clock=4862338 updates=1 update=765 draw=10585 present=834 map=38
video: scene=31 tick=68 vblank=1240 hash=a60f348d
timing: frame scene=31 tick=669 clock=4875505 updates=1 update=337 draw=10586 present=834 map=38
video: scene=31 tick=69 vblank=1243 hash=a60f348d
timing: frame scene=31 tick=670 clock=4888672 updates=1 update=340 draw=10585 present=835 map=38
video: scene=31 tick=70 vblank=1246 hash=15c9765b
timing: frame scene=31 tick=671 clock=4901839 updates=1 update=343 draw=10585 present=834 map=38
video: scene=31 tick=71 vblank=1249 hash=15c9765b
timing: frame scene=31 tick=672 clock=4915006 updates=1 update=343 draw=10586 present=834 map=38
video: scene=31 tick=72 vblank=1252 hash=15c9765b
timing: frame scene=31 tick=673 clock=4928173 updates=1 update=345 draw=10586 present=834 map=38
video: scene=31 tick=73 vblank=1255 hash=2a699e97
timing: frame scene=31 tick=674 clock=4941340 updates=1 update=770 draw=10590 present=834 map=38
video: scene=31 tick=74 vblank=1258 hash=2a699e97
timing: frame scene=31 tick=675 clock=4954507 updates=1 update=337 draw=10590 present=834 map=38
video: scene=31 tick=75 vblank=1261 hash=2a699e97
timing: frame scene=31 tick=676 clock=4967674 updates=1 update=523 draw=10590 present=835 map=38
video: scene=31 tick=76 vblank=1264 hash=0156face
timing: frame scene=31 tick=677 clock=4980841 updates=1 update=742 draw=10586 present=834 map=38
video: scene=31 tick=77 vblank=1267 hash=0156face
timing: frame scene=31 tick=678 clock=4994008 updates=1 update=337 draw=10586 present=834 map=38
video: scene=31 tick=78 vblank=1270 hash=0156face
timing: frame scene=31 tick=679 clock=5007175 updates=1 update=523 draw=10586 present=834 map=38
video: scene=31 tick=79 vblank=1273 hash=506c0fd4
timing: frame scene=31 tick=680 clock=5020342 updates=1 update=770 draw=10590 present=834 map=38
video: scene=31 tick=80 vblank=1276 hash=506c0fd4
timing: frame scene=31 tick=681 clock=5033509 updates=1 update=338 draw=10590 present=834 map=38
video: scene=31 tick=81 vblank=1279 hash=506c0fd4
timing: frame scene=31 tick=682 clock=5046676 updates=1 update=340 draw=10590 present=834 map=38
video: scene=31 tick=82 vblank=1282 hash=bb8b5abf
timing: frame scene=31 tick=683 clock=5059843 updates=1 update=438 draw=10586 present=834 map=38
video: scene=31 tick=83 vblank=1285 hash=bb8b5abf
timing: frame scene=31 tick=684 clock=5073010 updates=1 update=469 draw=10590 present=834 map=38
video: scene=31 tick=84 vblank=1288 hash=bb8b5abf
timing: frame scene=31 tick=685 clock=5086177 updates=1 update=552 draw=10590 present=834 map=38
video: scene=31 tick=85 vblank=1291 hash=39365515
timing: frame scene=31 tick=686 clock=5099344 updates=1 update=751 draw=10586 present=834 map=38
video: scene=31 tick=86 vblank=1294 hash=39365515
timing: frame scene=31 tick=687 clock=5112511 updates=1 update=355 draw=10586 present=834 map=38
video: scene=31 tick=87 vblank=1297 hash=39365515
timing: frame scene=31 tick=688 clock=5125678 updates=1 update=339 draw=10586 present=834 map=38
video: scene=31 tick=88 vblank=1300 hash=6a4ef88c
timing: frame scene=31 tick=689 clock=5138845 updates=1 update=342 draw=10586 present=834 map=38
video: scene=31 tick=89 vblank=1303 hash=6a4ef88c
timing: frame scene=31 tick=690 clock=5152012 updates=1 update=346 draw=10585 present=834 map=38
video: scene=31 tick=90 vblank=1306 hash=6a4ef88c
timing: frame scene=31 tick=691 clock=5165179 updates=1 update=343 draw=10586 present=834 map=38
video: scene=31 tick=91 vblank=1309 hash=ac9dfdc6
timing: frame scene=31 tick=692 clock=5178346 updates=1 update=346 draw=10585 present=835 map=38
video: scene=31 tick=92 vblank=1312 hash=ac9dfdc6
timing: frame scene=31 tick=693 clock=5191513 updates=1 update=341 draw=10586 present=834 map=38
video: scene=31 tick=93 vblank=1315 hash=ac9dfdc6
timing: frame scene=31 tick=694 clock=5204680 updates=1 update=348 draw=10585 present=835 map=38
video: scene=31 tick=94 vblank=1318 hash=777c3696
timing: frame scene=31 tick=695 clock=5217847 updates=1 update=343 draw=10586 present=834 map=38
video: scene=31 tick=95 vblank=1321 hash=777c3696
timing: frame scene=31 tick=696 clock=5231014 updates=1 update=343 draw=10586 present=834 map=38
video: scene=31 tick=96 vblank=1324 hash=777c3696
timing: frame scene=31 tick=697 clock=5244181 updates=1 update=345 draw=10586 present=834 map=38
video: scene=31 tick=97 vblank=1327 hash=077bf2c9
timing: frame scene=31 tick=698 clock=5257348 updates=1 update=343 draw=10586 present=834 map=38
video: scene=31 tick=98 vblank=1330 hash=077bf2c9
timing: frame scene=31 tick=699 clock=5270515 updates=1 update=752 draw=10590 present=834 map=38
video: scene=31 tick=99 vblank=1333 hash=077bf2c9
timing: frame scene=31 tick=700 clock=5283682 updates=1 update=339 draw=10590 present=834 map=38
video: scene=31 tick=100 vblank=1336 hash=850d0e69
timing: frame scene=31 tick=701 clock=5296849 updates=1 update=341 draw=10590 present=834 map=38
video: scene=31 tick=101 vblank=1339 hash=850d0e69
timing: frame scene=31 tick=702 clock=5310016 updates=1 update=341 draw=10590 present=834 map=38
video: scene=31 tick=102 vblank=1342 hash=850d0e69
timing: frame scene=31 tick=703 clock=5323183 updates=1 update=348 draw=10590 present=834 map=38
video: scene=31 tick=103 vblank=1345 hash=a948d324
timing: frame scene=31 tick=704 clock=5336350 updates=1 update=343 draw=10590 present=834 map=38
video: scene=31 tick=104 vblank=1348 hash=a948d324
timing: frame scene=31 tick=705 clock=5349517 updates=1 update=343 draw=10590 present=834 map=38
video: scene=31 tick=105 vblank=1351 hash=a948d324
timing: frame scene=31 tick=706 clock=5362684 updates=1 update=345 draw=10590 present=834 map=38
video: scene=31 tick=106 vblank=1354 hash=998dd090
timing: frame scene=31 tick=707 clock=5375851 updates=1 update=343 draw=10590 present=834 map=38
video: scene=31 tick=107 vblank=1357 hash=998dd090
timing: frame scene=31 tick=708 clock=5389018 updates=1 update=343 draw=10590 present=834 map=38
video: scene=31 tick=108 vblank=1360 hash=998dd090
timing: frame scene=31 tick=709 clock=5402185 updates=1 update=348 draw=10590 present=834 map=38
video: scene=31 tick=109 vblank=1363 hash=f1515943
timing: frame scene=31 tick=710 clock=5415352 updates=1 update=341 draw=10590 present=834 map=38
video: scene=31 tick=110 vblank=1366 hash=f1515943
timing: frame scene=31 tick=711 clock=5428519 updates=1 update=762 draw=10585 present=834 map=38
video: scene=31 tick=111 vblank=1369 hash=f1515943
timing: frame scene=31 tick=712 clock=5441686 updates=1 update=339 draw=10586 present=834 map=38
video: scene=31 tick=112 vblank=1372 hash=a598295b
timing: frame scene=31 tick=713 clock=5454853 updates=1 update=341 draw=10585 present=835 map=38
video: scene=31 tick=113 vblank=1375 hash=a598295b
timing: frame scene=31 tick=714 clock=5468020 updates=1 update=343 draw=10586 present=834 map=38
video: scene=31 tick=114 vblank=1378 hash=a598295b
timing: frame scene=31 tick=715 clock=5481187 updates=1 update=345 draw=10586 present=834 map=38
video: scene=31 tick=115 vblank=1381 hash=813c0e88
timing: frame scene=31 tick=716 clock=5494354 updates=1 update=343 draw=10586 present=834 map=38
video: scene=31 tick=116 vblank=1384 hash=813c0e88
timing: frame scene=31 tick=717 clock=5507521 updates=1 update=343 draw=10586 present=834 map=38
video: scene=31 tick=117 vblank=1387 hash=813c0e88
timing: frame scene=31 tick=718 clock=5520688 updates=1 update=348 draw=10585 present=835 map=38
prof f718 ticks(avg) wait=940 upd=431 draw/render=10587 present/render=833 dump=342 total=13135 max=13575 renders=60
video: scene=31 tick=118 vblank=1390 hash=ae785671
timing: frame scene=31 tick=719 clock=5533855 updates=1 update=341 draw=10586 present=834 map=38
video: scene=31 tick=119 vblank=1393 hash=ae785671
timing: frame scene=31 tick=720 clock=5547022 updates=1 update=346 draw=10585 present=835 map=38
video: scene=31 tick=120 vblank=1396 hash=ae785671
timing: frame scene=31 tick=721 clock=5560189 updates=1 update=462 draw=10582 present=834 map=38
video: scene=31 tick=121 vblank=1399 hash=ae785671
timing: frame scene=31 tick=722 clock=5573356 updates=1 update=417 draw=10581 present=835 map=38
video: scene=31 tick=122 vblank=1402 hash=ae785671
timing: frame scene=31 tick=723 clock=5586523 updates=1 update=721 draw=10586 present=834 map=38
video: scene=31 tick=123 vblank=1405 hash=ae785671
timing: frame scene=31 tick=724 clock=5599690 updates=1 update=446 draw=10581 present=835 map=38
video: scene=31 tick=124 vblank=1408 hash=ae785671
timing: frame scene=31 tick=725 clock=5612857 updates=1 update=539 draw=10582 present=834 map=38
video: scene=31 tick=125 vblank=1411 hash=ae785671
timing: frame scene=31 tick=726 clock=5626024 updates=1 update=533 draw=11048 present=834 map=38
video: scene=31 tick=126 vblank=1414 hash=af8e7d7b
timing: frame scene=31 tick=727 clock=5639191 updates=1 update=458 draw=11043 present=834 map=38
video: scene=31 tick=127 vblank=1417 hash=af8e7d7b
timing: frame scene=31 tick=728 clock=5652358 updates=1 update=546 draw=11043 present=834 map=38
video: scene=31 tick=128 vblank=1420 hash=af8e7d7b
timing: frame scene=31 tick=729 clock=5665525 updates=1 update=475 draw=11047 present=834 map=38
video: scene=31 tick=129 vblank=1423 hash=af8e7d7b
timing: frame scene=31 tick=730 clock=5678692 updates=1 update=453 draw=11043 present=834 map=38
video: scene=31 tick=130 vblank=1426 hash=af8e7d7b
timing: frame scene=31 tick=731 clock=5691859 updates=1 update=554 draw=11043 present=834 map=38
video: scene=31 tick=131 vblank=1429 hash=448604a0
timing: frame scene=31 tick=732 clock=5705026 updates=1 update=454 draw=11048 present=834 map=38
video: scene=31 tick=132 vblank=1432 hash=448604a0
timing: frame scene=31 tick=733 clock=5718193 updates=1 update=473 draw=11043 present=835 map=38
video: scene=31 tick=133 vblank=1435 hash=448604a0
timing: frame scene=31 tick=734 clock=5731360 updates=1 update=548 draw=11043 present=834 map=38
video: scene=31 tick=134 vblank=1438 hash=448604a0
timing: frame scene=31 tick=735 clock=5744527 updates=1 update=759 draw=11047 present=834 map=38
video: scene=31 tick=135 vblank=1441 hash=448604a0
timing: frame scene=31 tick=736 clock=5757694 updates=1 update=359 draw=10586 present=834 map=38
video: scene=31 tick=136 vblank=1444 hash=75723642
timing: frame scene=31 tick=737 clock=5770861 updates=1 update=521 draw=10586 present=834 map=38
video: scene=31 tick=137 vblank=1447 hash=75723642
timing: frame scene=31 tick=738 clock=5784028 updates=1 update=726 draw=10581 present=834 map=38
video: scene=31 tick=138 vblank=1450 hash=75723642
timing: frame scene=31 tick=739 clock=5797195 updates=1 update=355 draw=10582 present=834 map=38
video: scene=31 tick=139 vblank=1453 hash=75723642
timing: frame scene=31 tick=740 clock=5810362 updates=1 update=521 draw=10581 present=835 map=38
video: scene=31 tick=140 vblank=1456 hash=75723642
timing: frame scene=31 tick=741 clock=5823529 updates=1 update=751 draw=10586 present=834 map=38
video: scene=31 tick=141 vblank=1459 hash=8e243460
timing: frame scene=31 tick=742 clock=5836696 updates=1 update=356 draw=10585 present=835 map=38
video: scene=31 tick=142 vblank=1462 hash=8e243460
timing: frame scene=31 tick=743 clock=5849863 updates=1 update=338 draw=10585 present=835 map=38
video: scene=31 tick=143 vblank=1465 hash=8e243460
timing: frame scene=31 tick=744 clock=5863030 updates=1 update=345 draw=10585 present=835 map=38
video: scene=31 tick=144 vblank=1468 hash=8e243460
timing: frame scene=31 tick=745 clock=5876197 updates=1 update=341 draw=10586 present=834 map=38
video: scene=31 tick=145 vblank=1471 hash=8e243460
timing: frame scene=31 tick=746 clock=5889364 updates=1 update=348 draw=10586 present=834 map=38
video: scene=31 tick=146 vblank=1474 hash=8e243460
timing: frame scene=31 tick=747 clock=5902531 updates=1 update=466 draw=10585 present=835 map=38
video: scene=31 tick=147 vblank=1477 hash=ae785671
timing: frame scene=31 tick=748 clock=5915698 updates=1 update=794 draw=10585 present=834 map=38
video: scene=31 tick=148 vblank=1480 hash=ae785671
timing: frame scene=31 tick=749 clock=5928865 updates=1 update=520 draw=10586 present=834 map=38
video: scene=31 tick=149 vblank=1483 hash=ae785671
timing: frame scene=31 tick=750 clock=5942032 updates=1 update=340 draw=10586 present=834 map=38
video: scene=31 tick=150 vblank=1486 hash=ae785671
timing: frame scene=31 tick=751 clock=5955199 updates=1 update=698 draw=10586 present=834 map=38
video: scene=31 tick=151 vblank=1489 hash=ae785671
timing: frame scene=31 tick=752 clock=5968366 updates=1 update=586 draw=11048 present=834 map=38
video: scene=31 tick=152 vblank=1492 hash=9573d942
timing: frame scene=31 tick=753 clock=5981533 updates=1 update=339 draw=11047 present=835 map=38
video: scene=31 tick=153 vblank=1495 hash=9573d942
timing: frame scene=31 tick=754 clock=5994700 updates=1 update=855 draw=11047 present=835 map=38
video: scene=31 tick=154 vblank=1498 hash=9573d942
timing: frame scene=31 tick=755 clock=6007867 updates=1 update=466 draw=11047 present=834 map=38
frame=1500 status=008f volume=ff77
video: scene=31 tick=155 vblank=1501 hash=9573d942
timing: frame scene=31 tick=756 clock=6021034 updates=1 update=451 draw=11048 present=834 map=38
video: scene=31 tick=156 vblank=1504 hash=9573d942
timing: frame scene=31 tick=757 clock=6034201 updates=1 update=550 draw=11047 present=834 map=38
video: scene=31 tick=157 vblank=1507 hash=d595d5b2
timing: frame scene=31 tick=758 clock=6047368 updates=1 update=454 draw=11047 present=834 map=38
video: scene=31 tick=158 vblank=1510 hash=d595d5b2
timing: frame scene=31 tick=759 clock=6060535 updates=1 update=472 draw=11047 present=835 map=38
video: scene=31 tick=159 vblank=1513 hash=d595d5b2
timing: frame scene=31 tick=760 clock=6073702 updates=1 update=763 draw=11047 present=834 map=38
video: scene=31 tick=160 vblank=1516 hash=d595d5b2
timing: frame scene=31 tick=761 clock=6086869 updates=1 update=521 draw=11048 present=834 map=38
video: scene=31 tick=161 vblank=1519 hash=d595d5b2
timing: frame scene=31 tick=762 clock=6100036 updates=1 update=345 draw=10585 present=834 map=38
video: scene=31 tick=162 vblank=1522 hash=5c6dc603
timing: frame scene=31 tick=763 clock=6113203 updates=1 update=739 draw=10585 present=834 map=38
video: scene=31 tick=163 vblank=1525 hash=5c6dc603
timing: frame scene=31 tick=764 clock=6126370 updates=1 update=521 draw=10586 present=834 map=38
video: scene=31 tick=164 vblank=1528 hash=5c6dc603
timing: frame scene=31 tick=765 clock=6139537 updates=1 update=339 draw=10586 present=834 map=38
video: scene=31 tick=165 vblank=1531 hash=5c6dc603
timing: frame scene=31 tick=766 clock=6152704 updates=1 update=771 draw=10585 present=835 map=38
video: scene=31 tick=166 vblank=1534 hash=5c6dc603
timing: frame scene=31 tick=767 clock=6165871 updates=1 update=341 draw=10586 present=834 map=38
video: scene=31 tick=167 vblank=1537 hash=08560926
timing: frame scene=31 tick=768 clock=6179038 updates=1 update=341 draw=10585 present=834 map=38
video: scene=31 tick=168 vblank=1540 hash=08560926
timing: frame scene=31 tick=769 clock=6192205 updates=1 update=341 draw=10585 present=835 map=38
video: scene=31 tick=169 vblank=1543 hash=08560926
timing: frame scene=31 tick=770 clock=6205372 updates=1 update=346 draw=10586 present=834 map=38
video: scene=31 tick=170 vblank=1546 hash=08560926
timing: frame scene=31 tick=771 clock=6218539 updates=1 update=342 draw=10585 present=834 map=38
video: scene=31 tick=171 vblank=1549 hash=08560926
timing: frame scene=31 tick=772 clock=6231706 updates=1 update=774 draw=10586 present=834 map=38
video: scene=31 tick=172 vblank=1552 hash=08560926
timing: frame scene=31 tick=773 clock=6244873 updates=1 update=339 draw=10585 present=835 map=38
video: scene=31 tick=173 vblank=1555 hash=08560926
timing: frame scene=31 tick=774 clock=6258040 updates=1 update=522 draw=10585 present=834 map=38
video: scene=31 tick=174 vblank=1558 hash=08560926
timing: frame scene=31 tick=775 clock=6271207 updates=1 update=739 draw=10586 present=834 map=38
video: scene=31 tick=175 vblank=1561 hash=08560926
timing: frame scene=31 tick=776 clock=6284374 updates=1 update=338 draw=10585 present=834 map=38
video: scene=31 tick=176 vblank=1564 hash=08560926
timing: frame scene=31 tick=777 clock=6297541 updates=1 update=522 draw=10585 present=834 map=38
video: scene=31 tick=177 vblank=1567 hash=08560926
timing: frame scene=31 tick=778 clock=6310708 updates=1 update=660 draw=10586 present=834 map=38
prof f778 ticks(avg) wait=726 upd=501 draw/render=10738 present/render=833 dump=343 total=13142 max=13662 renders=60
video: scene=31 tick=178 vblank=1570 hash=08560926
timing: frame scene=31 tick=779 clock=6323875 updates=1 update=338 draw=10585 present=834 map=38
video: scene=31 tick=179 vblank=1573 hash=08560926
timing: frame scene=31 tick=780 clock=6337042 updates=1 update=340 draw=10586 present=834 map=38
video: scene=31 tick=180 vblank=1576 hash=08560926
timing: frame scene=31 tick=781 clock=6350209 updates=1 update=436 draw=10585 present=834 map=38
video: scene=31 tick=181 vblank=1579 hash=08560926
timing: frame scene=31 tick=782 clock=6363376 updates=1 update=362 draw=10585 present=834 map=38
video: scene=31 tick=182 vblank=1582 hash=08560926
timing: frame scene=31 tick=783 clock=6376543 updates=1 update=468 draw=10585 present=835 map=38
video: scene=31 tick=183 vblank=1585 hash=ae785671
timing: frame scene=31 tick=784 clock=6389710 updates=1 update=777 draw=10585 present=834 map=38
video: scene=31 tick=184 vblank=1588 hash=ae785671
timing: frame scene=31 tick=785 clock=6402877 updates=1 update=353 draw=10585 present=834 map=38
video: scene=31 tick=185 vblank=1591 hash=ae785671
timing: frame scene=31 tick=786 clock=6416044 updates=1 update=337 draw=10585 present=834 map=38
video: scene=31 tick=186 vblank=1594 hash=ae785671
timing: frame scene=31 tick=787 clock=6429211 updates=1 update=339 draw=10586 present=834 map=38
video: scene=31 tick=187 vblank=1597 hash=ae785671
timing: frame scene=31 tick=788 clock=6442378 updates=1 update=411 draw=11047 present=835 map=38
video: scene=31 tick=188 vblank=1600 hash=af8e7d7b
timing: frame scene=31 tick=789 clock=6455545 updates=1 update=344 draw=11047 present=834 map=38
video: scene=31 tick=189 vblank=1603 hash=af8e7d7b
timing: frame scene=31 tick=790 clock=6468712 updates=1 update=344 draw=11047 present=834 map=38
video: scene=31 tick=190 vblank=1606 hash=af8e7d7b
timing: frame scene=31 tick=791 clock=6481879 updates=1 update=344 draw=11047 present=834 map=38
video: scene=31 tick=191 vblank=1609 hash=af8e7d7b
timing: frame scene=31 tick=792 clock=6495046 updates=1 update=344 draw=11047 present=835 map=38
video: scene=31 tick=192 vblank=1612 hash=af8e7d7b
timing: frame scene=31 tick=793 clock=6508213 updates=1 update=347 draw=11048 present=834 map=38
video: scene=31 tick=193 vblank=1615 hash=448604a0
timing: frame scene=31 tick=794 clock=6521380 updates=1 update=346 draw=11048 present=834 map=38
video: scene=31 tick=194 vblank=1618 hash=448604a0
timing: frame scene=31 tick=795 clock=6534547 updates=1 update=342 draw=11047 present=834 map=38
video: scene=31 tick=195 vblank=1621 hash=448604a0
timing: frame scene=31 tick=796 clock=6547714 updates=1 update=346 draw=11048 present=834 map=38
video: scene=31 tick=196 vblank=1624 hash=448604a0
timing: frame scene=31 tick=797 clock=6560881 updates=1 update=451 draw=11048 present=834 map=38
video: scene=31 tick=197 vblank=1627 hash=448604a0
timing: frame scene=31 tick=798 clock=6574048 updates=1 update=350 draw=10585 present=834 map=38
video: scene=31 tick=198 vblank=1630 hash=75723642
timing: frame scene=31 tick=799 clock=6587215 updates=1 update=344 draw=10585 present=835 map=38
video: scene=31 tick=199 vblank=1633 hash=75723642
timing: frame scene=31 tick=800 clock=6600382 updates=1 update=344 draw=10586 present=834 map=38
video: scene=31 tick=200 vblank=1636 hash=75723642
timing: frame scene=31 tick=801 clock=6613549 updates=1 update=345 draw=10586 present=834 map=38
video: scene=31 tick=201 vblank=1639 hash=75723642
timing: frame scene=31 tick=802 clock=6626716 updates=1 update=344 draw=10586 present=834 map=38
video: scene=31 tick=202 vblank=1642 hash=75723642
timing: frame scene=31 tick=803 clock=6639883 updates=1 update=347 draw=10586 present=834 map=38
video: scene=31 tick=203 vblank=1645 hash=8e243460
timing: frame scene=31 tick=804 clock=6653050 updates=1 update=346 draw=10586 present=834 map=38
video: scene=31 tick=204 vblank=1648 hash=8e243460
timing: frame scene=31 tick=805 clock=6666217 updates=1 update=341 draw=10586 present=834 map=38
video: scene=31 tick=205 vblank=1651 hash=8e243460
timing: frame scene=31 tick=806 clock=6679384 updates=1 update=346 draw=10586 present=834 map=38
video: scene=31 tick=206 vblank=1654 hash=8e243460
timing: frame scene=31 tick=807 clock=6692551 updates=1 update=341 draw=10586 present=834 map=38
video: scene=31 tick=207 vblank=1657 hash=8e243460
timing: frame scene=31 tick=808 clock=6705718 updates=1 update=348 draw=10585 present=835 map=38
video: scene=31 tick=208 vblank=1660 hash=8e243460
timing: frame scene=31 tick=809 clock=6718885 updates=1 update=893 draw=10581 present=834 map=38
video: scene=31 tick=209 vblank=1663 hash=ae785671
timing: frame scene=31 tick=810 clock=6732052 updates=1 update=640 draw=10582 present=834 map=38
video: scene=31 tick=210 vblank=1666 hash=ae785671
timing: frame scene=31 tick=811 clock=6745219 updates=1 update=338 draw=10581 present=835 map=38
video: scene=31 tick=211 vblank=1669 hash=ae785671
timing: frame scene=31 tick=812 clock=6758386 updates=1 update=343 draw=10581 present=834 map=38
video: scene=31 tick=212 vblank=1672 hash=ae785671
timing: frame scene=31 tick=813 clock=6771553 updates=1 update=345 draw=10581 present=835 map=38
video: scene=31 tick=213 vblank=1675 hash=ae785671
timing: frame scene=31 tick=814 clock=6784720 updates=1 update=369 draw=11043 present=834 map=38
video: scene=31 tick=214 vblank=1678 hash=9573d942
timing: frame scene=31 tick=815 clock=6797887 updates=1 update=346 draw=11044 present=834 map=38
video: scene=31 tick=215 vblank=1681 hash=9573d942
timing: frame scene=31 tick=816 clock=6811054 updates=1 update=342 draw=11043 present=834 map=38
video: scene=31 tick=216 vblank=1684 hash=9573d942
timing: frame scene=31 tick=817 clock=6824221 updates=1 update=346 draw=11043 present=835 map=38
video: scene=31 tick=217 vblank=1687 hash=9573d942
timing: frame scene=31 tick=818 clock=6837388 updates=1 update=344 draw=11043 present=834 map=38
video: scene=31 tick=218 vblank=1690 hash=9573d942
timing: frame scene=31 tick=819 clock=6850555 updates=1 update=347 draw=11044 present=834 map=38
video: scene=31 tick=219 vblank=1693 hash=d595d5b2
timing: frame scene=31 tick=820 clock=6863722 updates=1 update=344 draw=11043 present=834 map=38
video: scene=31 tick=220 vblank=1696 hash=d595d5b2
timing: frame scene=31 tick=821 clock=6876889 updates=1 update=344 draw=11043 present=834 map=38
video: scene=31 tick=221 vblank=1699 hash=d595d5b2
timing: frame scene=31 tick=822 clock=6890056 updates=1 update=344 draw=11043 present=834 map=38
video: scene=31 tick=222 vblank=1702 hash=d595d5b2
timing: frame scene=31 tick=823 clock=6903223 updates=1 update=394 draw=11044 present=834 map=38
video: scene=31 tick=223 vblank=1705 hash=d595d5b2
timing: frame scene=31 tick=824 clock=6916390 updates=1 update=345 draw=10581 present=834 map=38
video: scene=31 tick=224 vblank=1708 hash=5c6dc603
timing: frame scene=31 tick=825 clock=6929557 updates=1 update=346 draw=10582 present=834 map=38
video: scene=31 tick=225 vblank=1711 hash=5c6dc603
timing: frame scene=31 tick=826 clock=6942724 updates=1 update=342 draw=10581 present=834 map=38
video: scene=31 tick=226 vblank=1714 hash=5c6dc603
timing: frame scene=31 tick=827 clock=6955891 updates=1 update=346 draw=10581 present=835 map=38
video: scene=31 tick=227 vblank=1717 hash=5c6dc603
timing: frame scene=31 tick=828 clock=6969058 updates=1 update=344 draw=10581 present=834 map=38
video: scene=31 tick=228 vblank=1720 hash=5c6dc603
timing: frame scene=31 tick=829 clock=6982225 updates=1 update=347 draw=10582 present=834 map=38
video: scene=31 tick=229 vblank=1723 hash=08560926
timing: frame scene=31 tick=830 clock=6995392 updates=1 update=344 draw=10581 present=834 map=38
video: scene=31 tick=230 vblank=1726 hash=08560926
timing: frame scene=31 tick=831 clock=7008559 updates=1 update=344 draw=10581 present=834 map=38
video: scene=31 tick=231 vblank=1729 hash=08560926
timing: frame scene=31 tick=832 clock=7021726 updates=1 update=344 draw=10581 present=834 map=38
video: scene=31 tick=232 vblank=1732 hash=08560926
timing: frame scene=31 tick=833 clock=7034893 updates=1 update=399 draw=10581 present=835 map=38
video: scene=31 tick=233 vblank=1735 hash=08560926
timing: frame scene=31 tick=834 clock=7048060 updates=1 update=328 draw=10581 present=835 map=38
video: scene=31 tick=234 vblank=1738 hash=08560926
timing: frame scene=31 tick=835 clock=7061227 updates=1 update=327 draw=10581 present=834 map=38
video: scene=31 tick=235 vblank=1741 hash=08560926
timing: frame scene=31 tick=836 clock=7074394 updates=1 update=326 draw=10582 present=834 map=38
video: scene=31 tick=236 vblank=1744 hash=08560926
timing: frame scene=31 tick=837 clock=7087561 updates=1 update=326 draw=10582 present=834 map=38
video: scene=31 tick=237 vblank=1747 hash=08560926
timing: frame scene=31 tick=838 clock=7100728 updates=1 update=326 draw=10582 present=834 map=38
prof f838 ticks(avg) wait=844 upd=372 draw/render=10737 present/render=833 dump=343 total=13131 max=13686 renders=60
video: scene=31 tick=238 vblank=1750 hash=08560926
timing: frame scene=31 tick=839 clock=7113895 updates=1 update=326 draw=10582 present=834 map=38
video: scene=31 tick=239 vblank=1753 hash=08560926
timing: frame scene=31 tick=840 clock=7127062 updates=1 update=326 draw=10581 present=835 map=38
video: scene=31 tick=240 vblank=1756 hash=08560926
timing: frame scene=31 tick=841 clock=7140229 updates=1 update=326 draw=10582 present=834 map=38
video: scene=31 tick=241 vblank=1759 hash=08560926
timing: frame scene=31 tick=842 clock=7153396 updates=1 update=326 draw=10582 present=834 map=38
video: scene=31 tick=242 vblank=1762 hash=08560926
timing: frame scene=31 tick=843 clock=7166563 updates=1 update=326 draw=10581 present=835 map=38
video: scene=31 tick=243 vblank=1765 hash=08560926
timing: frame scene=31 tick=844 clock=7179730 updates=1 update=326 draw=10581 present=835 map=38
video: scene=31 tick=244 vblank=1768 hash=08560926
timing: frame scene=31 tick=845 clock=7192897 updates=1 update=326 draw=10582 present=834 map=38
video: scene=31 tick=245 vblank=1771 hash=08560926
timing: frame scene=31 tick=846 clock=7206064 updates=1 update=326 draw=10582 present=834 map=38
video: scene=31 tick=246 vblank=1774 hash=08560926
timing: frame scene=31 tick=847 clock=7219231 updates=1 update=326 draw=10581 present=835 map=38
video: scene=31 tick=247 vblank=1777 hash=08560926
timing: frame scene=31 tick=848 clock=7232398 updates=1 update=326 draw=10582 present=834 map=38
video: scene=31 tick=248 vblank=1780 hash=08560926
timing: frame scene=31 tick=849 clock=7245565 updates=1 update=326 draw=10581 present=835 map=38
video: scene=31 tick=249 vblank=1783 hash=08560926
timing: frame scene=31 tick=850 clock=7258732 updates=1 update=326 draw=10581 present=835 map=38
video: scene=31 tick=250 vblank=1786 hash=08560926
timing: frame scene=31 tick=851 clock=7271899 updates=1 update=326 draw=10582 present=834 map=38
video: scene=31 tick=251 vblank=1789 hash=08560926
timing: frame scene=31 tick=852 clock=7285066 updates=1 update=326 draw=10581 present=835 map=38
video: scene=31 tick=252 vblank=1792 hash=08560926
timing: frame scene=31 tick=853 clock=7298233 updates=1 update=326 draw=10581 present=835 map=38
video: scene=31 tick=253 vblank=1795 hash=08560926
timing: frame scene=31 tick=854 clock=7311400 updates=1 update=326 draw=10582 present=834 map=38
video: scene=31 tick=254 vblank=1798 hash=08560926
timing: frame scene=31 tick=855 clock=7324567 updates=1 update=326 draw=10582 present=834 map=38
frame=1800 status=0080 volume=0077
video: scene=31 tick=255 vblank=1801 hash=08560926
timing: frame scene=31 tick=856 clock=7337734 updates=1 update=326 draw=10581 present=835 map=38
video: scene=31 tick=256 vblank=1804 hash=08560926
timing: frame scene=31 tick=857 clock=7350901 updates=1 update=326 draw=10582 present=834 map=38
video: scene=31 tick=257 vblank=1807 hash=08560926
timing: frame scene=31 tick=858 clock=7364068 updates=1 update=326 draw=10582 present=834 map=38
video: scene=31 tick=258 vblank=1810 hash=08560926
timing: frame scene=31 tick=859 clock=7377235 updates=1 update=326 draw=10582 present=834 map=38
video: scene=31 tick=259 vblank=1813 hash=08560926
timing: frame scene=31 tick=860 clock=7390402 updates=1 update=326 draw=10582 present=834 map=38
video: scene=31 tick=260 vblank=1816 hash=08560926
timing: frame scene=31 tick=861 clock=7403569 updates=1 update=327 draw=10582 present=834 map=38
video: scene=31 tick=261 vblank=1819 hash=08560926
timing: frame scene=31 tick=862 clock=7416736 updates=1 update=326 draw=10582 present=834 map=38
video: scene=31 tick=262 vblank=1822 hash=08560926
timing: frame scene=31 tick=863 clock=7429903 updates=1 update=326 draw=10581 present=835 map=38
video: scene=31 tick=263 vblank=1825 hash=08560926
timing: frame scene=31 tick=864 clock=7443070 updates=1 update=326 draw=10582 present=834 map=38
video: scene=31 tick=264 vblank=1828 hash=08560926
timing: frame scene=31 tick=865 clock=7456237 updates=1 update=419 draw=10603 present=834 map=38
video: scene=31 tick=265 vblank=1831 hash=3a3ae404
timing: frame scene=31 tick=866 clock=7469404 updates=1 update=357 draw=10603 present=834 map=38
video: scene=31 tick=266 vblank=1834 hash=3a3ae404
timing: frame scene=31 tick=867 clock=7482571 updates=1 update=357 draw=10603 present=834 map=38
video: scene=31 tick=267 vblank=1837 hash=3a3ae404
timing: frame scene=31 tick=868 clock=7495738 updates=1 update=358 draw=10603 present=835 map=38
video: scene=31 tick=268 vblank=1840 hash=2aeb37b4
timing: frame scene=31 tick=869 clock=7508905 updates=1 update=309 draw=10603 present=834 map=38
video: scene=31 tick=269 vblank=1843 hash=2aeb37b4
timing: frame scene=31 tick=870 clock=7522072 updates=1 update=309 draw=10603 present=834 map=38
video: scene=31 tick=270 vblank=1846 hash=2aeb37b4
timing: frame scene=31 tick=871 clock=7535239 updates=1 update=310 draw=10603 present=834 map=38
video: scene=31 tick=271 vblank=1849 hash=ae38a22c
timing: frame scene=31 tick=872 clock=7548406 updates=1 update=308 draw=10604 present=834 map=38
video: scene=31 tick=272 vblank=1852 hash=ae38a22c
timing: frame scene=31 tick=873 clock=7561573 updates=1 update=338 draw=10604 present=834 map=38
video: scene=31 tick=273 vblank=1855 hash=ae38a22c
timing: frame scene=31 tick=874 clock=7574740 updates=1 update=328 draw=10603 present=834 map=38
video: scene=31 tick=274 vblank=1858 hash=19a84dfc
timing: frame scene=31 tick=875 clock=7587907 updates=1 update=327 draw=10603 present=834 map=38
video: scene=31 tick=275 vblank=1861 hash=19a84dfc
timing: frame scene=31 tick=876 clock=7601074 updates=1 update=327 draw=10603 present=834 map=38
video: scene=31 tick=276 vblank=1864 hash=19a84dfc
timing: frame scene=31 tick=877 clock=7614241 updates=1 update=328 draw=10603 present=834 map=38
video: scene=31 tick=277 vblank=1867 hash=889975d4
timing: frame scene=31 tick=878 clock=7627408 updates=1 update=326 draw=10604 present=834 map=38
video: scene=31 tick=278 vblank=1870 hash=889975d4
timing: frame scene=31 tick=879 clock=7640575 updates=1 update=327 draw=10603 present=834 map=38
video: scene=31 tick=279 vblank=1873 hash=889975d4
timing: frame scene=31 tick=880 clock=7653742 updates=1 update=327 draw=10603 present=835 map=38
video: scene=31 tick=280 vblank=1876 hash=889975d4
timing: frame scene=31 tick=881 clock=7666909 updates=1 update=326 draw=10603 present=834 map=38
video: scene=31 tick=281 vblank=1879 hash=889975d4
timing: frame scene=31 tick=882 clock=7680076 updates=1 update=326 draw=10603 present=834 map=38
video: scene=31 tick=282 vblank=1882 hash=889975d4
timing: frame scene=31 tick=883 clock=7693243 updates=1 update=326 draw=10603 present=835 map=38
video: scene=31 tick=283 vblank=1885 hash=889975d4
timing: frame scene=31 tick=884 clock=7706410 updates=1 update=326 draw=10603 present=834 map=38
video: scene=31 tick=284 vblank=1888 hash=889975d4
timing: frame scene=31 tick=885 clock=7719577 updates=1 update=326 draw=10603 present=834 map=38
video: scene=31 tick=285 vblank=1891 hash=889975d4
timing: frame scene=31 tick=886 clock=7732744 updates=1 update=326 draw=10603 present=834 map=38
video: scene=31 tick=286 vblank=1894 hash=889975d4
timing: frame scene=31 tick=887 clock=7745911 updates=1 update=326 draw=10603 present=834 map=38
video: scene=31 tick=287 vblank=1897 hash=889975d4
timing: frame scene=31 tick=888 clock=7759078 updates=1 update=326 draw=10603 present=834 map=38
video: scene=31 tick=288 vblank=1900 hash=889975d4
timing: frame scene=31 tick=889 clock=7772245 updates=1 update=326 draw=10603 present=835 map=38
video: scene=31 tick=289 vblank=1903 hash=889975d4
timing: frame scene=31 tick=890 clock=7785412 updates=1 update=326 draw=10603 present=835 map=38
video: scene=31 tick=290 vblank=1906 hash=889975d4
timing: frame scene=31 tick=891 clock=7798579 updates=1 update=326 draw=10603 present=835 map=38
video: scene=31 tick=291 vblank=1909 hash=889975d4
timing: frame scene=31 tick=892 clock=7811746 updates=1 update=326 draw=10603 present=834 map=38
video: scene=31 tick=292 vblank=1912 hash=889975d4
timing: frame scene=31 tick=893 clock=7824913 updates=1 update=326 draw=10603 present=834 map=38
video: scene=31 tick=293 vblank=1915 hash=889975d4
timing: frame scene=31 tick=894 clock=7838080 updates=1 update=326 draw=10603 present=835 map=38
video: scene=31 tick=294 vblank=1918 hash=889975d4
timing: frame scene=31 tick=895 clock=7851247 updates=1 update=326 draw=10603 present=834 map=38
video: scene=31 tick=295 vblank=1921 hash=889975d4
timing: frame scene=31 tick=896 clock=7864414 updates=1 update=326 draw=10603 present=834 map=38
video: scene=31 tick=296 vblank=1924 hash=889975d4
timing: frame scene=31 tick=897 clock=7877581 updates=1 update=326 draw=10603 present=834 map=38
video: scene=31 tick=297 vblank=1927 hash=889975d4
timing: frame scene=31 tick=898 clock=7890748 updates=1 update=326 draw=10603 present=834 map=38
prof f898 ticks(avg) wait=1038 upd=328 draw/render=10593 present/render=833 dump=343 total=13137 max=13260 renders=60
video: scene=31 tick=298 vblank=1930 hash=889975d4
timing: frame scene=31 tick=899 clock=7903915 updates=1 update=326 draw=10603 present=835 map=38
video: scene=31 tick=299 vblank=1933 hash=889975d4
timing: frame scene=31 tick=900 clock=7917082 updates=1 update=326 draw=10603 present=834 map=38
video: scene=31 tick=300 vblank=1936 hash=889975d4
timing: frame scene=31 tick=901 clock=7930249 updates=1 update=326 draw=10603 present=834 map=38
video: scene=31 tick=301 vblank=1939 hash=889975d4
timing: frame scene=31 tick=902 clock=7943416 updates=1 update=326 draw=10603 present=834 map=38
video: scene=31 tick=302 vblank=1942 hash=889975d4
timing: frame scene=31 tick=903 clock=7956583 updates=1 update=326 draw=10603 present=834 map=38
video: scene=31 tick=303 vblank=1945 hash=889975d4
timing: frame scene=31 tick=904 clock=7969750 updates=1 update=326 draw=10603 present=834 map=38
video: scene=31 tick=304 vblank=1948 hash=889975d4
timing: frame scene=31 tick=905 clock=7982917 updates=1 update=326 draw=10603 present=835 map=38
video: scene=31 tick=305 vblank=1951 hash=889975d4
timing: frame scene=31 tick=906 clock=7996084 updates=1 update=326 draw=10603 present=834 map=38
video: scene=31 tick=306 vblank=1954 hash=889975d4
timing: frame scene=31 tick=907 clock=8009251 updates=1 update=326 draw=10603 present=834 map=38
video: scene=31 tick=307 vblank=1957 hash=889975d4
timing: frame scene=31 tick=908 clock=8022418 updates=1 update=326 draw=10603 present=835 map=38
video: scene=31 tick=308 vblank=1960 hash=889975d4
timing: frame scene=31 tick=909 clock=8035585 updates=1 update=326 draw=10603 present=835 map=38
video: scene=31 tick=309 vblank=1963 hash=889975d4
timing: frame scene=31 tick=910 clock=8048752 updates=1 update=420 draw=10601 present=834 map=38
video: scene=31 tick=310 vblank=1966 hash=6c32a74a
timing: frame scene=31 tick=911 clock=8061919 updates=1 update=357 draw=10600 present=834 map=38
video: scene=31 tick=311 vblank=1969 hash=6c32a74a
timing: frame scene=31 tick=912 clock=8075086 updates=1 update=357 draw=10600 present=834 map=38
video: scene=31 tick=312 vblank=1972 hash=6c32a74a
timing: frame scene=31 tick=913 clock=8088253 updates=1 update=310 draw=10600 present=834 map=38
video: scene=31 tick=313 vblank=1975 hash=8ff3cbea
timing: frame scene=31 tick=914 clock=8101420 updates=1 update=309 draw=10600 present=834 map=38
video: scene=31 tick=314 vblank=1978 hash=8ff3cbea
timing: frame scene=31 tick=915 clock=8114587 updates=1 update=309 draw=10600 present=834 map=38
video: scene=31 tick=315 vblank=1981 hash=8ff3cbea
timing: frame scene=31 tick=916 clock=8127754 updates=1 update=310 draw=10600 present=835 map=38
video: scene=31 tick=316 vblank=1984 hash=bf63ef72
timing: frame scene=31 tick=917 clock=8140921 updates=1 update=338 draw=10601 present=834 map=38
video: scene=31 tick=317 vblank=1987 hash=bf63ef72
timing: frame scene=31 tick=918 clock=8154088 updates=1 update=326 draw=10601 present=834 map=38
video: scene=31 tick=318 vblank=1990 hash=bf63ef72
timing: frame scene=31 tick=919 clock=8167255 updates=1 update=328 draw=10600 present=834 map=38
video: scene=31 tick=319 vblank=1993 hash=ab99f279
timing: frame scene=31 tick=920 clock=8180422 updates=1 update=327 draw=10600 present=834 map=38
video: scene=31 tick=320 vblank=1996 hash=ab99f279
timing: frame scene=31 tick=921 clock=8193589 updates=1 update=328 draw=10600 present=834 map=38
video: scene=31 tick=321 vblank=1999 hash=ab99f279
timing: frame scene=31 tick=922 clock=8206756 updates=1 update=328 draw=10600 present=834 map=38
video: scene=31 tick=322 vblank=2002 hash=218479c3
timing: frame scene=31 tick=923 clock=8219923 updates=1 update=327 draw=10600 present=834 map=38
video: scene=31 tick=323 vblank=2005 hash=218479c3
timing: frame scene=31 tick=924 clock=8233090 updates=1 update=326 draw=10601 present=834 map=38
video: scene=31 tick=324 vblank=2008 hash=218479c3
timing: frame scene=31 tick=925 clock=8246257 updates=1 update=328 draw=10600 present=835 map=38
video: scene=31 tick=325 vblank=2011 hash=217b9b68
timing: frame scene=31 tick=926 clock=8259424 updates=1 update=326 draw=10601 present=834 map=38
video: scene=31 tick=326 vblank=2014 hash=217b9b68
timing: frame scene=31 tick=927 clock=8272591 updates=1 update=327 draw=10600 present=834 map=38
video: scene=31 tick=327 vblank=2017 hash=217b9b68
timing: frame scene=31 tick=928 clock=8285758 updates=1 update=328 draw=10600 present=834 map=38
video: scene=31 tick=328 vblank=2020 hash=049eabab
timing: frame scene=31 tick=929 clock=8298925 updates=1 update=327 draw=10600 present=834 map=38
video: scene=31 tick=329 vblank=2023 hash=049eabab
timing: frame scene=31 tick=930 clock=8312092 updates=1 update=326 draw=10601 present=834 map=38
video: scene=31 tick=330 vblank=2026 hash=049eabab
timing: frame scene=31 tick=931 clock=8325259 updates=1 update=328 draw=10600 present=834 map=38
video: scene=31 tick=331 vblank=2029 hash=d57c7114
timing: frame scene=31 tick=932 clock=8338426 updates=1 update=327 draw=10600 present=834 map=38
video: scene=31 tick=332 vblank=2032 hash=d57c7114
timing: frame scene=31 tick=933 clock=8351593 updates=1 update=327 draw=10600 present=834 map=38
video: scene=31 tick=333 vblank=2035 hash=d57c7114
timing: frame scene=31 tick=934 clock=8364760 updates=1 update=328 draw=10600 present=834 map=38
video: scene=31 tick=334 vblank=2038 hash=555ba5f5
timing: frame scene=31 tick=935 clock=8377927 updates=1 update=327 draw=10600 present=834 map=38
video: scene=31 tick=335 vblank=2041 hash=555ba5f5
timing: frame scene=31 tick=936 clock=8391094 updates=1 update=327 draw=10600 present=834 map=38
video: scene=31 tick=336 vblank=2044 hash=555ba5f5
timing: frame scene=31 tick=937 clock=8404261 updates=1 update=447 draw=12819 present=835 map=38
video: scene=31 tick=337 vblank=2048 hash=0464e4dc
timing: frame scene=31 tick=938 clock=8421817 updates=1 update=488 draw=10628 present=835 map=38
video: scene=31 tick=338 vblank=2051 hash=0464e4dc
timing: frame scene=31 tick=939 clock=8434984 updates=1 update=326 draw=10629 present=834 map=38
video: scene=31 tick=339 vblank=2054 hash=0464e4dc
timing: frame scene=31 tick=940 clock=8448151 updates=1 update=326 draw=10629 present=834 map=38
video: scene=31 tick=340 vblank=2057 hash=0464e4dc
timing: frame scene=31 tick=941 clock=8461318 updates=1 update=326 draw=10629 present=834 map=38
video: scene=31 tick=341 vblank=2060 hash=0464e4dc
timing: frame scene=31 tick=942 clock=8474485 updates=1 update=355 draw=11090 present=835 map=38
video: scene=31 tick=342 vblank=2063 hash=ef69ee18
timing: frame scene=31 tick=943 clock=8487652 updates=1 update=327 draw=11091 present=834 map=38
video: scene=31 tick=343 vblank=2066 hash=ef69ee18
timing: frame scene=31 tick=944 clock=8500819 updates=1 update=327 draw=11091 present=834 map=38
video: scene=31 tick=344 vblank=2069 hash=ef69ee18
timing: frame scene=31 tick=945 clock=8513986 updates=1 update=327 draw=11091 present=834 map=38
video: scene=31 tick=345 vblank=2072 hash=ef69ee18
timing: frame scene=31 tick=946 clock=8527153 updates=1 update=327 draw=11091 present=834 map=38
video: scene=31 tick=346 vblank=2075 hash=ef69ee18
timing: frame scene=31 tick=947 clock=8540320 updates=1 update=331 draw=11090 present=835 map=38
video: scene=31 tick=347 vblank=2078 hash=c334ff80
timing: frame scene=31 tick=948 clock=8553487 updates=1 update=327 draw=11091 present=834 map=38
video: scene=31 tick=348 vblank=2081 hash=c334ff80
timing: frame scene=31 tick=949 clock=8566654 updates=1 update=327 draw=11091 present=834 map=38
video: scene=31 tick=349 vblank=2084 hash=c334ff80
timing: frame scene=31 tick=950 clock=8579821 updates=1 update=327 draw=11091 present=834 map=38
video: scene=31 tick=350 vblank=2087 hash=c334ff80
timing: frame scene=31 tick=951 clock=8592988 updates=1 update=327 draw=11091 present=834 map=38
video: scene=31 tick=351 vblank=2090 hash=c334ff80
timing: frame scene=31 tick=952 clock=8606155 updates=1 update=331 draw=10167 present=834 map=38
video: scene=31 tick=352 vblank=2093 hash=ebafd92b
timing: frame scene=31 tick=953 clock=8619322 updates=1 update=327 draw=10167 present=835 map=38
video: scene=31 tick=353 vblank=2096 hash=ebafd92b
timing: frame scene=31 tick=954 clock=8632489 updates=1 update=327 draw=10167 present=834 map=38
video: scene=31 tick=354 vblank=2099 hash=ebafd92b
frame=2100 status=0080 volume=0077
timing: frame scene=31 tick=955 clock=8645656 updates=1 update=327 draw=10167 present=835 map=38
video: scene=31 tick=355 vblank=2102 hash=ebafd92b
timing: frame scene=31 tick=956 clock=8658823 updates=1 update=327 draw=10167 present=834 map=38
video: scene=31 tick=356 vblank=2105 hash=ebafd92b
timing: frame scene=31 tick=957 clock=8671990 updates=1 update=331 draw=10167 present=834 map=38
video: scene=31 tick=357 vblank=2108 hash=d59670b5
timing: frame scene=31 tick=958 clock=8685157 updates=1 update=327 draw=10167 present=834 map=38
prof f958 ticks(avg) wait=1022 upd=333 draw/render=10671 present/render=833 dump=343 total=13203 max=15485 renders=60
video: scene=31 tick=358 vblank=2111 hash=d59670b5
timing: frame scene=31 tick=959 clock=8698324 updates=1 update=327 draw=10167 present=835 map=38
video: scene=31 tick=359 vblank=2114 hash=d59670b5
timing: frame scene=31 tick=960 clock=8711491 updates=1 update=327 draw=10167 present=835 map=38
video: scene=31 tick=360 vblank=2117 hash=d59670b5
timing: frame scene=31 tick=961 clock=8724658 updates=1 update=327 draw=10167 present=834 map=38
video: scene=31 tick=361 vblank=2120 hash=d59670b5
timing: frame scene=31 tick=962 clock=8737825 updates=1 update=329 draw=10167 present=834 map=38
video: scene=31 tick=362 vblank=2123 hash=d59670b5
timing: frame scene=31 tick=963 clock=8750992 updates=1 update=326 draw=10167 present=834 map=38
video: scene=31 tick=363 vblank=2126 hash=d59670b5
timing: frame scene=31 tick=964 clock=8764159 updates=1 update=326 draw=10167 present=834 map=38
video: scene=31 tick=364 vblank=2129 hash=d59670b5
timing: frame scene=31 tick=965 clock=8777326 updates=1 update=326 draw=10167 present=834 map=38
video: scene=31 tick=365 vblank=2132 hash=d59670b5
timing: frame scene=31 tick=966 clock=8790493 updates=1 update=326 draw=10167 present=834 map=38
video: scene=31 tick=366 vblank=2135 hash=d59670b5
timing: frame scene=31 tick=967 clock=8803660 updates=1 update=326 draw=10167 present=834 map=38
video: scene=31 tick=367 vblank=2138 hash=d59670b5
timing: frame scene=31 tick=968 clock=8816827 updates=1 update=326 draw=10167 present=834 map=38
video: scene=31 tick=368 vblank=2141 hash=d59670b5
timing: frame scene=31 tick=969 clock=8829994 updates=1 update=326 draw=10167 present=834 map=38
video: scene=31 tick=369 vblank=2144 hash=d59670b5
timing: frame scene=31 tick=970 clock=8843161 updates=1 update=326 draw=10167 present=834 map=38
video: scene=31 tick=370 vblank=2147 hash=d59670b5
timing: frame scene=31 tick=971 clock=8856328 updates=1 update=326 draw=10167 present=834 map=38
video: scene=31 tick=371 vblank=2150 hash=d59670b5
timing: frame scene=31 tick=972 clock=8869495 updates=1 update=326 draw=10167 present=834 map=38
video: scene=31 tick=372 vblank=2153 hash=d59670b5
timing: frame scene=31 tick=973 clock=8882662 updates=1 update=326 draw=10167 present=834 map=38
video: scene=31 tick=373 vblank=2156 hash=d59670b5
timing: frame scene=31 tick=974 clock=8895829 updates=1 update=326 draw=10167 present=834 map=38
video: scene=31 tick=374 vblank=2159 hash=d59670b5
timing: frame scene=31 tick=975 clock=8908996 updates=1 update=326 draw=10167 present=834 map=38
video: scene=31 tick=375 vblank=2162 hash=d59670b5
timing: frame scene=31 tick=976 clock=8922163 updates=1 update=326 draw=10167 present=834 map=38
video: scene=31 tick=376 vblank=2165 hash=d59670b5
timing: frame scene=31 tick=977 clock=8935330 updates=1 update=326 draw=10167 present=834 map=38
video: scene=31 tick=377 vblank=2168 hash=d59670b5
timing: frame scene=31 tick=978 clock=8948497 updates=1 update=326 draw=10167 present=834 map=38
video: scene=31 tick=378 vblank=2171 hash=d59670b5
timing: frame scene=31 tick=979 clock=8961664 updates=1 update=326 draw=10167 present=834 map=38
video: scene=31 tick=379 vblank=2174 hash=d59670b5
timing: frame scene=31 tick=980 clock=8974831 updates=1 update=326 draw=10167 present=834 map=38
video: scene=31 tick=380 vblank=2177 hash=d59670b5
timing: frame scene=31 tick=981 clock=8987998 updates=1 update=327 draw=10167 present=834 map=38
video: scene=31 tick=381 vblank=2180 hash=d59670b5
timing: frame scene=31 tick=982 clock=9001165 updates=1 update=326 draw=10167 present=834 map=38
video: scene=31 tick=382 vblank=2183 hash=d59670b5
timing: frame scene=31 tick=983 clock=9014332 updates=1 update=326 draw=10167 present=834 map=38
video: scene=31 tick=383 vblank=2186 hash=d59670b5
timing: frame scene=31 tick=984 clock=9027499 updates=1 update=326 draw=10167 present=834 map=38
video: scene=31 tick=384 vblank=2189 hash=d59670b5
timing: frame scene=31 tick=985 clock=9040666 updates=1 update=326 draw=10167 present=834 map=38
video: scene=31 tick=385 vblank=2192 hash=d59670b5
timing: frame scene=31 tick=986 clock=9053833 updates=1 update=326 draw=10167 present=834 map=38
video: scene=31 tick=386 vblank=2195 hash=d59670b5
timing: frame scene=31 tick=987 clock=9067000 updates=1 update=326 draw=10167 present=834 map=38
video: scene=31 tick=387 vblank=2198 hash=d59670b5
timing: frame scene=31 tick=988 clock=9080167 updates=1 update=326 draw=10167 present=834 map=38
video: scene=31 tick=388 vblank=2201 hash=d59670b5
timing: frame scene=31 tick=989 clock=9093334 updates=1 update=326 draw=10167 present=834 map=38
video: scene=31 tick=389 vblank=2204 hash=d59670b5
timing: frame scene=31 tick=990 clock=9106501 updates=1 update=326 draw=10167 present=834 map=38
video: scene=31 tick=390 vblank=2207 hash=d59670b5
timing: frame scene=31 tick=991 clock=9119668 updates=1 update=326 draw=10167 present=834 map=38
video: scene=31 tick=391 vblank=2210 hash=d59670b5
timing: frame scene=31 tick=992 clock=9132835 updates=1 update=328 draw=10167 present=834 map=38
video: scene=31 tick=392 vblank=2213 hash=d59670b5
timing: frame scene=31 tick=993 clock=9146002 updates=1 update=326 draw=10167 present=835 map=38
video: scene=31 tick=393 vblank=2216 hash=d59670b5
timing: frame scene=31 tick=994 clock=9159169 updates=1 update=326 draw=10167 present=835 map=38
video: scene=31 tick=394 vblank=2219 hash=d59670b5
timing: frame scene=31 tick=995 clock=9172336 updates=1 update=327 draw=10167 present=835 map=38
video: scene=31 tick=395 vblank=2222 hash=540bcd93
timing: frame scene=31 tick=996 clock=9185503 updates=1 update=326 draw=10167 present=835 map=38
video: scene=31 tick=396 vblank=2225 hash=540bcd93
timing: frame scene=31 tick=997 clock=9198670 updates=1 update=326 draw=10167 present=834 map=38
video: scene=31 tick=397 vblank=2228 hash=540bcd93
timing: frame scene=31 tick=998 clock=9211837 updates=1 update=327 draw=10167 present=835 map=38
video: scene=31 tick=398 vblank=2231 hash=2a090141
timing: frame scene=31 tick=999 clock=9225004 updates=1 update=326 draw=10167 present=835 map=38
video: scene=31 tick=399 vblank=2234 hash=2a090141
timing: frame scene=31 tick=1000 clock=9238171 updates=1 update=326 draw=10167 present=834 map=38
video: scene=31 tick=400 vblank=2237 hash=2a090141
timing: frame scene=31 tick=1001 clock=9251338 updates=1 update=328 draw=10167 present=834 map=38
video: scene=31 tick=401 vblank=2240 hash=dde8049f
timing: frame scene=31 tick=1002 clock=9264505 updates=1 update=326 draw=10167 present=835 map=38
video: scene=31 tick=402 vblank=2243 hash=dde8049f
timing: frame scene=31 tick=1003 clock=9277672 updates=1 update=327 draw=10167 present=834 map=38
video: scene=31 tick=403 vblank=2246 hash=dde8049f
timing: frame scene=31 tick=1004 clock=9290839 updates=1 update=328 draw=10167 present=834 map=38
video: scene=31 tick=404 vblank=2249 hash=65a11280
timing: frame scene=31 tick=1005 clock=9304006 updates=1 update=326 draw=10167 present=834 map=38
video: scene=31 tick=405 vblank=2252 hash=65a11280
timing: frame scene=31 tick=1006 clock=9317173 updates=1 update=327 draw=10167 present=834 map=38
video: scene=31 tick=406 vblank=2255 hash=65a11280
timing: frame scene=31 tick=1007 clock=9330340 updates=1 update=327 draw=10153 present=834 map=38
video: scene=31 tick=407 vblank=2258 hash=c5489db2
timing: frame scene=31 tick=1008 clock=9343507 updates=1 update=326 draw=10152 present=835 map=38
video: scene=31 tick=408 vblank=2261 hash=c5489db2
timing: frame scene=31 tick=1009 clock=9356674 updates=1 update=326 draw=10152 present=834 map=38
video: scene=31 tick=409 vblank=2264 hash=c5489db2
timing: frame scene=31 tick=1010 clock=9369841 updates=1 update=326 draw=10152 present=835 map=38
video: scene=31 tick=410 vblank=2267 hash=c5489db2
timing: frame scene=31 tick=1011 clock=9383008 updates=1 update=326 draw=10152 present=835 map=38
video: scene=31 tick=411 vblank=2270 hash=c5489db2
timing: frame scene=31 tick=1012 clock=9396175 updates=1 update=326 draw=10152 present=835 map=38
video: scene=31 tick=412 vblank=2273 hash=c5489db2
timing: frame scene=31 tick=1013 clock=9409342 updates=1 update=326 draw=10152 present=834 map=38
video: scene=31 tick=413 vblank=2276 hash=c5489db2
timing: frame scene=31 tick=1014 clock=9422509 updates=1 update=326 draw=10152 present=835 map=38
video: scene=31 tick=414 vblank=2279 hash=c5489db2
timing: frame scene=31 tick=1015 clock=9435676 updates=1 update=326 draw=10152 present=834 map=38
video: scene=31 tick=415 vblank=2282 hash=c5489db2
timing: frame scene=31 tick=1016 clock=9448843 updates=1 update=326 draw=10152 present=835 map=38
video: scene=31 tick=416 vblank=2285 hash=c5489db2
timing: frame scene=31 tick=1017 clock=9462010 updates=1 update=326 draw=10152 present=835 map=38
video: scene=31 tick=417 vblank=2288 hash=c5489db2
timing: frame scene=31 tick=1018 clock=9475177 updates=1 update=326 draw=10152 present=834 map=38
prof f1018 ticks(avg) wait=1466 upd=326 draw/render=10164 present/render=833 dump=345 total=13135 max=13148 renders=60
video: scene=31 tick=418 vblank=2291 hash=c5489db2
timing: frame scene=31 tick=1019 clock=9488344 updates=1 update=326 draw=10152 present=835 map=38
video: scene=31 tick=419 vblank=2294 hash=c5489db2
timing: frame scene=31 tick=1020 clock=9501511 updates=1 update=326 draw=10152 present=834 map=38
video: scene=31 tick=420 vblank=2297 hash=c5489db2
timing: frame scene=31 tick=1021 clock=9514678 updates=1 update=326 draw=10152 present=835 map=38
video: scene=31 tick=421 vblank=2300 hash=c5489db2
timing: frame scene=31 tick=1022 clock=9527845 updates=1 update=326 draw=10152 present=835 map=38
video: scene=31 tick=422 vblank=2303 hash=c5489db2
timing: frame scene=31 tick=1023 clock=9541012 updates=1 update=326 draw=10152 present=835 map=38
video: scene=31 tick=423 vblank=2306 hash=c5489db2
timing: frame scene=31 tick=1024 clock=9554179 updates=1 update=326 draw=10152 present=835 map=38
video: scene=31 tick=424 vblank=2309 hash=c5489db2
timing: frame scene=31 tick=1025 clock=9567346 updates=1 update=326 draw=10152 present=834 map=38
video: scene=31 tick=425 vblank=2312 hash=c5489db2
timing: frame scene=31 tick=1026 clock=9580513 updates=1 update=326 draw=10152 present=835 map=38
video: scene=31 tick=426 vblank=2315 hash=c5489db2
timing: frame scene=31 tick=1027 clock=9593680 updates=1 update=326 draw=10152 present=835 map=38
video: scene=31 tick=427 vblank=2318 hash=c5489db2
timing: frame scene=31 tick=1028 clock=9606847 updates=1 update=326 draw=10152 present=835 map=38
video: scene=31 tick=428 vblank=2321 hash=c5489db2
timing: frame scene=31 tick=1029 clock=9620014 updates=1 update=326 draw=10152 present=835 map=38
video: scene=31 tick=429 vblank=2324 hash=c5489db2
timing: frame scene=31 tick=1030 clock=9633181 updates=1 update=326 draw=10152 present=835 map=38
video: scene=31 tick=430 vblank=2327 hash=c5489db2
timing: frame scene=31 tick=1031 clock=9646348 updates=1 update=326 draw=10152 present=835 map=38
video: scene=31 tick=431 vblank=2330 hash=c5489db2
timing: frame scene=31 tick=1032 clock=9659515 updates=1 update=326 draw=10152 present=835 map=38
video: scene=31 tick=432 vblank=2333 hash=c5489db2
timing: frame scene=31 tick=1033 clock=9672682 updates=1 update=326 draw=10152 present=834 map=38
video: scene=31 tick=433 vblank=2336 hash=c5489db2
timing: frame scene=31 tick=1034 clock=9685849 updates=1 update=326 draw=10152 present=835 map=38
video: scene=31 tick=434 vblank=2339 hash=c5489db2
timing: frame scene=31 tick=1035 clock=9699016 updates=1 update=326 draw=10152 present=835 map=38
video: scene=31 tick=435 vblank=2342 hash=c5489db2
timing: frame scene=31 tick=1036 clock=9712183 updates=1 update=326 draw=10152 present=835 map=38
video: scene=31 tick=436 vblank=2345 hash=c5489db2
timing: frame scene=31 tick=1037 clock=9725350 updates=1 update=326 draw=10152 present=835 map=38
video: scene=31 tick=437 vblank=2348 hash=c5489db2
timing: frame scene=31 tick=1038 clock=9738517 updates=1 update=326 draw=10152 present=835 map=38
video: scene=31 tick=438 vblank=2351 hash=c5489db2
timing: frame scene=31 tick=1039 clock=9751684 updates=1 update=326 draw=10152 present=835 map=38
video: scene=31 tick=439 vblank=2354 hash=c5489db2
timing: frame scene=31 tick=1040 clock=9764851 updates=1 update=326 draw=10152 present=834 map=38
video: scene=31 tick=440 vblank=2357 hash=c5489db2
timing: frame scene=31 tick=1041 clock=9778018 updates=1 update=327 draw=10153 present=834 map=38
video: scene=31 tick=441 vblank=2360 hash=c5489db2
timing: frame scene=31 tick=1042 clock=9791185 updates=1 update=326 draw=10152 present=835 map=38
video: scene=31 tick=442 vblank=2363 hash=c5489db2
timing: frame scene=31 tick=1043 clock=9804352 updates=1 update=326 draw=10152 present=834 map=38
video: scene=31 tick=443 vblank=2366 hash=c5489db2
timing: frame scene=31 tick=1044 clock=9817519 updates=1 update=326 draw=10152 present=835 map=38
video: scene=31 tick=444 vblank=2369 hash=c5489db2
timing: frame scene=31 tick=1045 clock=9830686 updates=1 update=326 draw=10152 present=834 map=38
video: scene=31 tick=445 vblank=2372 hash=c5489db2
timing: frame scene=31 tick=1046 clock=9843853 updates=1 update=326 draw=10152 present=835 map=38
video: scene=31 tick=446 vblank=2375 hash=c5489db2
timing: frame scene=31 tick=1047 clock=9857020 updates=1 update=326 draw=10152 present=835 map=38
video: scene=31 tick=447 vblank=2378 hash=c5489db2
timing: frame scene=31 tick=1048 clock=9870187 updates=1 update=326 draw=10152 present=835 map=38
video: scene=31 tick=448 vblank=2381 hash=c5489db2
timing: frame scene=31 tick=1049 clock=9883354 updates=1 update=326 draw=10152 present=835 map=38
video: scene=31 tick=449 vblank=2384 hash=c5489db2
timing: frame scene=31 tick=1050 clock=9896521 updates=1 update=326 draw=10152 present=835 map=38
video: scene=31 tick=450 vblank=2387 hash=c5489db2
timing: frame scene=31 tick=1051 clock=9909688 updates=1 update=326 draw=10152 present=835 map=38
video: scene=31 tick=451 vblank=2390 hash=c5489db2
timing: frame scene=31 tick=1052 clock=9922855 updates=1 update=326 draw=10152 present=835 map=38
video: scene=31 tick=452 vblank=2393 hash=c5489db2
timing: frame scene=31 tick=1053 clock=9936022 updates=1 update=326 draw=10152 present=834 map=38
video: scene=31 tick=453 vblank=2396 hash=c5489db2
timing: frame scene=31 tick=1054 clock=9949189 updates=1 update=326 draw=10152 present=835 map=38
video: scene=31 tick=454 vblank=2399 hash=c5489db2
frame=2400 status=0080 volume=0077
timing: frame scene=31 tick=1055 clock=9962356 updates=1 update=326 draw=10152 present=834 map=38
video: scene=31 tick=455 vblank=2402 hash=c5489db2
timing: frame scene=31 tick=1056 clock=9975523 updates=1 update=326 draw=10152 present=835 map=38
video: scene=31 tick=456 vblank=2405 hash=c5489db2
timing: frame scene=31 tick=1057 clock=9988690 updates=1 update=326 draw=10152 present=835 map=38
video: scene=31 tick=457 vblank=2408 hash=c5489db2
timing: frame scene=31 tick=1058 clock=10001857 updates=1 update=326 draw=10152 present=834 map=38
video: scene=31 tick=458 vblank=2411 hash=c5489db2
timing: frame scene=31 tick=1059 clock=10015024 updates=1 update=326 draw=10152 present=835 map=38
video: scene=31 tick=459 vblank=2414 hash=c5489db2
timing: frame scene=31 tick=1060 clock=10028191 updates=1 update=326 draw=10152 present=835 map=38
video: scene=31 tick=460 vblank=2417 hash=c5489db2
timing: frame scene=31 tick=1061 clock=10041358 updates=1 update=326 draw=10152 present=834 map=38
video: scene=31 tick=461 vblank=2420 hash=c5489db2
timing: frame scene=31 tick=1062 clock=10054525 updates=1 update=326 draw=10152 present=834 map=38
video: scene=31 tick=462 vblank=2423 hash=c5489db2
timing: frame scene=31 tick=1063 clock=10067692 updates=1 update=326 draw=10152 present=835 map=38
video: scene=31 tick=463 vblank=2426 hash=c5489db2
timing: frame scene=31 tick=1064 clock=10080859 updates=1 update=326 draw=10152 present=835 map=38
video: scene=31 tick=464 vblank=2429 hash=c5489db2
timing: frame scene=31 tick=1065 clock=10094026 updates=1 update=326 draw=10152 present=835 map=38
video: scene=31 tick=465 vblank=2432 hash=c5489db2
timing: frame scene=31 tick=1066 clock=10107193 updates=1 update=326 draw=10152 present=835 map=38
video: scene=31 tick=466 vblank=2435 hash=c5489db2
timing: frame scene=31 tick=1067 clock=10120360 updates=1 update=441 draw=10614 present=834 map=38
video: scene=31 tick=467 vblank=2438 hash=ae785671
timing: frame scene=31 tick=1068 clock=10133527 updates=1 update=397 draw=10619 present=834 map=38
video: scene=31 tick=468 vblank=2441 hash=ae785671
timing: frame scene=31 tick=1069 clock=10146694 updates=1 update=325 draw=10619 present=834 map=38
video: scene=31 tick=469 vblank=2444 hash=ae785671
timing: frame scene=31 tick=1070 clock=10159861 updates=1 update=325 draw=10619 present=834 map=38
video: scene=31 tick=470 vblank=2447 hash=ae785671
timing: frame scene=31 tick=1071 clock=10173028 updates=1 update=325 draw=10619 present=834 map=38
video: scene=31 tick=471 vblank=2450 hash=ae785671
timing: frame scene=31 tick=1072 clock=10186195 updates=1 update=353 draw=11082 present=834 map=38
video: scene=31 tick=472 vblank=2453 hash=f10e6355
timing: frame scene=31 tick=1073 clock=10199362 updates=1 update=326 draw=11082 present=834 map=38
video: scene=31 tick=473 vblank=2456 hash=f10e6355
timing: frame scene=31 tick=1074 clock=10212529 updates=1 update=326 draw=11082 present=834 map=38
video: scene=31 tick=474 vblank=2459 hash=f10e6355
timing: frame scene=31 tick=1075 clock=10225696 updates=1 update=326 draw=11082 present=834 map=38
video: scene=31 tick=475 vblank=2462 hash=f10e6355
timing: frame scene=31 tick=1076 clock=10238863 updates=1 update=326 draw=11082 present=834 map=38
video: scene=31 tick=476 vblank=2465 hash=f10e6355
timing: frame scene=31 tick=1077 clock=10252030 updates=1 update=330 draw=11081 present=834 map=38
video: scene=31 tick=477 vblank=2468 hash=7d828056
timing: frame scene=31 tick=1078 clock=10265197 updates=1 update=326 draw=11082 present=834 map=38
prof f1078 ticks(avg) wait=1333 upd=329 draw/render=10299 present/render=833 dump=353 total=13149 max=13719 renders=60
video: scene=31 tick=478 vblank=2471 hash=7d828056
timing: frame scene=31 tick=1079 clock=10278364 updates=1 update=326 draw=11082 present=834 map=38
video: scene=31 tick=479 vblank=2474 hash=7d828056
timing: frame scene=31 tick=1080 clock=10291531 updates=1 update=326 draw=11082 present=834 map=38
video: scene=31 tick=480 vblank=2477 hash=7d828056
timing: frame scene=31 tick=1081 clock=10304698 updates=1 update=326 draw=11082 present=834 map=38
video: scene=31 tick=481 vblank=2480 hash=7d828056
timing: frame scene=31 tick=1082 clock=10317865 updates=1 update=330 draw=10619 present=835 map=38
video: scene=31 tick=482 vblank=2483 hash=034c24aa
timing: frame scene=31 tick=1083 clock=10331032 updates=1 update=326 draw=10620 present=834 map=38
video: scene=31 tick=483 vblank=2486 hash=034c24aa
timing: frame scene=31 tick=1084 clock=10344199 updates=1 update=326 draw=10620 present=834 map=38
video: scene=31 tick=484 vblank=2489 hash=034c24aa
timing: frame scene=31 tick=1085 clock=10357366 updates=1 update=326 draw=10620 present=834 map=38
video: scene=31 tick=485 vblank=2492 hash=034c24aa
timing: frame scene=31 tick=1086 clock=10370533 updates=1 update=326 draw=10620 present=834 map=38
video: scene=31 tick=486 vblank=2495 hash=034c24aa
timing: frame scene=31 tick=1087 clock=10383700 updates=1 update=330 draw=10157 present=835 map=38
video: scene=31 tick=487 vblank=2498 hash=0e787c8b
timing: frame scene=31 tick=1088 clock=10396867 updates=1 update=326 draw=10158 present=834 map=38
video: scene=31 tick=488 vblank=2501 hash=0e787c8b
timing: frame scene=31 tick=1089 clock=10410034 updates=1 update=326 draw=10158 present=834 map=38
video: scene=31 tick=489 vblank=2504 hash=0e787c8b
timing: frame scene=31 tick=1090 clock=10423201 updates=1 update=326 draw=10158 present=834 map=38
video: scene=31 tick=490 vblank=2507 hash=0e787c8b
timing: frame scene=31 tick=1091 clock=10436368 updates=1 update=326 draw=10158 present=834 map=38
video: scene=31 tick=491 vblank=2510 hash=0e787c8b
timing: frame scene=31 tick=1092 clock=10449535 updates=1 update=328 draw=10158 present=834 map=38
video: scene=31 tick=492 vblank=2513 hash=0e787c8b
timing: frame scene=31 tick=1093 clock=10462702 updates=1 update=441 draw=10620 present=834 map=38
video: scene=31 tick=493 vblank=2516 hash=ae785671
timing: frame scene=31 tick=1094 clock=10475869 updates=1 update=396 draw=10620 present=834 map=38
video: scene=31 tick=494 vblank=2519 hash=ae785671
timing: frame scene=31 tick=1095 clock=10489036 updates=1 update=325 draw=10619 present=835 map=38
video: scene=31 tick=495 vblank=2522 hash=ae785671
timing: frame scene=31 tick=1096 clock=10502203 updates=1 update=325 draw=10619 present=835 map=38
video: scene=31 tick=496 vblank=2525 hash=ae785671
timing: frame scene=31 tick=1097 clock=10515370 updates=1 update=325 draw=10619 present=834 map=38
video: scene=31 tick=497 vblank=2528 hash=ae785671
timing: frame scene=31 tick=1098 clock=10528537 updates=1 update=353 draw=11082 present=834 map=38
video: scene=31 tick=498 vblank=2531 hash=1c9e76d2
timing: frame scene=31 tick=1099 clock=10541704 updates=1 update=326 draw=11082 present=834 map=38
video: scene=31 tick=499 vblank=2534 hash=1c9e76d2
timing: frame scene=31 tick=1100 clock=10554871 updates=1 update=326 draw=11082 present=834 map=38
video: scene=31 tick=500 vblank=2537 hash=1c9e76d2
timing: frame scene=31 tick=1101 clock=10568038 updates=1 update=327 draw=11082 present=834 map=38
video: scene=31 tick=501 vblank=2540 hash=1c9e76d2
timing: frame scene=31 tick=1102 clock=10581205 updates=1 update=326 draw=11082 present=834 map=38
video: scene=31 tick=502 vblank=2543 hash=1c9e76d2
timing: frame scene=31 tick=1103 clock=10594372 updates=1 update=330 draw=11081 present=834 map=38
video: scene=31 tick=503 vblank=2546 hash=d29f886b
timing: frame scene=31 tick=1104 clock=10607539 updates=1 update=326 draw=11082 present=834 map=38
video: scene=31 tick=504 vblank=2549 hash=d29f886b
timing: frame scene=31 tick=1105 clock=10620706 updates=1 update=326 draw=11082 present=834 map=38
video: scene=31 tick=505 vblank=2552 hash=d29f886b
timing: frame scene=31 tick=1106 clock=10633873 updates=1 update=326 draw=11082 present=834 map=38
video: scene=31 tick=506 vblank=2555 hash=d29f886b
timing: frame scene=31 tick=1107 clock=10647040 updates=1 update=326 draw=11082 present=834 map=38
video: scene=31 tick=507 vblank=2558 hash=d29f886b
timing: frame scene=31 tick=1108 clock=10660207 updates=1 update=330 draw=10619 present=834 map=38
video: scene=31 tick=508 vblank=2561 hash=62cef16b
timing: frame scene=31 tick=1109 clock=10673374 updates=1 update=326 draw=10620 present=834 map=38
video: scene=31 tick=509 vblank=2564 hash=62cef16b
timing: frame scene=31 tick=1110 clock=10686541 updates=1 update=326 draw=10620 present=834 map=38
video: scene=31 tick=510 vblank=2567 hash=62cef16b
timing: frame scene=31 tick=1111 clock=10699708 updates=1 update=326 draw=10620 present=834 map=38
video: scene=31 tick=511 vblank=2570 hash=62cef16b
timing: frame scene=31 tick=1112 clock=10712875 updates=1 update=326 draw=10620 present=834 map=38
video: scene=31 tick=512 vblank=2573 hash=62cef16b
timing: frame scene=31 tick=1113 clock=10726042 updates=1 update=330 draw=10158 present=834 map=38
video: scene=31 tick=513 vblank=2576 hash=09ef7c5b
timing: frame scene=31 tick=1114 clock=10739209 updates=1 update=326 draw=10158 present=834 map=38
video: scene=31 tick=514 vblank=2579 hash=09ef7c5b
timing: frame scene=31 tick=1115 clock=10752376 updates=1 update=326 draw=10158 present=834 map=38
video: scene=31 tick=515 vblank=2582 hash=09ef7c5b
timing: frame scene=31 tick=1116 clock=10765543 updates=1 update=326 draw=10158 present=834 map=38
video: scene=31 tick=516 vblank=2585 hash=09ef7c5b
timing: frame scene=31 tick=1117 clock=10778710 updates=1 update=326 draw=10158 present=834 map=38
video: scene=31 tick=517 vblank=2588 hash=09ef7c5b
timing: frame scene=31 tick=1118 clock=10791877 updates=1 update=328 draw=10158 present=834 map=38
video: scene=31 tick=518 vblank=2591 hash=09ef7c5b
timing: frame scene=31 tick=1119 clock=10805044 updates=1 update=327 draw=10158 present=834 map=38
video: scene=31 tick=519 vblank=2594 hash=09ef7c5b
timing: frame scene=31 tick=1120 clock=10818211 updates=1 update=326 draw=10158 present=834 map=38
video: scene=31 tick=520 vblank=2597 hash=09ef7c5b
timing: frame scene=31 tick=1121 clock=10831378 updates=1 update=326 draw=10158 present=834 map=38
video: scene=31 tick=521 vblank=2600 hash=09ef7c5b
timing: frame scene=31 tick=1122 clock=10844545 updates=1 update=326 draw=10158 present=834 map=38
video: scene=31 tick=522 vblank=2603 hash=09ef7c5b
timing: frame scene=31 tick=1123 clock=10857712 updates=1 update=326 draw=10158 present=834 map=38
video: scene=31 tick=523 vblank=2606 hash=09ef7c5b
timing: frame scene=31 tick=1124 clock=10870879 updates=1 update=326 draw=10158 present=834 map=38
video: scene=31 tick=524 vblank=2609 hash=09ef7c5b
timing: frame scene=31 tick=1125 clock=10884046 updates=1 update=326 draw=10158 present=834 map=38
video: scene=31 tick=525 vblank=2612 hash=09ef7c5b
timing: frame scene=31 tick=1126 clock=10897213 updates=1 update=326 draw=10158 present=834 map=38
video: scene=31 tick=526 vblank=2615 hash=09ef7c5b
timing: frame scene=31 tick=1127 clock=10910380 updates=1 update=326 draw=10158 present=834 map=38
video: scene=31 tick=527 vblank=2618 hash=09ef7c5b
timing: frame scene=31 tick=1128 clock=10923547 updates=1 update=326 draw=10158 present=834 map=38
video: scene=31 tick=528 vblank=2621 hash=09ef7c5b
timing: frame scene=31 tick=1129 clock=10936714 updates=1 update=326 draw=10158 present=834 map=38
video: scene=31 tick=529 vblank=2624 hash=09ef7c5b
timing: frame scene=31 tick=1130 clock=10949881 updates=1 update=326 draw=10158 present=834 map=38
video: scene=31 tick=530 vblank=2627 hash=09ef7c5b
timing: frame scene=31 tick=1131 clock=10963048 updates=1 update=326 draw=10158 present=834 map=38
video: scene=31 tick=531 vblank=2630 hash=09ef7c5b
timing: frame scene=31 tick=1132 clock=10976215 updates=1 update=326 draw=10158 present=834 map=38
video: scene=31 tick=532 vblank=2633 hash=09ef7c5b
timing: frame scene=31 tick=1133 clock=10989382 updates=1 update=326 draw=10158 present=834 map=38
video: scene=31 tick=533 vblank=2636 hash=09ef7c5b
timing: frame scene=31 tick=1134 clock=11002549 updates=1 update=326 draw=10158 present=834 map=38
video: scene=31 tick=534 vblank=2639 hash=09ef7c5b
timing: frame scene=31 tick=1135 clock=11015716 updates=1 update=326 draw=10158 present=834 map=38
video: scene=31 tick=535 vblank=2642 hash=09ef7c5b
timing: frame scene=31 tick=1136 clock=11028883 updates=1 update=326 draw=10158 present=834 map=38
video: scene=31 tick=536 vblank=2645 hash=09ef7c5b
timing: frame scene=31 tick=1137 clock=11042050 updates=1 update=326 draw=10158 present=834 map=38
video: scene=31 tick=537 vblank=2648 hash=09ef7c5b
timing: frame scene=31 tick=1138 clock=11055217 updates=1 update=326 draw=10158 present=834 map=38
prof f1138 ticks(avg) wait=1119 upd=330 draw/render=10473 present/render=833 dump=360 total=13117 max=13715 renders=60
video: scene=31 tick=538 vblank=2651 hash=09ef7c5b
timing: frame scene=31 tick=1139 clock=11068384 updates=1 update=331 draw=10614 present=834 map=38
video: scene=31 tick=539 vblank=2654 hash=562c56be
timing: frame scene=31 tick=1140 clock=11081551 updates=1 update=326 draw=10620 present=834 map=38
video: scene=31 tick=540 vblank=2657 hash=562c56be
timing: frame scene=31 tick=1141 clock=11094718 updates=1 update=326 draw=10620 present=834 map=38
video: scene=31 tick=541 vblank=2660 hash=562c56be
timing: frame scene=31 tick=1142 clock=11107885 updates=1 update=326 draw=10620 present=834 map=38
video: scene=31 tick=542 vblank=2663 hash=562c56be
timing: frame scene=31 tick=1143 clock=11121052 updates=1 update=326 draw=10620 present=834 map=38
video: scene=31 tick=543 vblank=2666 hash=562c56be
timing: frame scene=31 tick=1144 clock=11134219 updates=1 update=330 draw=10619 present=835 map=38
video: scene=31 tick=544 vblank=2669 hash=da807914
timing: frame scene=31 tick=1145 clock=11147386 updates=1 update=326 draw=10620 present=834 map=38
video: scene=31 tick=545 vblank=2672 hash=da807914
timing: frame scene=31 tick=1146 clock=11160553 updates=1 update=326 draw=10620 present=834 map=38
video: scene=31 tick=546 vblank=2675 hash=da807914
timing: frame scene=31 tick=1147 clock=11173720 updates=1 update=326 draw=10620 present=834 map=38
video: scene=31 tick=547 vblank=2678 hash=da807914
timing: frame scene=31 tick=1148 clock=11186887 updates=1 update=326 draw=10620 present=834 map=38
video: scene=31 tick=548 vblank=2681 hash=da807914
timing: frame scene=31 tick=1149 clock=11200054 updates=1 update=330 draw=10619 present=835 map=38
video: scene=31 tick=549 vblank=2684 hash=da807914
timing: frame scene=31 tick=1150 clock=11213221 updates=1 update=326 draw=10620 present=834 map=38
video: scene=31 tick=550 vblank=2687 hash=da807914
timing: frame scene=31 tick=1151 clock=11226388 updates=1 update=326 draw=10620 present=834 map=38
video: scene=31 tick=551 vblank=2690 hash=da807914
timing: frame scene=31 tick=1152 clock=11239555 updates=1 update=326 draw=10620 present=834 map=38
video: scene=31 tick=552 vblank=2693 hash=da807914
timing: frame scene=31 tick=1153 clock=11252722 updates=1 update=326 draw=10620 present=834 map=38
video: scene=31 tick=553 vblank=2696 hash=da807914
timing: frame scene=31 tick=1154 clock=11265889 updates=1 update=330 draw=10619 present=835 map=38
video: scene=31 tick=554 vblank=2699 hash=562c56be
frame=2700 status=0080 volume=0077
timing: frame scene=31 tick=1155 clock=11279056 updates=1 update=326 draw=10620 present=834 map=38
video: scene=31 tick=555 vblank=2702 hash=562c56be
timing: frame scene=31 tick=1156 clock=11292223 updates=1 update=326 draw=10620 present=834 map=38
video: scene=31 tick=556 vblank=2705 hash=562c56be
timing: frame scene=31 tick=1157 clock=11305390 updates=1 update=326 draw=10620 present=834 map=38
video: scene=31 tick=557 vblank=2708 hash=562c56be
timing: frame scene=31 tick=1158 clock=11318557 updates=1 update=326 draw=10620 present=834 map=38
video: scene=31 tick=558 vblank=2711 hash=562c56be
timing: frame scene=31 tick=1159 clock=11331724 updates=1 update=328 draw=10620 present=834 map=38
video: scene=31 tick=559 vblank=2714 hash=562c56be
timing: frame scene=31 tick=1160 clock=11344891 updates=1 update=327 draw=10619 present=835 map=38
video: scene=31 tick=560 vblank=2717 hash=562c56be
timing: frame scene=31 tick=1161 clock=11358058 updates=1 update=327 draw=10620 present=834 map=38
video: scene=31 tick=561 vblank=2720 hash=562c56be
timing: frame scene=31 tick=1162 clock=11371225 updates=1 update=326 draw=10620 present=834 map=38
video: scene=31 tick=562 vblank=2723 hash=562c56be
timing: frame scene=31 tick=1163 clock=11384392 updates=1 update=326 draw=10620 present=834 map=38
video: scene=31 tick=563 vblank=2726 hash=562c56be
timing: frame scene=31 tick=1164 clock=11397559 updates=1 update=326 draw=10620 present=834 map=38
video: scene=31 tick=564 vblank=2729 hash=562c56be
timing: frame scene=31 tick=1165 clock=11410726 updates=1 update=326 draw=10620 present=834 map=38
video: scene=31 tick=565 vblank=2732 hash=562c56be
timing: frame scene=31 tick=1166 clock=11423893 updates=1 update=326 draw=10620 present=834 map=38
video: scene=31 tick=566 vblank=2735 hash=562c56be
timing: frame scene=31 tick=1167 clock=11437060 updates=1 update=326 draw=10620 present=834 map=38
video: scene=31 tick=567 vblank=2738 hash=562c56be
timing: frame scene=31 tick=1168 clock=11450227 updates=1 update=326 draw=10620 present=834 map=38
video: scene=31 tick=568 vblank=2741 hash=562c56be
timing: frame scene=31 tick=1169 clock=11463394 updates=1 update=326 draw=10620 present=834 map=38
video: scene=31 tick=569 vblank=2744 hash=562c56be
timing: frame scene=31 tick=1170 clock=11476561 updates=1 update=326 draw=10620 present=834 map=38
video: scene=31 tick=570 vblank=2747 hash=562c56be
timing: frame scene=31 tick=1171 clock=11489728 updates=1 update=326 draw=10620 present=834 map=38
video: scene=31 tick=571 vblank=2750 hash=562c56be
timing: frame scene=31 tick=1172 clock=11502895 updates=1 update=326 draw=10620 present=834 map=38
video: scene=31 tick=572 vblank=2753 hash=562c56be
timing: frame scene=31 tick=1173 clock=11516062 updates=1 update=326 draw=10620 present=834 map=38
video: scene=31 tick=573 vblank=2756 hash=562c56be
timing: frame scene=31 tick=1174 clock=11529229 updates=1 update=326 draw=10620 present=834 map=38
video: scene=31 tick=574 vblank=2759 hash=562c56be
timing: frame scene=31 tick=1175 clock=11542396 updates=1 update=326 draw=10620 present=834 map=38
video: scene=31 tick=575 vblank=2762 hash=562c56be
timing: frame scene=31 tick=1176 clock=11555563 updates=1 update=326 draw=10620 present=834 map=38
video: scene=31 tick=576 vblank=2765 hash=562c56be
timing: frame scene=31 tick=1177 clock=11568730 updates=1 update=326 draw=10620 present=834 map=38
video: scene=31 tick=577 vblank=2768 hash=562c56be
timing: frame scene=31 tick=1178 clock=11581897 updates=1 update=326 draw=10620 present=834 map=38
video: scene=31 tick=578 vblank=2771 hash=562c56be
timing: frame scene=31 tick=1179 clock=11595064 updates=1 update=326 draw=10620 present=834 map=38
video: scene=31 tick=579 vblank=2774 hash=562c56be
timing: frame scene=31 tick=1180 clock=11608231 updates=1 update=326 draw=10620 present=834 map=38
video: scene=31 tick=580 vblank=2777 hash=562c56be
timing: frame scene=31 tick=1181 clock=11621398 updates=1 update=326 draw=10620 present=834 map=38
video: scene=31 tick=581 vblank=2780 hash=562c56be
timing: frame scene=31 tick=1182 clock=11634565 updates=1 update=326 draw=10620 present=834 map=38
video: scene=31 tick=582 vblank=2783 hash=562c56be
timing: frame scene=31 tick=1183 clock=11647732 updates=1 update=326 draw=10620 present=834 map=38
video: scene=31 tick=583 vblank=2786 hash=562c56be
timing: frame scene=31 tick=1184 clock=11660899 updates=1 update=326 draw=10620 present=834 map=38
video: scene=31 tick=584 vblank=2789 hash=562c56be
timing: frame scene=31 tick=1185 clock=11674066 updates=1 update=326 draw=10620 present=834 map=38
video: scene=31 tick=585 vblank=2792 hash=562c56be
timing: frame scene=31 tick=1186 clock=11687233 updates=1 update=326 draw=10620 present=834 map=38
video: scene=31 tick=586 vblank=2795 hash=562c56be
timing: frame scene=31 tick=1187 clock=11700400 updates=1 update=326 draw=10620 present=834 map=38
video: scene=31 tick=587 vblank=2798 hash=562c56be
timing: frame scene=31 tick=1188 clock=11713567 updates=1 update=326 draw=10620 present=834 map=38
video: scene=31 tick=588 vblank=2801 hash=562c56be
timing: frame scene=31 tick=1189 clock=11726734 updates=1 update=326 draw=10620 present=834 map=38
video: scene=31 tick=589 vblank=2804 hash=562c56be
timing: frame scene=31 tick=1190 clock=11739901 updates=1 update=432 draw=13353 present=834 map=38
video: scene=31 tick=590 vblank=2808 hash=78649586
timing: frame scene=31 tick=1191 clock=11757457 updates=1 update=441 draw=11099 present=834 map=38
video: scene=31 tick=591 vblank=2811 hash=78649586
timing: frame scene=31 tick=1192 clock=11770624 updates=1 update=308 draw=11097 present=835 map=38
video: scene=31 tick=592 vblank=2814 hash=78649586
timing: frame scene=31 tick=1193 clock=11783791 updates=1 update=356 draw=11098 present=834 map=38
video: scene=31 tick=593 vblank=2817 hash=78649586
timing: frame scene=31 tick=1194 clock=11796958 updates=1 update=308 draw=11097 present=834 map=38
video: scene=31 tick=594 vblank=2820 hash=78649586
timing: frame scene=31 tick=1195 clock=11810125 updates=1 update=360 draw=11097 present=834 map=38
video: scene=31 tick=595 vblank=2823 hash=114f1146
timing: frame scene=31 tick=1196 clock=11823292 updates=1 update=308 draw=11097 present=834 map=38
video: scene=31 tick=596 vblank=2826 hash=114f1146
timing: frame scene=31 tick=1197 clock=11836459 updates=1 update=356 draw=11098 present=834 map=38
video: scene=31 tick=597 vblank=2829 hash=114f1146
timing: frame scene=31 tick=1198 clock=11849626 updates=1 update=308 draw=11097 present=835 map=38
prof f1198 ticks(avg) wait=966 upd=330 draw/render=10729 present/render=833 dump=361 total=13220 max=15978 renders=60
video: scene=31 tick=598 vblank=2832 hash=114f1146
timing: frame scene=31 tick=1199 clock=11862793 updates=1 update=308 draw=11097 present=834 map=38
video: scene=31 tick=599 vblank=2835 hash=114f1146
timing: frame scene=31 tick=1200 clock=11875960 updates=1 update=360 draw=11097 present=834 map=38
video: scene=31 tick=600 vblank=2838 hash=5d64690f
timing: frame scene=31 tick=1201 clock=11889127 updates=1 update=308 draw=11097 present=835 map=38
video: scene=31 tick=601 vblank=2841 hash=5d64690f
timing: frame scene=31 tick=1202 clock=11902294 updates=1 update=356 draw=11098 present=834 map=38
video: scene=31 tick=602 vblank=2844 hash=5d64690f
timing: frame scene=31 tick=1203 clock=11915461 updates=1 update=308 draw=11097 present=834 map=38
video: scene=31 tick=603 vblank=2847 hash=5d64690f
timing: frame scene=31 tick=1204 clock=11928628 updates=1 update=308 draw=11097 present=835 map=38
video: scene=31 tick=604 vblank=2850 hash=5d64690f
timing: frame scene=31 tick=1205 clock=11941795 updates=1 update=360 draw=11097 present=834 map=38
video: scene=31 tick=605 vblank=2853 hash=150b41fa
timing: frame scene=31 tick=1206 clock=11954962 updates=1 update=308 draw=11097 present=835 map=38
video: scene=31 tick=606 vblank=2856 hash=150b41fa
timing: frame scene=31 tick=1207 clock=11968129 updates=1 update=308 draw=11097 present=835 map=38
video: scene=31 tick=607 vblank=2859 hash=150b41fa
timing: frame scene=31 tick=1208 clock=11981296 updates=1 update=308 draw=11097 present=835 map=38
video: scene=31 tick=608 vblank=2862 hash=150b41fa
timing: frame scene=31 tick=1209 clock=11994463 updates=1 update=308 draw=11097 present=835 map=38
video: scene=31 tick=609 vblank=2865 hash=150b41fa
timing: frame scene=31 tick=1210 clock=12007630 updates=1 update=359 draw=11097 present=834 map=38
video: scene=31 tick=610 vblank=2868 hash=150b41fa
timing: frame scene=31 tick=1211 clock=12020797 updates=1 update=310 draw=11140 present=835 map=38
video: scene=31 tick=611 vblank=2871 hash=f9a0a745
timing: frame scene=31 tick=1212 clock=12033964 updates=1 update=307 draw=11140 present=834 map=38
video: scene=31 tick=612 vblank=2874 hash=f9a0a745
timing: frame scene=31 tick=1213 clock=12047131 updates=1 update=307 draw=11140 present=834 map=38
video: scene=31 tick=613 vblank=2877 hash=f9a0a745
timing: frame scene=31 tick=1214 clock=12060298 updates=1 update=307 draw=11140 present=834 map=38
video: scene=31 tick=614 vblank=2880 hash=f9a0a745
timing: frame scene=31 tick=1215 clock=12073465 updates=1 update=307 draw=11140 present=834 map=38
video: scene=31 tick=615 vblank=2883 hash=f9a0a745
timing: frame scene=31 tick=1216 clock=12086632 updates=1 update=343 draw=11140 present=834 map=38
video: scene=31 tick=616 vblank=2886 hash=f9a0a745
timing: frame scene=31 tick=1217 clock=12099799 updates=1 update=325 draw=11140 present=834 map=38
video: scene=31 tick=617 vblank=2889 hash=f9a0a745
timing: frame scene=31 tick=1218 clock=12112966 updates=1 update=325 draw=11140 present=834 map=38
video: scene=31 tick=618 vblank=2892 hash=f9a0a745
timing: frame scene=31 tick=1219 clock=12126133 updates=1 update=325 draw=11144 present=834 map=38
video: scene=31 tick=619 vblank=2895 hash=2b5c9089
timing: frame scene=31 tick=1220 clock=12139300 updates=1 update=325 draw=11144 present=834 map=38
video: scene=31 tick=620 vblank=2898 hash=2b5c9089
timing: frame scene=31 tick=1221 clock=12152467 updates=1 update=326 draw=11144 present=834 map=38
video: scene=31 tick=621 vblank=2901 hash=2b5c9089
timing: frame scene=31 tick=1222 clock=12165634 updates=1 update=325 draw=11144 present=834 map=38
video: scene=31 tick=622 vblank=2904 hash=2b5c9089
timing: frame scene=31 tick=1223 clock=12178801 updates=1 update=325 draw=11144 present=834 map=38
video: scene=31 tick=623 vblank=2907 hash=2b5c9089
timing: frame scene=31 tick=1224 clock=12191968 updates=1 update=325 draw=11144 present=834 map=38
video: scene=31 tick=624 vblank=2910 hash=2b5c9089
timing: frame scene=31 tick=1225 clock=12205135 updates=1 update=325 draw=11144 present=834 map=38
video: scene=31 tick=625 vblank=2913 hash=2b5c9089
timing: frame scene=31 tick=1226 clock=12218302 updates=1 update=325 draw=11144 present=834 map=38
video: scene=31 tick=626 vblank=2916 hash=2b5c9089
timing: frame scene=31 tick=1227 clock=12231469 updates=1 update=325 draw=11144 present=834 map=38
video: scene=31 tick=627 vblank=2919 hash=5d3a1fc5
timing: frame scene=31 tick=1228 clock=12244636 updates=1 update=325 draw=11144 present=834 map=38
video: scene=31 tick=628 vblank=2922 hash=5d3a1fc5
timing: frame scene=31 tick=1229 clock=12257803 updates=1 update=325 draw=11144 present=834 map=38
video: scene=31 tick=629 vblank=2925 hash=5d3a1fc5
timing: frame scene=31 tick=1230 clock=12270970 updates=1 update=325 draw=11144 present=834 map=38
video: scene=31 tick=630 vblank=2928 hash=5d3a1fc5
timing: frame scene=31 tick=1231 clock=12284137 updates=1 update=325 draw=11144 present=834 map=38
video: scene=31 tick=631 vblank=2931 hash=5d3a1fc5
timing: frame scene=31 tick=1232 clock=12297304 updates=1 update=325 draw=11144 present=834 map=38
video: scene=31 tick=632 vblank=2934 hash=5d3a1fc5
timing: frame scene=31 tick=1233 clock=12310471 updates=1 update=325 draw=11144 present=834 map=38
video: scene=31 tick=633 vblank=2937 hash=5d3a1fc5
timing: frame scene=31 tick=1234 clock=12323638 updates=1 update=325 draw=11144 present=834 map=38
video: scene=31 tick=634 vblank=2940 hash=5d3a1fc5
timing: frame scene=31 tick=1235 clock=12336805 updates=1 update=358 draw=27093 present=835 map=38
video: scene=31 tick=635 vblank=2947 hash=48376504
timing: frame scene=31 tick=1236 clock=12367528 updates=1 update=783 draw=22469 present=834 map=38
video: scene=31 tick=636 vblank=2953 hash=5c97b5e3
timing: frame scene=31 tick=1237 clock=12393862 updates=1 update=661 draw=19752 present=834 map=38
video: scene=31 tick=637 vblank=2958 hash=5c97b5e3
timing: frame scene=31 tick=1238 clock=12415807 updates=1 update=478 draw=19753 present=834 map=38
video: scene=31 tick=638 vblank=2963 hash=5c97b5e3
timing: frame scene=31 tick=1239 clock=12437752 updates=1 update=478 draw=19753 present=834 map=38
video: scene=31 tick=639 vblank=2968 hash=5c97b5e3
timing: frame scene=31 tick=1240 clock=12459697 updates=1 update=508 draw=19752 present=835 map=38
video: scene=31 tick=640 vblank=2973 hash=5c97b5e3
timing: frame scene=31 tick=1241 clock=12481642 updates=1 update=508 draw=19753 present=834 map=38
video: scene=31 tick=641 vblank=2978 hash=5c97b5e3
timing: frame scene=31 tick=1242 clock=12503587 updates=1 update=508 draw=19752 present=835 map=38
video: scene=31 tick=642 vblank=2983 hash=5c97b5e3
timing: frame scene=31 tick=1243 clock=12525532 updates=1 update=508 draw=19752 present=835 map=38
video: scene=31 tick=643 vblank=2988 hash=5c97b5e3
timing: frame scene=31 tick=1244 clock=12547477 updates=1 update=508 draw=19752 present=835 map=38
video: scene=31 tick=644 vblank=2993 hash=5c97b5e3
timing: frame scene=31 tick=1245 clock=12569422 updates=1 update=508 draw=19752 present=835 map=38
video: scene=31 tick=645 vblank=2998 hash=5c97b5e3
frame=3000 status=0080 volume=0077
timing: frame scene=31 tick=1246 clock=12591367 updates=1 update=508 draw=19752 present=835 map=38
video: scene=31 tick=646 vblank=3003 hash=5c97b5e3
timing: frame scene=31 tick=1247 clock=12613312 updates=1 update=508 draw=19752 present=835 map=38
video: scene=31 tick=647 vblank=3008 hash=5c97b5e3
timing: frame scene=31 tick=1248 clock=12635257 updates=1 update=508 draw=19753 present=834 map=38
video: scene=31 tick=648 vblank=3013 hash=5c97b5e3
timing: frame scene=31 tick=1249 clock=12657202 updates=1 update=508 draw=19753 present=834 map=38
video: scene=31 tick=649 vblank=3018 hash=5c97b5e3
timing: frame scene=31 tick=1250 clock=12679147 updates=1 update=508 draw=19753 present=834 map=38
video: scene=31 tick=650 vblank=3023 hash=5c97b5e3
timing: frame scene=31 tick=1251 clock=12701092 updates=1 update=508 draw=19752 present=835 map=38
video: scene=31 tick=651 vblank=3028 hash=98d82de3
timing: frame scene=31 tick=1252 clock=12723037 updates=1 update=509 draw=19752 present=835 map=38
video: scene=31 tick=652 vblank=3033 hash=690bb1e3
timing: frame scene=31 tick=1253 clock=12744982 updates=1 update=508 draw=19752 present=835 map=38
video: scene=31 tick=653 vblank=3038 hash=190162e3
timing: frame scene=31 tick=1254 clock=12766927 updates=1 update=508 draw=19753 present=834 map=38
video: scene=31 tick=654 vblank=3043 hash=642184e3
timing: frame scene=31 tick=1255 clock=12788872 updates=1 update=508 draw=19752 present=835 map=38
video: scene=31 tick=655 vblank=3048 hash=5c97b5e3
timing: frame scene=31 tick=1256 clock=12810817 updates=1 update=509 draw=19752 present=835 map=38
video: scene=31 tick=656 vblank=3053 hash=5c97b5e3
timing: frame scene=31 tick=1257 clock=12832762 updates=1 update=508 draw=19753 present=834 map=38
video: scene=31 tick=657 vblank=3058 hash=5c97b5e3
timing: frame scene=31 tick=1258 clock=12854707 updates=1 update=508 draw=19752 present=835 map=38
prof f1258 ticks(avg) wait=522 upd=400 draw/render=14745 present/render=833 dump=361 total=16863 max=29121 renders=60
video: scene=31 tick=658 vblank=3063 hash=642184e3
timing: frame scene=31 tick=1259 clock=12876698 updates=1 update=508 draw=19753 present=834 map=38
video: scene=31 tick=659 vblank=3068 hash=190162e3
timing: frame scene=31 tick=1260 clock=12898597 updates=1 update=509 draw=19752 present=835 map=38
video: scene=31 tick=660 vblank=3073 hash=690bb1e3
timing: frame scene=31 tick=1261 clock=12920542 updates=1 update=508 draw=19753 present=834 map=38
video: scene=31 tick=661 vblank=3078 hash=b53f2ce3
timing: frame scene=31 tick=1262 clock=12942487 updates=1 update=509 draw=19752 present=835 map=38
video: scene=31 tick=662 vblank=3083 hash=98d82de3
timing: frame scene=31 tick=1263 clock=12964432 updates=1 update=508 draw=19752 present=835 map=38
video: scene=31 tick=663 vblank=3088 hash=b53f2ce3
timing: frame scene=31 tick=1264 clock=12986377 updates=1 update=509 draw=19752 present=835 map=38
video: scene=31 tick=664 vblank=3093 hash=690bb1e3
timing: frame scene=31 tick=1265 clock=13008322 updates=1 update=508 draw=19753 present=834 map=38
video: scene=31 tick=665 vblank=3098 hash=aa7fefe3
timing: frame scene=31 tick=1266 clock=13030267 updates=1 update=508 draw=19753 present=834 map=38
video: scene=31 tick=666 vblank=3103 hash=b53f2ce3
timing: frame scene=31 tick=1267 clock=13052212 updates=1 update=508 draw=19753 present=834 map=38
video: scene=31 tick=667 vblank=3108 hash=aa7fefe3
timing: frame scene=31 tick=1268 clock=13074157 updates=1 update=602 draw=19755 present=835 map=38
timing: frame scene=31 tick=1269 clock=13096102 updates=1 update=524 draw=297 present=822 map=38
video: scene=31 tick=668 vblank=3113 hash=690bb1e3
timing: frame scene=31 tick=1270 clock=13100489 updates=1 update=178 draw=297 present=6 map=38
video: scene=31 tick=669 vblank=3114 hash=690bb1e3
timing: frame scene=31 tick=1271 clock=13104878 updates=1 update=130 draw=297 present=5 map=38
video: scene=31 tick=670 vblank=3115 hash=690bb1e3
timing: frame scene=31 tick=1272 clock=13109267 updates=1 update=130 draw=297 present=5 map=38
video: scene=31 tick=671 vblank=3116 hash=690bb1e3
timing: frame scene=31 tick=1273 clock=13113656 updates=1 update=130 draw=297 present=5 map=38
video: scene=31 tick=672 vblank=3117 hash=690bb1e3
timing: frame scene=31 tick=1274 clock=13118045 updates=1 update=178 draw=297 present=6 map=38
video: scene=31 tick=673 vblank=3118 hash=690bb1e3
timing: frame scene=31 tick=1275 clock=13122434 updates=1 update=130 draw=297 present=5 map=38
video: scene=31 tick=674 vblank=3119 hash=690bb1e3
timing: frame scene=31 tick=1276 clock=13126823 updates=1 update=130 draw=297 present=5 map=38
video: scene=31 tick=675 vblank=3120 hash=690bb1e3
timing: frame scene=31 tick=1277 clock=13131212 updates=1 update=130 draw=297 present=5 map=38
video: scene=31 tick=676 vblank=3121 hash=690bb1e3
timing: frame scene=31 tick=1278 clock=13135601 updates=1 update=178 draw=297 present=6 map=38
video: scene=31 tick=677 vblank=3122 hash=690bb1e3
timing: frame scene=31 tick=1279 clock=13139990 updates=1 update=130 draw=297 present=5 map=38
video: scene=31 tick=678 vblank=3123 hash=690bb1e3
timing: frame scene=31 tick=1280 clock=13144379 updates=1 update=130 draw=297 present=5 map=38
video: scene=31 tick=679 vblank=3124 hash=690bb1e3
timing: frame scene=31 tick=1281 clock=13148768 updates=1 update=130 draw=297 present=5 map=38
video: scene=31 tick=680 vblank=3125 hash=690bb1e3
timing: frame scene=31 tick=1282 clock=13153157 updates=1 update=178 draw=297 present=6 map=38
video: scene=31 tick=681 vblank=3126 hash=690bb1e3
timing: frame scene=31 tick=1283 clock=13157546 updates=1 update=130 draw=297 present=5 map=38
video: scene=31 tick=682 vblank=3127 hash=690bb1e3
timing: frame scene=31 tick=1284 clock=13161935 updates=1 update=130 draw=297 present=5 map=38
video: scene=31 tick=683 vblank=3128 hash=690bb1e3
timing: frame scene=31 tick=1285 clock=13166324 updates=1 update=130 draw=297 present=5 map=38
video: scene=31 tick=684 vblank=3129 hash=690bb1e3
timing: frame scene=31 tick=1286 clock=13170713 updates=1 update=130 draw=297 present=5 map=38
video: scene=31 tick=685 vblank=3130 hash=690bb1e3
timing: frame scene=31 tick=1287 clock=13175102 updates=1 update=130 draw=297 present=5 map=38
video: scene=31 tick=686 vblank=3131 hash=690bb1e3
timing: frame scene=31 tick=1288 clock=13179491 updates=1 update=130 draw=297 present=5 map=38
video: scene=31 tick=687 vblank=3132 hash=690bb1e3
timing: frame scene=31 tick=1289 clock=13183880 updates=1 update=130 draw=297 present=5 map=38
video: scene=31 tick=688 vblank=3133 hash=690bb1e3
timing: frame scene=31 tick=1290 clock=13188269 updates=1 update=130 draw=297 present=5 map=38
video: scene=31 tick=689 vblank=3134 hash=690bb1e3
timing: frame scene=31 tick=1291 clock=13192658 updates=1 update=130 draw=297 present=5 map=38
video: scene=31 tick=690 vblank=3135 hash=690bb1e3
timing: frame scene=31 tick=1292 clock=13197047 updates=1 update=130 draw=297 present=5 map=38
video: scene=31 tick=691 vblank=3136 hash=690bb1e3
timing: frame scene=31 tick=1293 clock=13201436 updates=1 update=130 draw=297 present=5 map=38
video: scene=31 tick=692 vblank=3137 hash=690bb1e3
timing: frame scene=31 tick=1294 clock=13205825 updates=1 update=130 draw=297 present=5 map=38
video: scene=31 tick=693 vblank=3138 hash=690bb1e3
timing: frame scene=31 tick=1295 clock=13210214 updates=1 update=130 draw=297 present=5 map=38
video: scene=31 tick=694 vblank=3139 hash=690bb1e3
timing: frame scene=31 tick=1296 clock=13214603 updates=1 update=130 draw=297 present=5 map=38
video: scene=31 tick=695 vblank=3140 hash=690bb1e3
timing: frame scene=31 tick=1297 clock=13218992 updates=1 update=130 draw=297 present=5 map=38
video: scene=31 tick=696 vblank=3141 hash=690bb1e3
timing: frame scene=31 tick=1298 clock=13223381 updates=1 update=153 draw=297 present=6 map=38
video: scene=31 tick=697 vblank=3142 hash=690bb1e3
timing: frame scene=31 tick=1299 clock=13227770 updates=1 update=136 draw=297 present=5 map=38
video: scene=31 tick=698 vblank=3143 hash=690bb1e3
timing: frame scene=31 tick=1300 clock=13232159 updates=1 update=136 draw=297 present=5 map=38
video: scene=31 tick=699 vblank=3144 hash=690bb1e3
timing: frame scene=31 tick=1301 clock=13236548 updates=1 update=136 draw=297 present=5 map=38
video: scene=31 tick=700 vblank=3145 hash=690bb1e3
timing: frame scene=31 tick=1302 clock=13240937 updates=1 update=136 draw=297 present=5 map=38
video: scene=31 tick=701 vblank=3146 hash=690bb1e3
timing: frame scene=31 tick=1303 clock=13245326 updates=1 update=136 draw=297 present=5 map=38
video: scene=31 tick=702 vblank=3147 hash=690bb1e3
video: scene=31 tick=703 vblank=3148 hash=690bb1e3
[WARN] gba-asset miss: title/red_version_tiles
timing: frame scene=31 tick=1304 clock=13249715 updates=1 update=138 draw=20765 present=834 map=38
video: scene=31 tick=704 vblank=3153 hash=690bb1e3
timing: frame scene=31 tick=1305 clock=13271868 updates=1 update=539 draw=20291 present=834 map=38
video: scene=31 tick=705 vblank=3158 hash=aa9d7b77
timing: frame scene=31 tick=1306 clock=13293948 updates=1 update=539 draw=20425 present=858 map=38
video: scene=31 tick=706 vblank=3163 hash=6b4462a6
timing: frame scene=31 tick=1307 clock=13316162 updates=1 update=539 draw=20444 present=857 map=38
video: scene=31 tick=707 vblank=3168 hash=6248810a
timing: frame scene=31 tick=1308 clock=13338395 updates=1 update=540 draw=20598 present=834 map=38
video: scene=31 tick=708 vblank=3174 hash=c383ca8f
timing: frame scene=31 tick=1309 clock=13363831 updates=1 update=632 draw=20596 present=858 map=38
video: scene=31 tick=709 vblank=3179 hash=135dc830
timing: frame scene=31 tick=1310 clock=13386311 updates=1 update=540 draw=20711 present=858 map=38
video: scene=31 tick=710 vblank=3184 hash=e3add3b2
timing: frame scene=31 tick=1311 clock=13408814 updates=1 update=540 draw=20871 present=834 map=38
video: scene=31 tick=711 vblank=3190 hash=7e3f592d
timing: frame scene=31 tick=1312 clock=13434055 updates=1 update=630 draw=20864 present=857 map=38
video: scene=31 tick=712 vblank=3195 hash=60b4eda6
timing: frame scene=31 tick=1313 clock=13456801 updates=1 update=538 draw=21019 present=834 map=38
video: scene=31 tick=713 vblank=3201 hash=59ffc15e
timing: frame scene=31 tick=1314 clock=13482334 updates=1 update=630 draw=21007 present=858 map=38
video: scene=31 tick=714 vblank=3206 hash=caf4d5c1
timing: frame scene=31 tick=1315 clock=13505223 updates=1 update=539 draw=21166 present=834 map=38
video: scene=31 tick=715 vblank=3212 hash=90f269cd
timing: frame scene=31 tick=1316 clock=13530613 updates=1 update=630 draw=21273 present=858 map=38
video: scene=31 tick=716 vblank=3217 hash=a6f1d094
timing: frame scene=31 tick=1317 clock=13553768 updates=1 update=539 draw=21307 present=834 map=38
video: scene=31 tick=717 vblank=3223 hash=21daf3eb
timing: frame scene=31 tick=1318 clock=13578892 updates=1 update=630 draw=21434 present=834 map=38
prof f1318 ticks(avg) wait=2359 upd=307 draw/render=20412 present/render=839 dump=353 total=12064 max=25702 renders=25
video: scene=31 tick=718 vblank=3229 hash=c248d9f7
timing: frame scene=31 tick=1319 clock=13605226 updates=1 update=630 draw=21452 present=834 map=38
video: scene=31 tick=719 vblank=3235 hash=015f8c54
timing: frame scene=31 tick=1320 clock=13631560 updates=1 update=631 draw=21587 present=834 map=38
video: scene=31 tick=720 vblank=3241 hash=f17bebb7
timing: frame scene=31 tick=1321 clock=13657894 updates=1 update=631 draw=21721 present=835 map=38
video: scene=31 tick=721 vblank=3247 hash=d47c939b
timing: frame scene=31 tick=1322 clock=13684228 updates=1 update=632 draw=21734 present=835 map=38
video: scene=31 tick=722 vblank=3253 hash=7fca3e1d
timing: frame scene=31 tick=1323 clock=13710562 updates=1 update=632 draw=21736 present=834 map=38
video: scene=31 tick=723 vblank=3259 hash=9f008c55
timing: frame scene=31 tick=1324 clock=13736896 updates=1 update=632 draw=21737 present=834 map=38
video: scene=31 tick=724 vblank=3265 hash=e59cf34d
timing: frame scene=31 tick=1325 clock=13763230 updates=1 update=632 draw=21736 present=834 map=38
video: scene=31 tick=725 vblank=3271 hash=07d0b3c5
timing: frame scene=31 tick=1326 clock=13789564 updates=1 update=632 draw=21736 present=835 map=38
video: scene=31 tick=726 vblank=3277 hash=9145f73d
timing: frame scene=31 tick=1327 clock=13815898 updates=1 update=632 draw=21736 present=834 map=38
video: scene=31 tick=727 vblank=3283 hash=91652cf5
timing: frame scene=31 tick=1328 clock=13842232 updates=1 update=632 draw=21736 present=834 map=38
video: scene=31 tick=728 vblank=3289 hash=2be8d96d
timing: frame scene=31 tick=1329 clock=13868566 updates=1 update=632 draw=21736 present=834 map=38
video: scene=31 tick=729 vblank=3295 hash=cda21265
timing: frame scene=31 tick=1330 clock=13894900 updates=1 update=632 draw=21735 present=835 map=38
frame=3300 status=0080 volume=0077
video: scene=31 tick=730 vblank=3301 hash=2c8bacdd
timing: frame scene=31 tick=1331 clock=13921234 updates=1 update=632 draw=21735 present=835 map=38
video: scene=31 tick=731 vblank=3307 hash=d7c88a15
timing: frame scene=31 tick=1332 clock=13947568 updates=1 update=632 draw=21734 present=834 map=38
video: scene=31 tick=732 vblank=3313 hash=2d42e20d
timing: frame scene=31 tick=1333 clock=13973902 updates=1 update=632 draw=21736 present=834 map=38
video: scene=31 tick=733 vblank=3319 hash=89cba785
timing: frame scene=31 tick=1334 clock=14000236 updates=1 update=632 draw=21735 present=834 map=38
video: scene=31 tick=734 vblank=3325 hash=5025c1fd
timing: frame scene=31 tick=1335 clock=14026570 updates=1 update=632 draw=21734 present=835 map=38
video: scene=31 tick=735 vblank=3331 hash=e42c1cb5
timing: frame scene=31 tick=1336 clock=14052904 updates=1 update=630 draw=21737 present=835 map=38
video: scene=31 tick=736 vblank=3337 hash=3839d42d
timing: frame scene=31 tick=1337 clock=14079238 updates=1 update=630 draw=21737 present=834 map=38
video: scene=31 tick=737 vblank=3343 hash=6829aa25
timing: frame scene=31 tick=1338 clock=14105572 updates=1 update=630 draw=21735 present=834 map=38
video: scene=31 tick=738 vblank=3349 hash=d3bcb69d
timing: frame scene=31 tick=1339 clock=14131906 updates=1 update=630 draw=21737 present=834 map=38
video: scene=31 tick=739 vblank=3355 hash=7b6a96d5
timing: frame scene=31 tick=1340 clock=14158240 updates=1 update=1766 draw=21654 present=835 map=38
timing: frame scene=31 tick=1341 clock=14184574 updates=1 update=1078 draw=297 present=822 map=38
video: scene=31 tick=740 vblank=3361 hash=892b83cd
timing: frame scene=31 tick=1342 clock=14188961 updates=1 update=427 draw=297 present=6 map=38
video: scene=31 tick=741 vblank=3362 hash=892b83cd
timing: frame scene=31 tick=1343 clock=14193350 updates=1 update=140 draw=297 present=5 map=38
video: scene=31 tick=742 vblank=3363 hash=892b83cd
timing: frame scene=31 tick=1344 clock=14197739 updates=1 update=140 draw=297 present=5 map=38
video: scene=31 tick=743 vblank=3364 hash=892b83cd
timing: frame scene=31 tick=1345 clock=14202128 updates=1 update=140 draw=297 present=5 map=38
video: scene=31 tick=744 vblank=3365 hash=892b83cd
timing: frame scene=31 tick=1346 clock=14206517 updates=1 update=140 draw=297 present=5 map=38
video: scene=31 tick=745 vblank=3366 hash=892b83cd
timing: frame scene=31 tick=1347 clock=14210906 updates=1 update=140 draw=297 present=5 map=38
video: scene=31 tick=746 vblank=3367 hash=892b83cd
timing: frame scene=31 tick=1348 clock=14215295 updates=1 update=140 draw=297 present=5 map=38
video: scene=31 tick=747 vblank=3368 hash=892b83cd
timing: frame scene=31 tick=1349 clock=14219684 updates=1 update=530 draw=297 present=6 map=38
video: scene=31 tick=748 vblank=3369 hash=892b83cd
timing: frame scene=31 tick=1350 clock=14224073 updates=1 update=157 draw=297 present=6 map=38
video: scene=31 tick=749 vblank=3370 hash=892b83cd
timing: frame scene=31 tick=1351 clock=14228462 updates=1 update=140 draw=297 present=5 map=38
video: scene=31 tick=750 vblank=3371 hash=892b83cd
timing: frame scene=31 tick=1352 clock=14232851 updates=1 update=234 draw=297 present=6 map=38
video: scene=31 tick=751 vblank=3372 hash=892b83cd
timing: frame scene=31 tick=1353 clock=14237240 updates=1 update=157 draw=297 present=6 map=38
video: scene=31 tick=752 vblank=3373 hash=892b83cd
timing: frame scene=31 tick=1354 clock=14241629 updates=1 update=140 draw=297 present=5 map=38
video: scene=31 tick=753 vblank=3374 hash=892b83cd
timing: frame scene=31 tick=1355 clock=14246018 updates=1 update=140 draw=297 present=5 map=38
video: scene=31 tick=754 vblank=3375 hash=892b83cd
timing: frame scene=31 tick=1356 clock=14250407 updates=1 update=525 draw=297 present=6 map=38
video: scene=31 tick=755 vblank=3376 hash=892b83cd
timing: frame scene=31 tick=1357 clock=14254796 updates=1 update=157 draw=297 present=6 map=38
video: scene=31 tick=756 vblank=3377 hash=892b83cd
timing: frame scene=31 tick=1358 clock=14259185 updates=1 update=140 draw=297 present=5 map=38
video: scene=31 tick=757 vblank=3378 hash=892b83cd
timing: frame scene=31 tick=1359 clock=14263574 updates=1 update=232 draw=297 present=5 map=38
video: scene=31 tick=758 vblank=3379 hash=892b83cd
timing: frame scene=31 tick=1360 clock=14267963 updates=1 update=157 draw=297 present=6 map=38
video: scene=31 tick=759 vblank=3380 hash=892b83cd
timing: frame scene=31 tick=1361 clock=14272352 updates=1 update=140 draw=297 present=5 map=38
video: scene=31 tick=760 vblank=3381 hash=892b83cd
timing: frame scene=31 tick=1362 clock=14276741 updates=1 update=140 draw=297 present=5 map=38
video: scene=31 tick=761 vblank=3382 hash=892b83cd
timing: frame scene=31 tick=1363 clock=14281130 updates=1 update=536 draw=297 present=6 map=38
video: scene=31 tick=762 vblank=3383 hash=892b83cd
timing: frame scene=31 tick=1364 clock=14285519 updates=1 update=157 draw=297 present=6 map=38
video: scene=31 tick=763 vblank=3384 hash=892b83cd
timing: frame scene=31 tick=1365 clock=14289908 updates=1 update=140 draw=297 present=5 map=38
video: scene=31 tick=764 vblank=3385 hash=892b83cd
timing: frame scene=31 tick=1366 clock=14294297 updates=1 update=140 draw=297 present=5 map=38
video: scene=31 tick=765 vblank=3386 hash=892b83cd
timing: frame scene=31 tick=1367 clock=14298686 updates=1 update=140 draw=297 present=5 map=38
video: scene=31 tick=766 vblank=3387 hash=892b83cd
timing: frame scene=31 tick=1368 clock=14303075 updates=1 update=140 draw=297 present=5 map=38
video: scene=31 tick=767 vblank=3388 hash=892b83cd
timing: frame scene=31 tick=1369 clock=14307464 updates=1 update=371 draw=297 present=6 map=38
video: scene=31 tick=768 vblank=3389 hash=892b83cd
timing: frame scene=31 tick=1370 clock=14311853 updates=1 update=140 draw=297 present=5 map=38
video: scene=31 tick=769 vblank=3390 hash=892b83cd
timing: frame scene=31 tick=1371 clock=14316242 updates=1 update=140 draw=297 present=5 map=38
video: scene=31 tick=770 vblank=3391 hash=892b83cd
timing: frame scene=31 tick=1372 clock=14320631 updates=1 update=140 draw=297 present=5 map=38
video: scene=31 tick=771 vblank=3392 hash=892b83cd
timing: frame scene=31 tick=1373 clock=14325020 updates=1 update=140 draw=297 present=6 map=38
video: scene=31 tick=772 vblank=3393 hash=892b83cd
timing: frame scene=31 tick=1374 clock=14329409 updates=1 update=140 draw=297 present=6 map=38
video: scene=31 tick=773 vblank=3394 hash=892b83cd
timing: frame scene=31 tick=1375 clock=14333798 updates=1 update=140 draw=297 present=6 map=38
video: scene=31 tick=774 vblank=3395 hash=892b83cd
timing: frame scene=31 tick=1376 clock=14338187 updates=1 update=140 draw=297 present=6 map=38
video: scene=31 tick=775 vblank=3396 hash=892b83cd
timing: frame scene=31 tick=1377 clock=14342576 updates=1 update=142 draw=297 present=6 map=38
video: scene=31 tick=776 vblank=3397 hash=892b83cd
timing: frame scene=31 tick=1378 clock=14346965 updates=1 update=140 draw=297 present=6 map=38
prof f1378 ticks(avg) wait=3183 upd=386 draw/render=21712 present/render=833 dump=351 total=12393 max=27368 renders=22
video: scene=31 tick=777 vblank=3398 hash=892b83cd
timing: frame scene=31 tick=1379 clock=14351354 updates=1 update=140 draw=297 present=6 map=38
video: scene=31 tick=778 vblank=3399 hash=892b83cd
timing: frame scene=31 tick=1380 clock=14355743 updates=1 update=141 draw=297 present=6 map=38
video: scene=31 tick=779 vblank=3400 hash=892b83cd
timing: frame scene=31 tick=1381 clock=14360132 updates=1 update=141 draw=297 present=6 map=38
video: scene=31 tick=780 vblank=3401 hash=892b83cd
timing: frame scene=31 tick=1382 clock=14364521 updates=1 update=143 draw=297 present=6 map=38
video: scene=31 tick=781 vblank=3402 hash=892b83cd
timing: frame scene=31 tick=1383 clock=14368910 updates=1 update=141 draw=297 present=6 map=38
video: scene=31 tick=782 vblank=3403 hash=892b83cd
timing: frame scene=31 tick=1384 clock=14373299 updates=1 update=141 draw=297 present=6 map=38
video: scene=31 tick=783 vblank=3404 hash=892b83cd
timing: frame scene=31 tick=1385 clock=14377688 updates=1 update=141 draw=297 present=6 map=38
video: scene=31 tick=784 vblank=3405 hash=892b83cd
timing: frame scene=31 tick=1386 clock=14382077 updates=1 update=143 draw=297 present=6 map=38
video: scene=31 tick=785 vblank=3406 hash=892b83cd
timing: frame scene=31 tick=1387 clock=14386466 updates=1 update=143 draw=297 present=6 map=38
video: scene=31 tick=786 vblank=3407 hash=892b83cd
timing: frame scene=31 tick=1388 clock=14390855 updates=1 update=141 draw=297 present=6 map=38
video: scene=31 tick=787 vblank=3408 hash=892b83cd
timing: frame scene=31 tick=1389 clock=14395244 updates=1 update=141 draw=297 present=6 map=38
video: scene=31 tick=788 vblank=3409 hash=892b83cd
timing: frame scene=31 tick=1390 clock=14399633 updates=1 update=522 draw=297 present=6 map=38
video: scene=31 tick=789 vblank=3410 hash=892b83cd
timing: frame scene=31 tick=1391 clock=14404022 updates=1 update=157 draw=297 present=6 map=38
video: scene=31 tick=790 vblank=3411 hash=892b83cd
timing: frame scene=31 tick=1392 clock=14408411 updates=1 update=140 draw=297 present=5 map=38
video: scene=31 tick=791 vblank=3412 hash=892b83cd
timing: frame scene=31 tick=1393 clock=14412800 updates=1 update=140 draw=297 present=5 map=38
video: scene=31 tick=792 vblank=3413 hash=892b83cd
timing: frame scene=31 tick=1394 clock=14417189 updates=1 update=140 draw=297 present=5 map=38
video: scene=31 tick=793 vblank=3414 hash=892b83cd
timing: frame scene=31 tick=1395 clock=14421578 updates=1 update=140 draw=297 present=5 map=38
video: scene=31 tick=794 vblank=3415 hash=892b83cd
timing: frame scene=31 tick=1396 clock=14425967 updates=1 update=371 draw=297 present=6 map=38
video: scene=31 tick=795 vblank=3416 hash=892b83cd
timing: frame scene=31 tick=1397 clock=14430356 updates=1 update=140 draw=297 present=5 map=38
video: scene=31 tick=796 vblank=3417 hash=892b83cd
timing: frame scene=31 tick=1398 clock=14434745 updates=1 update=140 draw=297 present=5 map=38
video: scene=31 tick=797 vblank=3418 hash=892b83cd
timing: frame scene=31 tick=1399 clock=14439134 updates=1 update=140 draw=297 present=5 map=38
video: scene=31 tick=798 vblank=3419 hash=892b83cd
timing: frame scene=31 tick=1400 clock=14443523 updates=1 update=140 draw=297 present=6 map=38
video: scene=31 tick=799 vblank=3420 hash=892b83cd
timing: frame scene=31 tick=1401 clock=14447912 updates=1 update=140 draw=297 present=6 map=38
video: scene=31 tick=800 vblank=3421 hash=892b83cd
timing: frame scene=31 tick=1402 clock=14452301 updates=1 update=142 draw=297 present=6 map=38
video: scene=31 tick=801 vblank=3422 hash=892b83cd
timing: frame scene=31 tick=1403 clock=14456690 updates=1 update=140 draw=297 present=6 map=38
video: scene=31 tick=802 vblank=3423 hash=892b83cd
timing: frame scene=31 tick=1404 clock=14461079 updates=1 update=140 draw=297 present=6 map=38
video: scene=31 tick=803 vblank=3424 hash=892b83cd
timing: frame scene=31 tick=1405 clock=14465468 updates=1 update=140 draw=297 present=6 map=38
video: scene=31 tick=804 vblank=3425 hash=892b83cd
timing: frame scene=31 tick=1406 clock=14469857 updates=1 update=140 draw=297 present=6 map=38
video: scene=31 tick=805 vblank=3426 hash=892b83cd
timing: frame scene=31 tick=1407 clock=14474246 updates=1 update=143 draw=297 present=6 map=38
video: scene=31 tick=806 vblank=3427 hash=892b83cd
timing: frame scene=31 tick=1408 clock=14478635 updates=1 update=141 draw=297 present=6 map=38
video: scene=31 tick=807 vblank=3428 hash=892b83cd
timing: frame scene=31 tick=1409 clock=14483024 updates=1 update=141 draw=297 present=6 map=38
video: scene=31 tick=808 vblank=3429 hash=892b83cd
timing: frame scene=31 tick=1410 clock=14487413 updates=1 update=143 draw=297 present=6 map=38
video: scene=31 tick=809 vblank=3430 hash=892b83cd
timing: frame scene=31 tick=1411 clock=14491802 updates=1 update=141 draw=297 present=6 map=38
video: scene=31 tick=810 vblank=3431 hash=892b83cd
timing: frame scene=31 tick=1412 clock=14496191 updates=1 update=143 draw=297 present=6 map=38
video: scene=31 tick=811 vblank=3432 hash=892b83cd
timing: frame scene=31 tick=1413 clock=14500580 updates=1 update=141 draw=297 present=6 map=38
video: scene=31 tick=812 vblank=3433 hash=892b83cd
timing: frame scene=31 tick=1414 clock=14504969 updates=1 update=141 draw=297 present=6 map=38
video: scene=31 tick=813 vblank=3434 hash=892b83cd
timing: frame scene=31 tick=1415 clock=14509358 updates=1 update=141 draw=297 present=6 map=38
video: scene=31 tick=814 vblank=3435 hash=892b83cd
timing: frame scene=31 tick=1416 clock=14513747 updates=1 update=141 draw=297 present=6 map=38
video: scene=31 tick=815 vblank=3436 hash=892b83cd
timing: frame scene=31 tick=1417 clock=14518136 updates=1 update=146 draw=297 present=5 map=38
video: scene=31 tick=816 vblank=3437 hash=892b83cd
timing: frame scene=31 tick=1418 clock=14522525 updates=1 update=141 draw=297 present=6 map=38
video: scene=31 tick=817 vblank=3438 hash=892b83cd
timing: frame scene=31 tick=1419 clock=14526914 updates=1 update=141 draw=297 present=6 map=38
video: scene=31 tick=818 vblank=3439 hash=892b83cd
timing: frame scene=31 tick=1420 clock=14531303 updates=1 update=141 draw=297 present=6 map=38
video: scene=31 tick=819 vblank=3440 hash=892b83cd
timing: frame scene=31 tick=1421 clock=14535692 updates=1 update=141 draw=297 present=6 map=38
video: scene=31 tick=820 vblank=3441 hash=892b83cd
timing: frame scene=31 tick=1422 clock=14540081 updates=1 update=143 draw=297 present=6 map=38
video: scene=31 tick=821 vblank=3442 hash=892b83cd
timing: frame scene=31 tick=1423 clock=14544470 updates=1 update=141 draw=297 present=6 map=38
video: scene=31 tick=822 vblank=3443 hash=892b83cd
timing: frame scene=31 tick=1424 clock=14548859 updates=1 update=143 draw=297 present=6 map=38
video: scene=31 tick=823 vblank=3444 hash=892b83cd
timing: frame scene=31 tick=1425 clock=14553248 updates=1 update=141 draw=297 present=6 map=38
video: scene=31 tick=824 vblank=3445 hash=892b83cd
timing: frame scene=31 tick=1426 clock=14557637 updates=1 update=141 draw=297 present=6 map=38
video: scene=31 tick=825 vblank=3446 hash=892b83cd
timing: frame scene=31 tick=1427 clock=14562026 updates=1 update=143 draw=297 present=6 map=38
video: scene=31 tick=826 vblank=3447 hash=892b83cd
timing: frame scene=31 tick=1428 clock=14566415 updates=1 update=141 draw=297 present=6 map=38
video: scene=31 tick=827 vblank=3448 hash=892b83cd
timing: frame scene=31 tick=1429 clock=14570804 updates=1 update=141 draw=297 present=6 map=38
video: scene=31 tick=828 vblank=3449 hash=892b83cd
timing: frame scene=31 tick=1430 clock=14575193 updates=1 update=522 draw=297 present=6 map=38
video: scene=31 tick=829 vblank=3450 hash=892b83cd
timing: frame scene=31 tick=1431 clock=14579582 updates=1 update=157 draw=297 present=6 map=38
video: scene=31 tick=830 vblank=3451 hash=892b83cd
timing: frame scene=31 tick=1432 clock=14583971 updates=1 update=140 draw=297 present=5 map=38
video: scene=31 tick=831 vblank=3452 hash=892b83cd
timing: frame scene=31 tick=1433 clock=14588360 updates=1 update=140 draw=297 present=5 map=38
video: scene=31 tick=832 vblank=3453 hash=892b83cd
timing: frame scene=31 tick=1434 clock=14592749 updates=1 update=140 draw=297 present=5 map=38
video: scene=31 tick=833 vblank=3454 hash=892b83cd
timing: frame scene=31 tick=1435 clock=14597138 updates=1 update=140 draw=297 present=5 map=38
video: scene=31 tick=834 vblank=3455 hash=892b83cd
timing: frame scene=31 tick=1436 clock=14601527 updates=1 update=140 draw=297 present=5 map=38
video: scene=31 tick=835 vblank=3456 hash=892b83cd
timing: frame scene=31 tick=1437 clock=14605916 updates=1 update=522 draw=297 present=6 map=38
video: scene=31 tick=836 vblank=3457 hash=892b83cd
timing: frame scene=31 tick=1438 clock=14610305 updates=1 update=157 draw=297 present=6 map=38
prof f1438 ticks(avg) wait=3542 upd=164 draw/render=0 present/render=0 dump=345 total=4354 max=4745 renders=0
video: scene=31 tick=837 vblank=3458 hash=892b83cd
timing: frame scene=31 tick=1439 clock=14614694 updates=1 update=140 draw=297 present=5 map=38
video: scene=31 tick=838 vblank=3459 hash=892b83cd
timing: frame scene=31 tick=1440 clock=14619083 updates=1 update=140 draw=297 present=5 map=38
video: scene=31 tick=839 vblank=3460 hash=892b83cd
timing: frame scene=31 tick=1441 clock=14623472 updates=1 update=140 draw=297 present=5 map=38
video: scene=31 tick=840 vblank=3461 hash=892b83cd
timing: frame scene=31 tick=1442 clock=14627861 updates=1 update=140 draw=297 present=5 map=38
video: scene=31 tick=841 vblank=3462 hash=892b83cd
timing: frame scene=31 tick=1443 clock=14632250 updates=1 update=140 draw=297 present=5 map=38
video: scene=31 tick=842 vblank=3463 hash=892b83cd
timing: frame scene=31 tick=1444 clock=14636639 updates=1 update=522 draw=297 present=6 map=38
video: scene=31 tick=843 vblank=3464 hash=892b83cd
timing: frame scene=31 tick=1445 clock=14641028 updates=1 update=157 draw=297 present=6 map=38
video: scene=31 tick=844 vblank=3465 hash=892b83cd
timing: frame scene=31 tick=1446 clock=14645417 updates=1 update=140 draw=297 present=5 map=38
video: scene=31 tick=845 vblank=3466 hash=892b83cd
timing: frame scene=31 tick=1447 clock=14649806 updates=1 update=140 draw=297 present=5 map=38
video: scene=31 tick=846 vblank=3467 hash=892b83cd
timing: frame scene=31 tick=1448 clock=14654195 updates=1 update=140 draw=297 present=5 map=38
video: scene=31 tick=847 vblank=3468 hash=892b83cd
timing: frame scene=31 tick=1449 clock=14658584 updates=1 update=140 draw=297 present=5 map=38
video: scene=31 tick=848 vblank=3469 hash=892b83cd
timing: frame scene=31 tick=1450 clock=14662973 updates=1 update=371 draw=297 present=6 map=38
video: scene=31 tick=849 vblank=3470 hash=892b83cd
timing: frame scene=31 tick=1451 clock=14667362 updates=1 update=140 draw=297 present=5 map=38
video: scene=31 tick=850 vblank=3471 hash=892b83cd
timing: frame scene=31 tick=1452 clock=14671751 updates=1 update=140 draw=297 present=5 map=38
video: scene=31 tick=851 vblank=3472 hash=892b83cd
timing: frame scene=31 tick=1453 clock=14676140 updates=1 update=140 draw=297 present=5 map=38
video: scene=31 tick=852 vblank=3473 hash=892b83cd
timing: frame scene=31 tick=1454 clock=14680529 updates=1 update=140 draw=297 present=6 map=38
video: scene=31 tick=853 vblank=3474 hash=892b83cd
timing: frame scene=31 tick=1455 clock=14684918 updates=1 update=140 draw=297 present=6 map=38
video: scene=31 tick=854 vblank=3475 hash=892b83cd
timing: frame scene=31 tick=1456 clock=14689307 updates=1 update=142 draw=297 present=6 map=38
video: scene=31 tick=855 vblank=3476 hash=892b83cd
timing: frame scene=31 tick=1457 clock=14693696 updates=1 update=140 draw=297 present=6 map=38
video: scene=31 tick=856 vblank=3477 hash=892b83cd
timing: frame scene=31 tick=1458 clock=14698085 updates=1 update=140 draw=297 present=6 map=38
video: scene=31 tick=857 vblank=3478 hash=892b83cd
timing: frame scene=31 tick=1459 clock=14702474 updates=1 update=140 draw=297 present=6 map=38
video: scene=31 tick=858 vblank=3479 hash=892b83cd
timing: frame scene=31 tick=1460 clock=14706863 updates=1 update=140 draw=297 present=6 map=38
video: scene=31 tick=859 vblank=3480 hash=892b83cd
timing: frame scene=31 tick=1461 clock=14711252 updates=1 update=143 draw=297 present=6 map=38
video: scene=31 tick=860 vblank=3481 hash=892b83cd
timing: frame scene=31 tick=1462 clock=14715641 updates=1 update=143 draw=297 present=6 map=38
video: scene=31 tick=861 vblank=3482 hash=892b83cd
timing: frame scene=31 tick=1463 clock=14720030 updates=1 update=141 draw=297 present=6 map=38
video: scene=31 tick=862 vblank=3483 hash=892b83cd
timing: frame scene=31 tick=1464 clock=14724419 updates=1 update=141 draw=297 present=6 map=38
video: scene=31 tick=863 vblank=3484 hash=892b83cd
timing: frame scene=31 tick=1465 clock=14728808 updates=1 update=141 draw=297 present=6 map=38
video: scene=31 tick=864 vblank=3485 hash=892b83cd
timing: frame scene=31 tick=1466 clock=14733197 updates=1 update=143 draw=297 present=6 map=38
video: scene=31 tick=865 vblank=3486 hash=892b83cd
timing: frame scene=31 tick=1467 clock=14737586 updates=1 update=141 draw=297 present=6 map=38
video: scene=31 tick=866 vblank=3487 hash=892b83cd
timing: frame scene=31 tick=1468 clock=14741975 updates=1 update=141 draw=297 present=6 map=38
video: scene=31 tick=867 vblank=3488 hash=892b83cd
timing: frame scene=31 tick=1469 clock=14746364 updates=1 update=143 draw=297 present=6 map=38
video: scene=31 tick=868 vblank=3489 hash=892b83cd
timing: frame scene=31 tick=1470 clock=14750753 updates=1 update=141 draw=297 present=6 map=38
video: scene=31 tick=869 vblank=3490 hash=892b83cd
timing: frame scene=31 tick=1471 clock=14755142 updates=1 update=522 draw=297 present=6 map=38
video: scene=31 tick=870 vblank=3491 hash=892b83cd
timing: frame scene=31 tick=1472 clock=14759531 updates=1 update=157 draw=297 present=6 map=38
video: scene=31 tick=871 vblank=3492 hash=892b83cd
timing: frame scene=31 tick=1473 clock=14763920 updates=1 update=140 draw=297 present=5 map=38
video: scene=31 tick=872 vblank=3493 hash=892b83cd
timing: frame scene=31 tick=1474 clock=14768309 updates=1 update=140 draw=297 present=5 map=38
video: scene=31 tick=873 vblank=3494 hash=892b83cd
timing: frame scene=31 tick=1475 clock=14772698 updates=1 update=140 draw=297 present=5 map=38
video: scene=31 tick=874 vblank=3495 hash=892b83cd
timing: frame scene=31 tick=1476 clock=14777087 updates=1 update=140 draw=297 present=5 map=38
video: scene=31 tick=875 vblank=3496 hash=892b83cd
timing: frame scene=31 tick=1477 clock=14781476 updates=1 update=371 draw=297 present=6 map=38
video: scene=31 tick=876 vblank=3497 hash=892b83cd
timing: frame scene=31 tick=1478 clock=14785865 updates=1 update=140 draw=297 present=5 map=38
video: scene=31 tick=877 vblank=3498 hash=892b83cd
timing: frame scene=31 tick=1479 clock=14790254 updates=1 update=140 draw=297 present=5 map=38
video: scene=31 tick=878 vblank=3499 hash=892b83cd
timing: frame scene=31 tick=1480 clock=14794643 updates=1 update=140 draw=297 present=5 map=38
video: scene=31 tick=879 vblank=3500 hash=892b83cd
timing: frame scene=31 tick=1481 clock=14799032 updates=1 update=142 draw=297 present=6 map=38
video: scene=31 tick=880 vblank=3501 hash=892b83cd
timing: frame scene=31 tick=1482 clock=14803421 updates=1 update=140 draw=297 present=6 map=38
video: scene=31 tick=881 vblank=3502 hash=892b83cd
timing: frame scene=31 tick=1483 clock=14807810 updates=1 update=140 draw=297 present=6 map=38
video: scene=31 tick=882 vblank=3503 hash=892b83cd
timing: frame scene=31 tick=1484 clock=14812199 updates=1 update=140 draw=297 present=6 map=38
video: scene=31 tick=883 vblank=3504 hash=892b83cd
timing: frame scene=31 tick=1485 clock=14816588 updates=1 update=140 draw=297 present=6 map=38
video: scene=31 tick=884 vblank=3505 hash=892b83cd
timing: frame scene=31 tick=1486 clock=14820977 updates=1 update=142 draw=297 present=6 map=38
video: scene=31 tick=885 vblank=3506 hash=892b83cd
timing: frame scene=31 tick=1487 clock=14825366 updates=1 update=140 draw=297 present=6 map=38
video: scene=31 tick=886 vblank=3507 hash=892b83cd
timing: frame scene=31 tick=1488 clock=14829755 updates=1 update=141 draw=297 present=6 map=38
video: scene=31 tick=887 vblank=3508 hash=892b83cd
timing: frame scene=31 tick=1489 clock=14834144 updates=1 update=141 draw=297 present=6 map=38
video: scene=31 tick=888 vblank=3509 hash=892b83cd
timing: frame scene=31 tick=1490 clock=14838533 updates=1 update=141 draw=297 present=6 map=38
video: scene=31 tick=889 vblank=3510 hash=892b83cd
timing: frame scene=31 tick=1491 clock=14842922 updates=1 update=143 draw=297 present=6 map=38
video: scene=31 tick=890 vblank=3511 hash=892b83cd
timing: frame scene=31 tick=1492 clock=14847311 updates=1 update=141 draw=297 present=6 map=38
video: scene=31 tick=891 vblank=3512 hash=892b83cd
timing: frame scene=31 tick=1493 clock=14851700 updates=1 update=143 draw=297 present=6 map=38
video: scene=31 tick=892 vblank=3513 hash=892b83cd
timing: frame scene=31 tick=1494 clock=14856089 updates=1 update=141 draw=297 present=6 map=38
video: scene=31 tick=893 vblank=3514 hash=892b83cd
timing: frame scene=31 tick=1495 clock=14860478 updates=1 update=141 draw=297 present=6 map=38
video: scene=31 tick=894 vblank=3515 hash=892b83cd
timing: frame scene=31 tick=1496 clock=14864867 updates=1 update=143 draw=297 present=6 map=38
video: scene=31 tick=895 vblank=3516 hash=892b83cd
timing: frame scene=31 tick=1497 clock=14869256 updates=1 update=141 draw=297 present=6 map=38
video: scene=31 tick=896 vblank=3517 hash=892b83cd
timing: frame scene=31 tick=1498 clock=14873645 updates=1 update=522 draw=297 present=6 map=38
prof f1498 ticks(avg) wait=3545 upd=167 draw/render=0 present/render=0 dump=345 total=4360 max=4745 renders=0
video: scene=31 tick=897 vblank=3518 hash=892b83cd
timing: frame scene=31 tick=1499 clock=14878034 updates=1 update=157 draw=297 present=6 map=38
video: scene=31 tick=898 vblank=3519 hash=892b83cd
timing: frame scene=31 tick=1500 clock=14882423 updates=1 update=140 draw=297 present=5 map=38
video: scene=31 tick=899 vblank=3520 hash=892b83cd
timing: frame scene=31 tick=1501 clock=14886812 updates=1 update=140 draw=297 present=5 map=38
video: scene=31 tick=900 vblank=3521 hash=892b83cd
timing: frame scene=31 tick=1502 clock=14891201 updates=1 update=140 draw=297 present=5 map=38
video: scene=31 tick=901 vblank=3522 hash=892b83cd
timing: frame scene=31 tick=1503 clock=14895590 updates=1 update=140 draw=297 present=5 map=38
video: scene=31 tick=902 vblank=3523 hash=892b83cd
timing: frame scene=31 tick=1504 clock=14899979 updates=1 update=371 draw=297 present=6 map=38
video: scene=31 tick=903 vblank=3524 hash=892b83cd
timing: frame scene=31 tick=1505 clock=14904368 updates=1 update=140 draw=297 present=5 map=38
video: scene=31 tick=904 vblank=3525 hash=892b83cd
timing: frame scene=31 tick=1506 clock=14908757 updates=1 update=140 draw=297 present=5 map=38
video: scene=31 tick=905 vblank=3526 hash=892b83cd
timing: frame scene=31 tick=1507 clock=14913146 updates=1 update=140 draw=297 present=5 map=38
video: scene=31 tick=906 vblank=3527 hash=892b83cd
timing: frame scene=31 tick=1508 clock=14917535 updates=1 update=140 draw=297 present=6 map=38
video: scene=31 tick=907 vblank=3528 hash=892b83cd
timing: frame scene=31 tick=1509 clock=14921924 updates=1 update=140 draw=297 present=6 map=38
video: scene=31 tick=908 vblank=3529 hash=892b83cd
timing: frame scene=31 tick=1510 clock=14926313 updates=1 update=140 draw=297 present=6 map=38
video: scene=31 tick=909 vblank=3530 hash=892b83cd
timing: frame scene=31 tick=1511 clock=14930702 updates=1 update=142 draw=297 present=6 map=38
video: scene=31 tick=910 vblank=3531 hash=892b83cd
timing: frame scene=31 tick=1512 clock=14935091 updates=1 update=140 draw=297 present=6 map=38
video: scene=31 tick=911 vblank=3532 hash=892b83cd
timing: frame scene=31 tick=1513 clock=14939480 updates=1 update=140 draw=297 present=6 map=38
video: scene=31 tick=912 vblank=3533 hash=892b83cd
timing: frame scene=31 tick=1514 clock=14943869 updates=1 update=140 draw=297 present=6 map=38
video: scene=31 tick=913 vblank=3534 hash=892b83cd
timing: frame scene=31 tick=1515 clock=14948258 updates=1 update=141 draw=297 present=6 map=38
video: scene=31 tick=914 vblank=3535 hash=892b83cd
timing: frame scene=31 tick=1516 clock=14952647 updates=1 update=143 draw=297 present=6 map=38
video: scene=31 tick=915 vblank=3536 hash=892b83cd
timing: frame scene=31 tick=1517 clock=14957036 updates=1 update=143 draw=297 present=6 map=38
video: scene=31 tick=916 vblank=3537 hash=892b83cd
timing: frame scene=31 tick=1518 clock=14961425 updates=1 update=141 draw=297 present=6 map=38
video: scene=31 tick=917 vblank=3538 hash=892b83cd
timing: frame scene=31 tick=1519 clock=14965814 updates=1 update=141 draw=297 present=6 map=38
video: scene=31 tick=918 vblank=3539 hash=892b83cd
timing: frame scene=31 tick=1520 clock=14970203 updates=1 update=141 draw=297 present=6 map=38
video: scene=31 tick=919 vblank=3540 hash=892b83cd
timing: frame scene=31 tick=1521 clock=14974592 updates=1 update=143 draw=297 present=6 map=38
video: scene=31 tick=920 vblank=3541 hash=892b83cd
timing: frame scene=31 tick=1522 clock=14978981 updates=1 update=141 draw=297 present=6 map=38
video: scene=31 tick=921 vblank=3542 hash=892b83cd
timing: frame scene=31 tick=1523 clock=14983370 updates=1 update=141 draw=297 present=6 map=38
video: scene=31 tick=922 vblank=3543 hash=892b83cd
timing: frame scene=31 tick=1524 clock=14987759 updates=1 update=143 draw=297 present=6 map=38
video: scene=31 tick=923 vblank=3544 hash=892b83cd
timing: frame scene=31 tick=1525 clock=14992148 updates=1 update=556 draw=297 present=6 map=38
video: scene=31 tick=924 vblank=3545 hash=892b83cd
timing: frame scene=31 tick=1526 clock=14996537 updates=1 update=157 draw=297 present=6 map=38
video: scene=31 tick=925 vblank=3546 hash=892b83cd
timing: frame scene=31 tick=1527 clock=15000926 updates=1 update=140 draw=297 present=5 map=38
video: scene=31 tick=926 vblank=3547 hash=892b83cd
timing: frame scene=31 tick=1528 clock=15005315 updates=1 update=140 draw=297 present=5 map=38
video: scene=31 tick=927 vblank=3548 hash=892b83cd
timing: frame scene=31 tick=1529 clock=15009704 updates=1 update=140 draw=297 present=5 map=38
video: scene=31 tick=928 vblank=3549 hash=892b83cd
timing: frame scene=31 tick=1530 clock=15014093 updates=1 update=140 draw=297 present=5 map=38
video: scene=31 tick=929 vblank=3550 hash=892b83cd
timing: frame scene=31 tick=1531 clock=15018482 updates=1 update=140 draw=297 present=5 map=38
video: scene=31 tick=930 vblank=3551 hash=892b83cd
timing: frame scene=31 tick=1532 clock=15022871 updates=1 update=140 draw=297 present=5 map=38
video: scene=31 tick=931 vblank=3552 hash=892b83cd
timing: frame scene=31 tick=1533 clock=15027260 updates=1 update=140 draw=297 present=5 map=38
video: scene=31 tick=932 vblank=3553 hash=892b83cd
timing: frame scene=31 tick=1534 clock=15031649 updates=1 update=522 draw=297 present=6 map=38
video: scene=31 tick=933 vblank=3554 hash=892b83cd
timing: frame scene=31 tick=1535 clock=15036038 updates=1 update=157 draw=297 present=6 map=38
video: scene=31 tick=934 vblank=3555 hash=892b83cd
timing: frame scene=31 tick=1536 clock=15040427 updates=1 update=140 draw=297 present=5 map=38
video: scene=31 tick=935 vblank=3556 hash=892b83cd
timing: frame scene=31 tick=1537 clock=15044816 updates=1 update=140 draw=297 present=5 map=38
video: scene=31 tick=936 vblank=3557 hash=892b83cd
timing: frame scene=31 tick=1538 clock=15049205 updates=1 update=140 draw=297 present=5 map=38
video: scene=31 tick=937 vblank=3558 hash=892b83cd
timing: frame scene=31 tick=1539 clock=15053594 updates=1 update=140 draw=297 present=5 map=38
video: scene=31 tick=938 vblank=3559 hash=892b83cd
video: scene=31 tick=939 vblank=3560 hash=892b83cd
timing: frame scene=31 tick=1540 clock=15057983 updates=1 update=142 draw=21654 present=858 map=38
video: scene=31 tick=940 vblank=3565 hash=892b83cd
timing: frame scene=31 tick=1541 clock=15081032 updates=1 update=928 draw=21676 present=834 map=38
video: scene=31 tick=941 vblank=3571 hash=1ae658b9
timing: frame scene=31 tick=1542 clock=15106264 updates=1 update=624 draw=21676 present=835 map=38
video: scene=31 tick=942 vblank=3577 hash=83ba6fe1
timing: frame scene=31 tick=1543 clock=15132598 updates=1 update=1023 draw=21676 present=835 map=38
video: scene=31 tick=943 vblank=3583 hash=462061eb
timing: frame scene=31 tick=1544 clock=15158932 updates=1 update=1025 draw=21676 present=834 map=38
video: scene=31 tick=944 vblank=3589 hash=e411981f
timing: frame scene=31 tick=1545 clock=15185266 updates=1 update=622 draw=21677 present=834 map=38
video: scene=31 tick=945 vblank=3595 hash=9b6f5bc3
timing: frame scene=31 tick=1546 clock=15211600 updates=1 update=1025 draw=21676 present=834 map=38
frame=3600 status=008f volume=ff77
video: scene=31 tick=946 vblank=3601 hash=6eb21d2b
timing: frame scene=31 tick=1547 clock=15237934 updates=1 update=1100 draw=21676 present=834 map=38
video: scene=31 tick=947 vblank=3607 hash=329954fb
timing: frame scene=31 tick=1548 clock=15264268 updates=1 update=672 draw=21677 present=834 map=38
video: scene=31 tick=948 vblank=3613 hash=ef9f268b
timing: frame scene=31 tick=1549 clock=15290602 updates=1 update=628 draw=21676 present=834 map=38
video: scene=31 tick=949 vblank=3619 hash=61697ce3
timing: frame scene=31 tick=1550 clock=15316936 updates=1 update=633 draw=21676 present=834 map=38
video: scene=31 tick=950 vblank=3625 hash=a01730ff
timing: frame scene=31 tick=1551 clock=15343270 updates=1 update=637 draw=21676 present=834 map=38
video: scene=31 tick=951 vblank=3631 hash=ff1c93eb
timing: frame scene=31 tick=1552 clock=15369604 updates=1 update=934 draw=21676 present=834 map=38
video: scene=31 tick=952 vblank=3637 hash=3137bf0f
timing: frame scene=31 tick=1553 clock=15395938 updates=1 update=683 draw=21676 present=834 map=38
video: scene=31 tick=953 vblank=3643 hash=5a9c987b
timing: frame scene=31 tick=1554 clock=15422272 updates=1 update=922 draw=21677 present=834 map=38
video: scene=31 tick=954 vblank=3649 hash=5a9c987b
timing: frame scene=31 tick=1555 clock=15448606 updates=1 update=625 draw=21676 present=834 map=38
video: scene=31 tick=955 vblank=3655 hash=5a9c987b
timing: frame scene=31 tick=1556 clock=15474940 updates=1 update=743 draw=21677 present=834 map=38
video: scene=31 tick=956 vblank=3661 hash=5a9c987b
timing: frame scene=31 tick=1557 clock=15501274 updates=1 update=622 draw=21677 present=834 map=38
video: scene=31 tick=957 vblank=3667 hash=5a9c987b
timing: frame scene=31 tick=1558 clock=15527608 updates=1 update=933 draw=26562 present=834 map=38
prof f1558 ticks(avg) wait=3200 upd=355 draw/render=21932 present/render=834 dump=351 total=11323 max=31501 renders=19
video: scene=31 tick=958 vblank=3674 hash=d4445f7d
timing: frame scene=31 tick=1559 clock=15558331 updates=1 update=842 draw=22845 present=834 map=38
video: scene=31 tick=959 vblank=3680 hash=1d20e37c
timing: frame scene=31 tick=1560 clock=15584665 updates=1 update=916 draw=23185 present=834 map=38
video: scene=31 tick=960 vblank=3686 hash=ac10a995
timing: frame scene=31 tick=1561 clock=15610999 updates=1 update=701 draw=23456 present=835 map=38
video: scene=31 tick=961 vblank=3692 hash=7da6b069
timing: frame scene=31 tick=1562 clock=15637333 updates=1 update=634 draw=23678 present=834 map=38
video: scene=31 tick=962 vblank=3698 hash=dc4a06ea
timing: frame scene=31 tick=1563 clock=15663667 updates=1 update=822 draw=23909 present=834 map=38
video: scene=31 tick=963 vblank=3704 hash=3dd8b4e4
timing: frame scene=31 tick=1564 clock=15690001 updates=1 update=636 draw=23382 present=834 map=38
video: scene=31 tick=964 vblank=3710 hash=7a48af0b
timing: frame scene=31 tick=1565 clock=15716335 updates=1 update=1097 draw=23382 present=834 map=38
video: scene=31 tick=965 vblank=3716 hash=ba3cb43a
timing: frame scene=31 tick=1566 clock=15742669 updates=1 update=670 draw=23382 present=834 map=38
video: scene=31 tick=966 vblank=3722 hash=fc20f381
timing: frame scene=31 tick=1567 clock=15769003 updates=1 update=628 draw=23382 present=834 map=38
video: scene=31 tick=967 vblank=3728 hash=f8c82a3b
timing: frame scene=31 tick=1568 clock=15795337 updates=1 update=636 draw=23381 present=834 map=38
video: scene=31 tick=968 vblank=3734 hash=0bee58d9
timing: frame scene=31 tick=1569 clock=15821671 updates=1 update=963 draw=23382 present=834 map=38
video: scene=31 tick=969 vblank=3740 hash=5ca311eb
timing: frame scene=31 tick=1570 clock=15848005 updates=1 update=697 draw=23382 present=834 map=38
video: scene=31 tick=970 vblank=3746 hash=c840db08
timing: frame scene=31 tick=1571 clock=15874339 updates=1 update=630 draw=23382 present=834 map=38
video: scene=31 tick=971 vblank=3752 hash=f7807d6a
timing: frame scene=31 tick=1572 clock=15900673 updates=1 update=865 draw=23382 present=834 map=38
video: scene=31 tick=972 vblank=3758 hash=7bd62043
timing: frame scene=31 tick=1573 clock=15927007 updates=1 update=632 draw=23382 present=834 map=38
video: scene=31 tick=973 vblank=3764 hash=d8c14a26
timing: frame scene=31 tick=1574 clock=15953341 updates=1 update=705 draw=23382 present=834 map=38
video: scene=31 tick=974 vblank=3770 hash=322fbf42
timing: frame scene=31 tick=1575 clock=15979675 updates=1 update=634 draw=23382 present=834 map=38
timing: frame scene=31 tick=1576 clock=16006009 updates=1 update=925 draw=297 present=822 map=38
video: scene=31 tick=975 vblank=3776 hash=5fc35f94
timing: frame scene=31 tick=1577 clock=16010396 updates=1 update=140 draw=297 present=6 map=38
video: scene=31 tick=976 vblank=3777 hash=5fc35f94
timing: frame scene=31 tick=1578 clock=16014785 updates=1 update=141 draw=297 present=6 map=38
video: scene=31 tick=977 vblank=3778 hash=5fc35f94
timing: frame scene=31 tick=1579 clock=16019174 updates=1 update=141 draw=297 present=6 map=38
video: scene=31 tick=978 vblank=3779 hash=5fc35f94
timing: frame scene=31 tick=1580 clock=16023563 updates=1 update=143 draw=297 present=6 map=38
video: scene=31 tick=979 vblank=3780 hash=5fc35f94
timing: frame scene=31 tick=1581 clock=16027952 updates=1 update=236 draw=297 present=6 map=38
video: scene=31 tick=980 vblank=3781 hash=5fc35f94
timing: frame scene=31 tick=1582 clock=16032341 updates=1 update=159 draw=297 present=5 map=38
video: scene=31 tick=981 vblank=3782 hash=5fc35f94
timing: frame scene=31 tick=1583 clock=16036730 updates=1 update=141 draw=297 present=6 map=38
video: scene=31 tick=982 vblank=3783 hash=5fc35f94
timing: frame scene=31 tick=1584 clock=16041119 updates=1 update=141 draw=297 present=6 map=38
video: scene=31 tick=983 vblank=3784 hash=5fc35f94
timing: frame scene=31 tick=1585 clock=16045508 updates=1 update=143 draw=297 present=6 map=38
video: scene=31 tick=984 vblank=3785 hash=5fc35f94
timing: frame scene=31 tick=1586 clock=16049897 updates=1 update=141 draw=297 present=6 map=38
video: scene=31 tick=985 vblank=3786 hash=5fc35f94
timing: frame scene=31 tick=1587 clock=16054286 updates=1 update=141 draw=297 present=6 map=38
video: scene=31 tick=986 vblank=3787 hash=5fc35f94
timing: frame scene=31 tick=1588 clock=16058675 updates=1 update=478 draw=297 present=6 map=38
video: scene=31 tick=987 vblank=3788 hash=5fc35f94
timing: frame scene=31 tick=1589 clock=16063064 updates=1 update=158 draw=297 present=6 map=38
video: scene=31 tick=988 vblank=3789 hash=5fc35f94
timing: frame scene=31 tick=1590 clock=16067453 updates=1 update=140 draw=297 present=6 map=38
video: scene=31 tick=989 vblank=3790 hash=5fc35f94
timing: frame scene=31 tick=1591 clock=16071842 updates=1 update=140 draw=297 present=6 map=38
video: scene=31 tick=990 vblank=3791 hash=5fc35f94
timing: frame scene=31 tick=1592 clock=16076231 updates=1 update=140 draw=297 present=6 map=38
video: scene=31 tick=991 vblank=3792 hash=5fc35f94
timing: frame scene=31 tick=1593 clock=16080620 updates=1 update=140 draw=297 present=6 map=38
video: scene=31 tick=992 vblank=3793 hash=5fc35f94
timing: frame scene=31 tick=1594 clock=16085009 updates=1 update=188 draw=298 present=5 map=38
video: scene=31 tick=993 vblank=3794 hash=5fc35f94
timing: frame scene=31 tick=1595 clock=16089398 updates=1 update=143 draw=297 present=5 map=38
video: scene=31 tick=994 vblank=3795 hash=5fc35f94
timing: frame scene=31 tick=1596 clock=16093787 updates=1 update=140 draw=297 present=6 map=38
video: scene=31 tick=995 vblank=3796 hash=5fc35f94
timing: frame scene=31 tick=1597 clock=16098176 updates=1 update=140 draw=297 present=6 map=38
video: scene=31 tick=996 vblank=3797 hash=5fc35f94
timing: frame scene=31 tick=1598 clock=16102565 updates=1 update=141 draw=297 present=6 map=38
video: scene=31 tick=997 vblank=3798 hash=5fc35f94
timing: frame scene=31 tick=1599 clock=16106954 updates=1 update=141 draw=297 present=6 map=38
video: scene=31 tick=998 vblank=3799 hash=5fc35f94
timing: frame scene=31 tick=1600 clock=16111343 updates=1 update=143 draw=297 present=6 map=38
video: scene=31 tick=999 vblank=3800 hash=5fc35f94
video: scene=31 tick=1000 vblank=3801 hash=5fc35f94
timing: frame scene=32 tick=1601 clock=16115732 updates=1 update=655 draw=9322 present=834 map=38
video: scene=32 tick=1 vblank=3804 hash=4fac1bc5
timing: frame scene=32 tick=1602 clock=16128901 updates=1 update=360 draw=6685 present=834 map=38
video: scene=32 tick=2 vblank=3806 hash=d9d4da90
timing: frame scene=32 tick=1603 clock=16137679 updates=1 update=244 draw=6867 present=834 map=38
video: scene=32 tick=3 vblank=3808 hash=a5bc0b9b
timing: frame scene=32 tick=1604 clock=16146457 updates=1 update=244 draw=7068 present=834 map=38
video: scene=32 tick=4 vblank=3810 hash=dd499159
timing: frame scene=32 tick=1605 clock=16155235 updates=1 update=245 draw=7295 present=834 map=38
video: scene=32 tick=5 vblank=3812 hash=2ecd9bf1
timing: frame scene=32 tick=1606 clock=16164022 updates=1 update=248 draw=7501 present=835 map=38
video: scene=32 tick=6 vblank=3814 hash=f13430f1
timing: frame scene=32 tick=1607 clock=16173018 updates=1 update=248 draw=7706 present=857 map=38
video: scene=32 tick=7 vblank=3816 hash=579c0a71
timing: frame scene=32 tick=1608 clock=16182219 updates=1 update=483 draw=7295 present=858 map=38
video: scene=32 tick=8 vblank=3818 hash=5441ce71
timing: frame scene=32 tick=1609 clock=16191244 updates=1 update=250 draw=7295 present=858 map=38
video: scene=32 tick=9 vblank=3820 hash=97f52471
timing: frame scene=32 tick=1610 clock=16200036 updates=1 update=251 draw=7295 present=857 map=38
video: scene=32 tick=10 vblank=3822 hash=e183ee71
timing: frame scene=32 tick=1611 clock=16208829 updates=1 update=250 draw=7295 present=858 map=38
video: scene=32 tick=11 vblank=3824 hash=e47e2ef1
timing: frame scene=32 tick=1612 clock=16217622 updates=1 update=250 draw=7295 present=858 map=38
video: scene=32 tick=12 vblank=3826 hash=3b1396f1
timing: frame scene=32 tick=1613 clock=16226414 updates=1 update=248 draw=7296 present=857 map=38
video: scene=32 tick=13 vblank=3828 hash=e3cef3f1
timing: frame scene=32 tick=1614 clock=16235205 updates=1 update=250 draw=7295 present=858 map=38
video: scene=32 tick=14 vblank=3830 hash=14d097f1
timing: frame scene=32 tick=1615 clock=16243997 updates=1 update=613 draw=10161 present=835 map=38
video: scene=32 tick=15 vblank=3833 hash=c351c479
timing: frame scene=32 tick=1616 clock=16256182 updates=1 update=643 draw=10369 present=834 map=38
video: scene=32 tick=16 vblank=3836 hash=b3ef4c43
timing: frame scene=32 tick=1617 clock=16269349 updates=1 update=693 draw=10532 present=834 map=38
video: scene=32 tick=17 vblank=3839 hash=15bf29e4
timing: frame scene=32 tick=1618 clock=16282516 updates=1 update=651 draw=10675 present=834 map=38
prof f1618 ticks(avg) wait=1820 upd=405 draw/render=15511 present/render=838 dump=353 total=12257 max=26773 renders=35
video: scene=32 tick=18 vblank=3842 hash=6c165264
timing: frame scene=32 tick=1619 clock=16295683 updates=1 update=649 draw=10831 present=834 map=38
video: scene=32 tick=19 vblank=3845 hash=98982556
timing: frame scene=32 tick=1620 clock=16308850 updates=1 update=706 draw=10994 present=834 map=38
video: scene=32 tick=20 vblank=3848 hash=4e426f21
timing: frame scene=32 tick=1621 clock=16322017 updates=1 update=649 draw=11096 present=835 map=38
video: scene=32 tick=21 vblank=3851 hash=4d3b0f4f
timing: frame scene=32 tick=1622 clock=16335184 updates=1 update=705 draw=11185 present=834 map=38
video: scene=32 tick=22 vblank=3854 hash=4d3b0f4f
timing: frame scene=32 tick=1623 clock=16348351 updates=1 update=647 draw=11368 present=834 map=38
video: scene=32 tick=23 vblank=3857 hash=839eae1d
timing: frame scene=32 tick=1624 clock=16361618 updates=1 update=652 draw=11553 present=857 map=38
video: scene=32 tick=24 vblank=3860 hash=0c3b837c
timing: frame scene=32 tick=1625 clock=16375076 updates=1 update=696 draw=11716 present=858 map=38
video: scene=32 tick=25 vblank=3863 hash=480336bf
timing: frame scene=32 tick=1626 clock=16388741 updates=1 update=648 draw=11903 present=834 map=38
video: scene=32 tick=26 vblank=3867 hash=c143d3e8
timing: frame scene=32 tick=1627 clock=16405408 updates=1 update=747 draw=11968 present=858 map=38
video: scene=32 tick=27 vblank=3870 hash=c143d3e8
timing: frame scene=32 tick=1628 clock=16419376 updates=1 update=652 draw=12154 present=834 map=38
video: scene=32 tick=28 vblank=3874 hash=06a77671
timing: frame scene=32 tick=1629 clock=16436131 updates=1 update=1099 draw=12302 present=834 map=38
video: scene=32 tick=29 vblank=3878 hash=cfb3019b
timing: frame scene=32 tick=1630 clock=16453687 updates=1 update=740 draw=12447 present=834 map=38
video: scene=32 tick=30 vblank=3881 hash=f579e03e
timing: frame scene=32 tick=1631 clock=16468103 updates=1 update=941 draw=12608 present=835 map=38
video: scene=32 tick=31 vblank=3885 hash=5707c9cc
timing: frame scene=32 tick=1632 clock=16484410 updates=1 update=749 draw=12772 present=834 map=38
video: scene=32 tick=32 vblank=3889 hash=a9a20c6b
timing: frame scene=32 tick=1633 clock=16501966 updates=1 update=1093 draw=12908 present=835 map=38
video: scene=32 tick=33 vblank=3893 hash=995f1b93
timing: frame scene=32 tick=1634 clock=16519522 updates=1 update=738 draw=12997 present=834 map=38
video: scene=32 tick=34 vblank=3897 hash=995f1b93
timing: frame scene=32 tick=1635 clock=16537078 updates=1 update=743 draw=13160 present=834 map=38
frame=3900 status=008f volume=ff77
video: scene=32 tick=35 vblank=3901 hash=c8195418
timing: frame scene=32 tick=1636 clock=16554634 updates=1 update=1145 draw=13329 present=835 map=38
video: scene=32 tick=36 vblank=3905 hash=21cccce5
timing: frame scene=32 tick=1637 clock=16572190 updates=1 update=738 draw=13513 present=834 map=38
video: scene=32 tick=37 vblank=3909 hash=d77f5def
timing: frame scene=32 tick=1638 clock=16589746 updates=1 update=793 draw=13684 present=834 map=38
video: scene=32 tick=38 vblank=3913 hash=a83cd0ae
timing: frame scene=32 tick=1639 clock=16607302 updates=1 update=746 draw=13948 present=834 map=38
timing: frame scene=32 tick=1640 clock=16624858 updates=1 update=842 draw=316 present=822 map=38
video: scene=32 tick=39 vblank=3917 hash=c2f40652
timing: frame scene=32 tick=1641 clock=16629245 updates=1 update=150 draw=315 present=6 map=38
video: scene=32 tick=40 vblank=3918 hash=c2f40652
timing: frame scene=32 tick=1642 clock=16633634 updates=1 update=150 draw=315 present=6 map=38
video: scene=32 tick=41 vblank=3919 hash=c2f40652
timing: frame scene=32 tick=1643 clock=16638023 updates=1 update=150 draw=315 present=6 map=38
video: scene=32 tick=42 vblank=3920 hash=c2f40652
timing: frame scene=32 tick=1644 clock=16642412 updates=1 update=150 draw=315 present=6 map=38
video: scene=32 tick=43 vblank=3921 hash=c2f40652
timing: frame scene=32 tick=1645 clock=16646801 updates=1 update=150 draw=315 present=6 map=38
video: scene=32 tick=44 vblank=3922 hash=c2f40652
timing: frame scene=32 tick=1646 clock=16651190 updates=1 update=150 draw=315 present=6 map=38
video: scene=32 tick=45 vblank=3923 hash=c2f40652
timing: frame scene=32 tick=1647 clock=16655579 updates=1 update=150 draw=316 present=6 map=38
video: scene=32 tick=46 vblank=3924 hash=c2f40652
timing: frame scene=32 tick=1648 clock=16659968 updates=1 update=154 draw=316 present=5 map=38
video: scene=32 tick=47 vblank=3925 hash=c2f40652
timing: frame scene=32 tick=1649 clock=16664357 updates=1 update=152 draw=315 present=6 map=38
video: scene=32 tick=48 vblank=3926 hash=c2f40652
timing: frame scene=32 tick=1650 clock=16668746 updates=1 update=152 draw=315 present=6 map=38
video: scene=32 tick=49 vblank=3927 hash=c2f40652
timing: frame scene=32 tick=1651 clock=16673135 updates=1 update=156 draw=316 present=6 map=38
video: scene=32 tick=50 vblank=3928 hash=c2f40652
timing: frame scene=32 tick=1652 clock=16677524 updates=1 update=443 draw=316 present=5 map=38
video: scene=32 tick=51 vblank=3929 hash=c2f40652
timing: frame scene=32 tick=1653 clock=16681913 updates=1 update=151 draw=316 present=5 map=38
video: scene=32 tick=52 vblank=3930 hash=c2f40652
timing: frame scene=32 tick=1654 clock=16686302 updates=1 update=151 draw=316 present=5 map=38
video: scene=32 tick=53 vblank=3931 hash=c2f40652
timing: frame scene=32 tick=1655 clock=16690691 updates=1 update=151 draw=316 present=5 map=38
video: scene=32 tick=54 vblank=3932 hash=c2f40652
timing: frame scene=32 tick=1656 clock=16695080 updates=1 update=151 draw=316 present=5 map=38
video: scene=32 tick=55 vblank=3933 hash=c2f40652
timing: frame scene=32 tick=1657 clock=16699469 updates=1 update=151 draw=316 present=5 map=38
video: scene=32 tick=56 vblank=3934 hash=c2f40652
timing: frame scene=32 tick=1658 clock=16703858 updates=1 update=153 draw=316 present=6 map=38
video: scene=32 tick=57 vblank=3935 hash=c2f40652
timing: frame scene=32 tick=1659 clock=16708247 updates=1 update=200 draw=316 present=6 map=38
video: scene=32 tick=58 vblank=3936 hash=c2f40652
timing: frame scene=32 tick=1660 clock=16712636 updates=1 update=150 draw=316 present=6 map=38
video: scene=32 tick=59 vblank=3937 hash=c2f40652
timing: frame scene=32 tick=1661 clock=16717025 updates=1 update=153 draw=315 present=6 map=38
video: scene=32 tick=60 vblank=3938 hash=c2f40652
timing: frame scene=32 tick=1662 clock=16721414 updates=1 update=151 draw=316 present=5 map=38
video: scene=32 tick=61 vblank=3939 hash=c2f40652
timing: frame scene=32 tick=1663 clock=16725803 updates=1 update=151 draw=316 present=5 map=38
video: scene=32 tick=62 vblank=3940 hash=c2f40652
timing: frame scene=32 tick=1664 clock=16730192 updates=1 update=153 draw=316 present=6 map=38
video: scene=32 tick=63 vblank=3941 hash=c2f40652
timing: frame scene=32 tick=1665 clock=16734581 updates=1 update=151 draw=316 present=5 map=38
video: scene=32 tick=64 vblank=3942 hash=c2f40652
timing: frame scene=32 tick=1666 clock=16738970 updates=1 update=553 draw=316 present=6 map=38
video: scene=32 tick=65 vblank=3943 hash=c2f40652
timing: frame scene=32 tick=1667 clock=16743359 updates=1 update=168 draw=315 present=6 map=38
video: scene=32 tick=66 vblank=3944 hash=c2f40652
timing: frame scene=32 tick=1668 clock=16747748 updates=1 update=150 draw=315 present=6 map=38
video: scene=32 tick=67 vblank=3945 hash=c2f40652
timing: frame scene=32 tick=1669 clock=16752137 updates=1 update=150 draw=315 present=6 map=38
video: scene=32 tick=68 vblank=3946 hash=c2f40652
timing: frame scene=32 tick=1670 clock=16756526 updates=1 update=150 draw=315 present=6 map=38
video: scene=32 tick=69 vblank=3947 hash=c2f40652
timing: frame scene=32 tick=1671 clock=16760915 updates=1 update=150 draw=315 present=6 map=38
video: scene=32 tick=70 vblank=3948 hash=c2f40652
timing: frame scene=32 tick=1672 clock=16765304 updates=1 update=150 draw=315 present=6 map=38
video: scene=32 tick=71 vblank=3949 hash=c2f40652
timing: frame scene=32 tick=1673 clock=16769693 updates=1 update=150 draw=315 present=6 map=38
video: scene=32 tick=72 vblank=3950 hash=c2f40652
timing: frame scene=32 tick=1674 clock=16774082 updates=1 update=150 draw=315 present=6 map=38
video: scene=32 tick=73 vblank=3951 hash=c2f40652
timing: frame scene=32 tick=1675 clock=16778471 updates=1 update=150 draw=316 present=6 map=38
video: scene=32 tick=74 vblank=3952 hash=c2f40652
timing: frame scene=32 tick=1676 clock=16782860 updates=1 update=245 draw=316 present=5 map=38
video: scene=32 tick=75 vblank=3953 hash=c2f40652
timing: frame scene=32 tick=1677 clock=16787249 updates=1 update=170 draw=315 present=6 map=38
video: scene=32 tick=76 vblank=3954 hash=c2f40652
timing: frame scene=32 tick=1678 clock=16791638 updates=1 update=152 draw=315 present=6 map=38
prof f1678 ticks(avg) wait=2685 upd=394 draw/render=12306 present/render=835 dump=352 total=8254 max=18106 renders=21
video: scene=32 tick=77 vblank=3955 hash=c2f40652
timing: frame scene=32 tick=1679 clock=16796027 updates=1 update=152 draw=315 present=6 map=38
video: scene=32 tick=78 vblank=3956 hash=c2f40652
timing: frame scene=32 tick=1680 clock=16800416 updates=1 update=208 draw=316 present=5 map=38
video: scene=32 tick=79 vblank=3957 hash=c2f40652
timing: frame scene=32 tick=1681 clock=16804805 updates=1 update=153 draw=316 present=6 map=38
video: scene=32 tick=80 vblank=3958 hash=c2f40652
timing: frame scene=32 tick=1682 clock=16809194 updates=1 update=151 draw=316 present=5 map=38
video: scene=32 tick=81 vblank=3959 hash=c2f40652
timing: frame scene=32 tick=1683 clock=16813583 updates=1 update=151 draw=316 present=5 map=38
video: scene=32 tick=82 vblank=3960 hash=c2f40652
timing: frame scene=32 tick=1684 clock=16817972 updates=1 update=151 draw=316 present=5 map=38
video: scene=32 tick=83 vblank=3961 hash=c2f40652
timing: frame scene=32 tick=1685 clock=16822361 updates=1 update=244 draw=315 present=6 map=38
video: scene=32 tick=84 vblank=3962 hash=c2f40652
timing: frame scene=32 tick=1686 clock=16826750 updates=1 update=169 draw=316 present=5 map=38
video: scene=32 tick=85 vblank=3963 hash=c2f40652
timing: frame scene=32 tick=1687 clock=16831139 updates=1 update=151 draw=316 present=5 map=38
video: scene=32 tick=86 vblank=3964 hash=c2f40652
timing: frame scene=32 tick=1688 clock=16835528 updates=1 update=153 draw=316 present=6 map=38
video: scene=32 tick=87 vblank=3965 hash=c2f40652
timing: frame scene=32 tick=1689 clock=16839917 updates=1 update=153 draw=316 present=6 map=38
video: scene=32 tick=88 vblank=3966 hash=c2f40652
timing: frame scene=32 tick=1690 clock=16844306 updates=1 update=154 draw=316 present=5 map=38
video: scene=32 tick=89 vblank=3967 hash=c2f40652
timing: frame scene=32 tick=1691 clock=16848695 updates=1 update=152 draw=315 present=6 map=38
video: scene=32 tick=90 vblank=3968 hash=c2f40652
timing: frame scene=32 tick=1692 clock=16853084 updates=1 update=152 draw=315 present=6 map=38
video: scene=32 tick=91 vblank=3969 hash=c2f40652
timing: frame scene=32 tick=1693 clock=16857473 updates=1 update=152 draw=315 present=6 map=38
video: scene=32 tick=92 vblank=3970 hash=c2f40652
timing: frame scene=32 tick=1694 clock=16861862 updates=1 update=152 draw=315 present=6 map=38
video: scene=32 tick=93 vblank=3971 hash=c2f40652
timing: frame scene=32 tick=1695 clock=16866251 updates=1 update=301 draw=316 present=6 map=38
video: scene=32 tick=94 vblank=3972 hash=c2f40652
timing: frame scene=32 tick=1696 clock=16870640 updates=1 update=169 draw=316 present=5 map=38
video: scene=32 tick=95 vblank=3973 hash=c2f40652
timing: frame scene=32 tick=1697 clock=16875029 updates=1 update=151 draw=316 present=5 map=38
video: scene=32 tick=96 vblank=3974 hash=c2f40652
timing: frame scene=32 tick=1698 clock=16879418 updates=1 update=153 draw=316 present=6 map=38
video: scene=32 tick=97 vblank=3975 hash=c2f40652
timing: frame scene=32 tick=1699 clock=16883807 updates=1 update=151 draw=316 present=5 map=38
video: scene=32 tick=98 vblank=3976 hash=c2f40652
timing: frame scene=32 tick=1700 clock=16888196 updates=1 update=151 draw=316 present=5 map=38
video: scene=32 tick=99 vblank=3977 hash=c2f40652
video: scene=32 tick=100 vblank=3978 hash=c2f40652
timing: frame scene=33 tick=1701 clock=16892585 updates=1 update=153 draw=13715 present=834 map=38
video: scene=33 tick=1 vblank=3982 hash=3c73b174
timing: frame scene=33 tick=1702 clock=16910143 updates=1 update=448 draw=13720 present=835 map=38
video: scene=33 tick=2 vblank=3986 hash=3c73b174
timing: frame scene=33 tick=1703 clock=16927699 updates=1 update=739 draw=13729 present=834 map=38
video: scene=33 tick=3 vblank=3990 hash=8a318c14
timing: frame scene=33 tick=1704 clock=16945255 updates=1 update=465 draw=13728 present=835 map=38
video: scene=33 tick=4 vblank=3994 hash=8a318c14
timing: frame scene=33 tick=1705 clock=16962811 updates=1 update=634 draw=13729 present=834 map=38
video: scene=33 tick=5 vblank=3998 hash=8a318c14
timing: frame scene=33 tick=1706 clock=16980367 updates=1 update=447 draw=13728 present=835 map=38
video: scene=33 tick=6 vblank=4002 hash=19674674
timing: frame scene=33 tick=1707 clock=16997923 updates=1 update=862 draw=13721 present=834 map=38
video: scene=33 tick=7 vblank=4006 hash=19674674
timing: frame scene=33 tick=1708 clock=17015479 updates=1 update=440 draw=13720 present=834 map=38
video: scene=33 tick=8 vblank=4010 hash=19674674
timing: frame scene=33 tick=1709 clock=17033035 updates=1 update=493 draw=13720 present=835 map=38
video: scene=33 tick=9 vblank=4014 hash=acab1a54
timing: frame scene=33 tick=1710 clock=17050591 updates=1 update=642 draw=13720 present=835 map=38
video: scene=33 tick=10 vblank=4018 hash=acab1a54
timing: frame scene=33 tick=1711 clock=17068147 updates=1 update=450 draw=13720 present=834 map=38
video: scene=33 tick=11 vblank=4022 hash=acab1a54
timing: frame scene=33 tick=1712 clock=17085703 updates=1 update=445 draw=13720 present=834 map=38
video: scene=33 tick=12 vblank=4026 hash=399ba174
timing: frame scene=33 tick=1713 clock=17103259 updates=1 update=451 draw=13721 present=834 map=38
video: scene=33 tick=13 vblank=4030 hash=399ba174
timing: frame scene=33 tick=1714 clock=17120815 updates=1 update=860 draw=13729 present=834 map=38
video: scene=33 tick=14 vblank=4034 hash=399ba174
timing: frame scene=33 tick=1715 clock=17138371 updates=1 update=440 draw=13728 present=834 map=38
video: scene=33 tick=15 vblank=4038 hash=8ebb4914
timing: frame scene=33 tick=1716 clock=17155927 updates=1 update=441 draw=13728 present=834 map=38
video: scene=33 tick=16 vblank=4042 hash=8ebb4914
timing: frame scene=33 tick=1717 clock=17173483 updates=1 update=452 draw=13729 present=834 map=38
video: scene=33 tick=17 vblank=4046 hash=8ebb4914
timing: frame scene=33 tick=1718 clock=17191039 updates=1 update=684 draw=18090 present=834 map=38
timing: frame scene=33 tick=1719 clock=17212984 updates=1 update=553 draw=315 present=822 map=38
video: scene=33 tick=18 vblank=4051 hash=f768260f
timing: frame scene=33 tick=1720 clock=17217371 updates=1 update=153 draw=315 present=6 map=38
video: scene=33 tick=19 vblank=4052 hash=f768260f
timing: frame scene=33 tick=1721 clock=17221760 updates=1 update=156 draw=314 present=6 map=38
video: scene=33 tick=20 vblank=4053 hash=f768260f
timing: frame scene=33 tick=1722 clock=17226149 updates=1 update=153 draw=315 present=6 map=38
video: scene=33 tick=21 vblank=4054 hash=f768260f
timing: frame scene=33 tick=1723 clock=17230538 updates=1 update=153 draw=315 present=6 map=38
video: scene=33 tick=22 vblank=4055 hash=f768260f
timing: frame scene=33 tick=1724 clock=17234927 updates=1 update=155 draw=315 present=6 map=38
video: scene=33 tick=23 vblank=4056 hash=f768260f
timing: frame scene=33 tick=1725 clock=17239316 updates=1 update=500 draw=315 present=5 map=38
video: scene=33 tick=24 vblank=4057 hash=f768260f
timing: frame scene=33 tick=1726 clock=17243705 updates=1 update=170 draw=315 present=5 map=38
video: scene=33 tick=25 vblank=4058 hash=f768260f
timing: frame scene=33 tick=1727 clock=17248094 updates=1 update=152 draw=315 present=5 map=38
video: scene=33 tick=26 vblank=4059 hash=f768260f
timing: frame scene=33 tick=1728 clock=17252483 updates=1 update=154 draw=315 present=6 map=38
video: scene=33 tick=27 vblank=4060 hash=f768260f
timing: frame scene=33 tick=1729 clock=17256872 updates=1 update=152 draw=315 present=5 map=38
video: scene=33 tick=28 vblank=4061 hash=f768260f
timing: frame scene=33 tick=1730 clock=17261261 updates=1 update=152 draw=315 present=5 map=38
video: scene=33 tick=29 vblank=4062 hash=f768260f
timing: frame scene=33 tick=1731 clock=17265650 updates=1 update=152 draw=315 present=5 map=38
video: scene=33 tick=30 vblank=4063 hash=f768260f
timing: frame scene=33 tick=1732 clock=17270039 updates=1 update=152 draw=315 present=5 map=38
video: scene=33 tick=31 vblank=4064 hash=f768260f
timing: frame scene=33 tick=1733 clock=17274428 updates=1 update=152 draw=315 present=5 map=38
video: scene=33 tick=32 vblank=4065 hash=f768260f
timing: frame scene=33 tick=1734 clock=17278817 updates=1 update=152 draw=315 present=5 map=38
video: scene=33 tick=33 vblank=4066 hash=f768260f
timing: frame scene=33 tick=1735 clock=17283206 updates=1 update=158 draw=315 present=5 map=38
video: scene=33 tick=34 vblank=4067 hash=f768260f
timing: frame scene=33 tick=1736 clock=17287595 updates=1 update=153 draw=315 present=6 map=38
video: scene=33 tick=35 vblank=4068 hash=f768260f
timing: frame scene=33 tick=1737 clock=17291984 updates=1 update=153 draw=315 present=6 map=38
video: scene=33 tick=36 vblank=4069 hash=f768260f
timing: frame scene=33 tick=1738 clock=17296373 updates=1 update=153 draw=315 present=6 map=38
prof f1738 ticks(avg) wait=3065 upd=283 draw/render=13966 present/render=833 dump=350 total=8377 max=22124 renders=18
video: scene=33 tick=37 vblank=4070 hash=f768260f
timing: frame scene=33 tick=1739 clock=17300762 updates=1 update=257 draw=315 present=6 map=38
video: scene=33 tick=38 vblank=4071 hash=f768260f
timing: frame scene=33 tick=1740 clock=17305151 updates=1 update=152 draw=315 present=6 map=38
video: scene=33 tick=39 vblank=4072 hash=f768260f
timing: frame scene=33 tick=1741 clock=17309540 updates=1 update=155 draw=315 present=5 map=38
video: scene=33 tick=40 vblank=4073 hash=f768260f
timing: frame scene=33 tick=1742 clock=17313929 updates=1 update=152 draw=315 present=6 map=38
video: scene=33 tick=41 vblank=4074 hash=f768260f
timing: frame scene=33 tick=1743 clock=17318318 updates=1 update=155 draw=315 present=5 map=38
video: scene=33 tick=42 vblank=4075 hash=f768260f
timing: frame scene=33 tick=1744 clock=17322707 updates=1 update=152 draw=315 present=6 map=38
video: scene=33 tick=43 vblank=4076 hash=f768260f
timing: frame scene=33 tick=1745 clock=17327096 updates=1 update=152 draw=315 present=6 map=38
video: scene=33 tick=44 vblank=4077 hash=f768260f
timing: frame scene=33 tick=1746 clock=17331485 updates=1 update=208 draw=315 present=6 map=38
video: scene=33 tick=45 vblank=4078 hash=f768260f
timing: frame scene=33 tick=1747 clock=17335874 updates=1 update=155 draw=315 present=5 map=38
video: scene=33 tick=46 vblank=4079 hash=f768260f
timing: frame scene=33 tick=1748 clock=17340263 updates=1 update=152 draw=315 present=6 map=38
video: scene=33 tick=47 vblank=4080 hash=f768260f
timing: frame scene=33 tick=1749 clock=17344652 updates=1 update=152 draw=315 present=6 map=38
video: scene=33 tick=48 vblank=4081 hash=f768260f
timing: frame scene=33 tick=1750 clock=17349041 updates=1 update=152 draw=315 present=6 map=38
video: scene=33 tick=49 vblank=4082 hash=f768260f
timing: frame scene=33 tick=1751 clock=17353430 updates=1 update=152 draw=315 present=6 map=38
video: scene=33 tick=50 vblank=4083 hash=f768260f
timing: frame scene=33 tick=1752 clock=17357819 updates=1 update=155 draw=315 present=5 map=38
video: scene=33 tick=51 vblank=4084 hash=f768260f
timing: frame scene=33 tick=1753 clock=17362208 updates=1 update=155 draw=315 present=5 map=38
video: scene=33 tick=52 vblank=4085 hash=f768260f
timing: frame scene=33 tick=1754 clock=17366597 updates=1 update=202 draw=315 present=6 map=38
video: scene=33 tick=53 vblank=4086 hash=f768260f
timing: frame scene=33 tick=1755 clock=17370986 updates=1 update=152 draw=315 present=6 map=38
video: scene=33 tick=54 vblank=4087 hash=f768260f
timing: frame scene=33 tick=1756 clock=17375375 updates=1 update=152 draw=315 present=6 map=38
video: scene=33 tick=55 vblank=4088 hash=f768260f
timing: frame scene=33 tick=1757 clock=17379764 updates=1 update=152 draw=315 present=6 map=38
video: scene=33 tick=56 vblank=4089 hash=f768260f
timing: frame scene=33 tick=1758 clock=17384153 updates=1 update=152 draw=315 present=6 map=38
video: scene=33 tick=57 vblank=4090 hash=f768260f
timing: frame scene=33 tick=1759 clock=17388542 updates=1 update=155 draw=315 present=5 map=38
video: scene=33 tick=58 vblank=4091 hash=f768260f
timing: frame scene=33 tick=1760 clock=17392931 updates=1 update=152 draw=315 present=6 map=38
video: scene=33 tick=59 vblank=4092 hash=f768260f
video: scene=33 tick=60 vblank=4093 hash=f768260f
timing: frame scene=34 tick=1761 clock=17397320 updates=1 update=155 draw=13720 present=834 map=38
video: scene=34 tick=1 vblank=4097 hash=8ebb4914
timing: frame scene=34 tick=1762 clock=17414878 updates=1 update=449 draw=13720 present=835 map=38
video: scene=34 tick=2 vblank=4101 hash=8ebb4914
timing: frame scene=34 tick=1763 clock=17432434 updates=1 update=805 draw=13729 present=834 map=38
video: scene=34 tick=3 vblank=4105 hash=8ebb4914
timing: frame scene=34 tick=1764 clock=17449990 updates=1 update=445 draw=13728 present=834 map=38
video: scene=34 tick=4 vblank=4109 hash=8ebb4914
timing: frame scene=34 tick=1765 clock=17467546 updates=1 update=740 draw=13721 present=834 map=38
video: scene=34 tick=5 vblank=4113 hash=8ebb4914
timing: frame scene=34 tick=1766 clock=17485102 updates=1 update=450 draw=13720 present=834 map=38
video: scene=34 tick=6 vblank=4117 hash=8ebb4914
timing: frame scene=34 tick=1767 clock=17502658 updates=1 update=794 draw=13728 present=835 map=38
video: scene=34 tick=7 vblank=4121 hash=8ebb4914
timing: frame scene=34 tick=1768 clock=17520214 updates=1 update=445 draw=13728 present=834 map=38
video: scene=34 tick=8 vblank=4125 hash=8ebb4914
timing: frame scene=34 tick=1769 clock=17537770 updates=1 update=445 draw=13728 present=835 map=38
video: scene=34 tick=9 vblank=4129 hash=8ebb4914
timing: frame scene=34 tick=1770 clock=17555326 updates=1 update=787 draw=13729 present=834 map=38
video: scene=34 tick=10 vblank=4133 hash=8ebb4914
timing: frame scene=34 tick=1771 clock=17572882 updates=1 update=440 draw=13728 present=834 map=38
video: scene=34 tick=11 vblank=4137 hash=8ebb4914
timing: frame scene=34 tick=1772 clock=17590438 updates=1 update=495 draw=13728 present=834 map=38
video: scene=34 tick=12 vblank=4141 hash=8ebb4914
timing: frame scene=34 tick=1773 clock=17607994 updates=1 update=445 draw=13729 present=834 map=38
video: scene=34 tick=13 vblank=4145 hash=399ba174
timing: frame scene=34 tick=1774 clock=17625550 updates=1 update=846 draw=13721 present=835 map=38
video: scene=34 tick=14 vblank=4149 hash=399ba174
timing: frame scene=34 tick=1775 clock=17643106 updates=1 update=440 draw=13721 present=834 map=38
video: scene=34 tick=15 vblank=4153 hash=399ba174
timing: frame scene=34 tick=1776 clock=17660662 updates=1 update=442 draw=13721 present=835 map=38
video: scene=34 tick=16 vblank=4157 hash=acab1a54
timing: frame scene=34 tick=1777 clock=17678218 updates=1 update=743 draw=13721 present=834 map=38
video: scene=34 tick=17 vblank=4161 hash=acab1a54
timing: frame scene=34 tick=1778 clock=17695774 updates=1 update=447 draw=13721 present=835 map=38
video: scene=34 tick=18 vblank=4165 hash=acab1a54
timing: frame scene=34 tick=1779 clock=17713330 updates=1 update=495 draw=13721 present=835 map=38
video: scene=34 tick=19 vblank=4169 hash=19674674
timing: frame scene=34 tick=1780 clock=17730886 updates=1 update=444 draw=13721 present=834 map=38
video: scene=34 tick=20 vblank=4173 hash=19674674
timing: frame scene=34 tick=1781 clock=17748442 updates=1 update=866 draw=13729 present=834 map=38
video: scene=34 tick=21 vblank=4177 hash=19674674
timing: frame scene=34 tick=1782 clock=17765998 updates=1 update=440 draw=13729 present=834 map=38
video: scene=34 tick=22 vblank=4181 hash=8a318c14
timing: frame scene=34 tick=1783 clock=17783554 updates=1 update=538 draw=13721 present=834 map=38
video: scene=34 tick=23 vblank=4185 hash=8a318c14
timing: frame scene=34 tick=1784 clock=17801110 updates=1 update=521 draw=13721 present=835 map=38
video: scene=34 tick=24 vblank=4189 hash=8a318c14
timing: frame scene=34 tick=1785 clock=17818666 updates=1 update=447 draw=13721 present=834 map=38
video: scene=34 tick=25 vblank=4193 hash=3c73b174
timing: frame scene=34 tick=1786 clock=17836222 updates=1 update=557 draw=13730 present=834 map=38
video: scene=34 tick=26 vblank=4197 hash=3c73b174
timing: frame scene=34 tick=1787 clock=17853778 updates=1 update=452 draw=13729 present=834 map=38
frame=4200 status=008f volume=ff77
video: scene=34 tick=27 vblank=4201 hash=3c73b174
timing: frame scene=34 tick=1788 clock=17871334 updates=1 update=804 draw=13721 present=834 map=38
video: scene=34 tick=28 vblank=4205 hash=c134b0d4
timing: frame scene=34 tick=1789 clock=17888890 updates=1 update=445 draw=13721 present=834 map=38
video: scene=34 tick=29 vblank=4209 hash=c134b0d4
timing: frame scene=34 tick=1790 clock=17906446 updates=1 update=445 draw=13721 present=834 map=38
video: scene=34 tick=30 vblank=4213 hash=c134b0d4
timing: frame scene=34 tick=1791 clock=17924002 updates=1 update=453 draw=11521 present=834 map=38
timing: frame scene=34 tick=1792 clock=17937229 updates=1 update=652 draw=317 present=823 map=38
video: scene=34 tick=31 vblank=4216 hash=02a9eb73
timing: frame scene=34 tick=1793 clock=17941556 updates=1 update=149 draw=317 present=6 map=38
video: scene=34 tick=32 vblank=4217 hash=02a9eb73
timing: frame scene=34 tick=1794 clock=17945945 updates=1 update=152 draw=316 present=6 map=38
video: scene=34 tick=33 vblank=4218 hash=02a9eb73
timing: frame scene=34 tick=1795 clock=17950334 updates=1 update=149 draw=317 present=6 map=38
video: scene=34 tick=34 vblank=4219 hash=02a9eb73
timing: frame scene=34 tick=1796 clock=17954723 updates=1 update=149 draw=317 present=6 map=38
video: scene=34 tick=35 vblank=4220 hash=02a9eb73
timing: frame scene=34 tick=1797 clock=17959112 updates=1 update=149 draw=317 present=6 map=38
video: scene=34 tick=36 vblank=4221 hash=02a9eb73
timing: frame scene=34 tick=1798 clock=17963501 updates=1 update=149 draw=317 present=6 map=38
prof f1798 ticks(avg) wait=2712 upd=363 draw/render=13653 present/render=833 dump=354 total=11083 max=18611 renders=31
video: scene=34 tick=37 vblank=4222 hash=02a9eb73
timing: frame scene=34 tick=1799 clock=17967890 updates=1 update=152 draw=316 present=6 map=38
video: scene=34 tick=38 vblank=4223 hash=02a9eb73
timing: frame scene=34 tick=1800 clock=17972279 updates=1 update=152 draw=317 present=6 map=38
video: scene=34 tick=39 vblank=4224 hash=02a9eb73
video: scene=34 tick=40 vblank=4225 hash=02a9eb73
timing: frame scene=34 tick=1801 clock=17976668 updates=1 update=150 draw=7366 present=835 map=38
timing: frame scene=34 tick=1802 clock=17985448 updates=1 update=248 draw=317 present=822 map=38
video: scene=34 tick=41 vblank=4227 hash=95f0a7ac
timing: frame scene=34 tick=1803 clock=17989835 updates=1 update=545 draw=317 present=6 map=38
video: scene=34 tick=42 vblank=4228 hash=95f0a7ac
timing: frame scene=34 tick=1804 clock=17994224 updates=1 update=166 draw=317 present=5 map=38
video: scene=34 tick=43 vblank=4229 hash=95f0a7ac
timing: frame scene=34 tick=1805 clock=17998613 updates=1 update=148 draw=317 present=5 map=38
video: scene=34 tick=44 vblank=4230 hash=95f0a7ac
timing: frame scene=34 tick=1806 clock=18003002 updates=1 update=148 draw=317 present=5 map=38
video: scene=34 tick=45 vblank=4231 hash=95f0a7ac
timing: frame scene=34 tick=1807 clock=18007391 updates=1 update=148 draw=317 present=5 map=38
video: scene=34 tick=46 vblank=4232 hash=95f0a7ac
timing: frame scene=34 tick=1808 clock=18011780 updates=1 update=148 draw=317 present=5 map=38
video: scene=34 tick=47 vblank=4233 hash=95f0a7ac
timing: frame scene=34 tick=1809 clock=18016169 updates=1 update=148 draw=317 present=5 map=38
video: scene=34 tick=48 vblank=4234 hash=95f0a7ac
timing: frame scene=34 tick=1810 clock=18020558 updates=1 update=148 draw=317 present=5 map=38
video: scene=34 tick=49 vblank=4235 hash=95f0a7ac
video: scene=34 tick=50 vblank=4236 hash=95f0a7ac
timing: frame scene=34 tick=1811 clock=18024947 updates=1 update=148 draw=7365 present=834 map=38
timing: frame scene=34 tick=1812 clock=18033727 updates=1 update=339 draw=317 present=823 map=38
video: scene=34 tick=51 vblank=4238 hash=6643c85a
timing: frame scene=34 tick=1813 clock=18038114 updates=1 update=170 draw=317 present=6 map=38
video: scene=34 tick=52 vblank=4239 hash=6643c85a
timing: frame scene=34 tick=1814 clock=18042503 updates=1 update=152 draw=317 present=6 map=38
video: scene=34 tick=53 vblank=4240 hash=6643c85a
timing: frame scene=34 tick=1815 clock=18046892 updates=1 update=152 draw=317 present=6 map=38
video: scene=34 tick=54 vblank=4241 hash=6643c85a
timing: frame scene=34 tick=1816 clock=18051281 updates=1 update=336 draw=316 present=6 map=38
video: scene=34 tick=55 vblank=4242 hash=6643c85a
timing: frame scene=34 tick=1817 clock=18055670 updates=1 update=149 draw=317 present=6 map=38
video: scene=34 tick=56 vblank=4243 hash=6643c85a
timing: frame scene=34 tick=1818 clock=18060059 updates=1 update=149 draw=317 present=6 map=38
video: scene=34 tick=57 vblank=4244 hash=6643c85a
timing: frame scene=34 tick=1819 clock=18064448 updates=1 update=149 draw=317 present=6 map=38
video: scene=34 tick=58 vblank=4245 hash=6643c85a
timing: frame scene=34 tick=1820 clock=18068837 updates=1 update=154 draw=317 present=5 map=38
video: scene=34 tick=59 vblank=4246 hash=6643c85a
video: scene=34 tick=60 vblank=4247 hash=6643c85a
timing: frame scene=34 tick=1821 clock=18073226 updates=1 update=243 draw=7365 present=834 map=38
timing: frame scene=34 tick=1822 clock=18082082 updates=1 update=264 draw=317 present=823 map=38
video: scene=34 tick=61 vblank=4249 hash=e2771ea6
timing: frame scene=34 tick=1823 clock=18086393 updates=1 update=149 draw=317 present=6 map=38
video: scene=34 tick=62 vblank=4250 hash=e2771ea6
timing: frame scene=34 tick=1824 clock=18090782 updates=1 update=149 draw=317 present=6 map=38
video: scene=34 tick=63 vblank=4251 hash=e2771ea6
timing: frame scene=34 tick=1825 clock=18095171 updates=1 update=152 draw=317 present=6 map=38
video: scene=34 tick=64 vblank=4252 hash=e2771ea6
timing: frame scene=34 tick=1826 clock=18099560 updates=1 update=152 draw=317 present=6 map=38
video: scene=34 tick=65 vblank=4253 hash=e2771ea6
timing: frame scene=34 tick=1827 clock=18103949 updates=1 update=150 draw=317 present=5 map=38
video: scene=34 tick=66 vblank=4254 hash=e2771ea6
timing: frame scene=34 tick=1828 clock=18108338 updates=1 update=150 draw=317 present=5 map=38
video: scene=34 tick=67 vblank=4255 hash=e2771ea6
timing: frame scene=34 tick=1829 clock=18112727 updates=1 update=150 draw=317 present=5 map=38
video: scene=34 tick=68 vblank=4256 hash=e2771ea6
timing: frame scene=34 tick=1830 clock=18117116 updates=1 update=553 draw=317 present=6 map=38
video: scene=34 tick=69 vblank=4257 hash=e2771ea6
video: scene=34 tick=70 vblank=4258 hash=e2771ea6
prof f1858 ticks(avg) wait=2160 upd=441 draw/render=11997 present/render=839 dump=186 total=9616 max=25562 renders=31
frame=4500 status=0087 volume=7777
prof f1918 ticks(avg) wait=1779 upd=1392 draw/render=9559 present/render=608 dump=1 total=11233 max=48185 renders=47
timing: frame scene=35 tick=1921 clock=19231922 updates=1 update=860 draw=418 present=6 map=0
timing: frame scene=35 tick=1922 clock=19236311 updates=1 update=907 draw=2636 present=183 map=0
video: scene=35 tick=1 vblank=4512 hash=a635c120
video: scene=35 tick=2 vblank=4513 hash=ecd7a770
timing: frame scene=35 tick=1923 clock=19240703 updates=1 update=2048 draw=4205 present=835 map=0
video: scene=35 tick=3 vblank=4515 hash=21979462
timing: frame scene=35 tick=1924 clock=19249480 updates=1 update=1034 draw=4295 present=834 map=0
video: scene=35 tick=4 vblank=4517 hash=a915206d
timing: frame scene=35 tick=1925 clock=19258258 updates=1 update=1097 draw=13782 present=834 map=0
video: scene=35 tick=5 vblank=4521 hash=6d861261
timing: frame scene=35 tick=1926 clock=19275814 updates=1 update=1232 draw=15993 present=857 map=0
video: scene=35 tick=6 vblank=4525 hash=00c8fdc8
timing: frame scene=35 tick=1927 clock=19294297 updates=1 update=1234 draw=4223 present=834 map=0
video: scene=35 tick=7 vblank=4527 hash=20ba186b
timing: frame scene=35 tick=1928 clock=19302149 updates=1 update=1035 draw=4225 present=834 map=0
video: scene=35 tick=8 vblank=4529 hash=915f90a7
timing: frame scene=35 tick=1929 clock=19310926 updates=1 update=1034 draw=4317 present=834 map=0
video: scene=35 tick=9 vblank=4531 hash=a88450a4
timing: frame scene=35 tick=1930 clock=19319704 updates=1 update=2544 draw=3932 present=834 map=0
video: scene=35 tick=10 vblank=4533 hash=c1ab251b
timing: frame scene=35 tick=1931 clock=19328482 updates=1 update=498 draw=12845 present=835 map=0
video: scene=35 tick=11 vblank=4537 hash=c1ab251b
timing: frame scene=35 tick=1932 clock=19346038 updates=1 update=682 draw=12846 present=834 map=0
video: scene=35 tick=12 vblank=4541 hash=c1ab251b
timing: frame scene=35 tick=1933 clock=19363594 updates=1 update=636 draw=12846 present=834 map=0
video: scene=35 tick=13 vblank=4545 hash=c1ab251b
timing: frame scene=35 tick=1934 clock=19381150 updates=1 update=634 draw=12846 present=834 map=0
video: scene=35 tick=14 vblank=4549 hash=c1ab251b
timing: frame scene=35 tick=1935 clock=19398706 updates=1 update=981 draw=12846 present=834 map=0
video: scene=35 tick=15 vblank=4553 hash=c1ab251b
timing: frame scene=35 tick=1936 clock=19416262 updates=1 update=680 draw=12846 present=834 map=0
video: scene=35 tick=16 vblank=4557 hash=c1ab251b
timing: frame scene=35 tick=1937 clock=19433818 updates=1 update=631 draw=12846 present=834 map=0
video: scene=35 tick=17 vblank=4561 hash=c1ab251b
timing: frame scene=35 tick=1938 clock=19451374 updates=1 update=738 draw=12846 present=834 map=0
video: scene=35 tick=18 vblank=4565 hash=6cb1a61e
timing: frame scene=35 tick=1939 clock=19468930 updates=1 update=680 draw=12846 present=834 map=0
video: scene=35 tick=19 vblank=4569 hash=6cb1a61e
timing: frame scene=35 tick=1940 clock=19486486 updates=1 update=631 draw=12846 present=834 map=0
video: scene=35 tick=20 vblank=4573 hash=6cb1a61e
timing: frame scene=35 tick=1941 clock=19504042 updates=1 update=672 draw=12846 present=834 map=0
video: scene=35 tick=21 vblank=4577 hash=6cb1a61e
timing: frame scene=35 tick=1942 clock=19521598 updates=1 update=963 draw=12846 present=834 map=0
video: scene=35 tick=22 vblank=4581 hash=6cb1a61e
timing: frame scene=35 tick=1943 clock=19539154 updates=1 update=659 draw=12846 present=834 map=0
video: scene=35 tick=23 vblank=4585 hash=6cb1a61e
timing: frame scene=35 tick=1944 clock=19556710 updates=1 update=659 draw=12846 present=834 map=0
video: scene=35 tick=24 vblank=4589 hash=6cb1a61e
timing: frame scene=35 tick=1945 clock=19574266 updates=1 update=659 draw=12846 present=834 map=0
video: scene=35 tick=25 vblank=4593 hash=6cb1a61e
timing: frame scene=35 tick=1946 clock=19591822 updates=1 update=661 draw=12846 present=835 map=0
video: scene=35 tick=26 vblank=4597 hash=0c3270f7
timing: frame scene=35 tick=1947 clock=19609378 updates=1 update=661 draw=12837 present=835 map=0
video: scene=35 tick=27 vblank=4601 hash=0c3270f7
timing: frame scene=35 tick=1948 clock=19626934 updates=1 update=660 draw=12846 present=834 map=0
video: scene=35 tick=28 vblank=4605 hash=0c3270f7
timing: frame scene=35 tick=1949 clock=19644490 updates=1 update=662 draw=12846 present=834 map=0
video: scene=35 tick=29 vblank=4609 hash=0c3270f7
timing: frame scene=35 tick=1950 clock=19662046 updates=1 update=721 draw=12845 present=835 map=0
video: scene=35 tick=30 vblank=4613 hash=0c3270f7
timing: frame scene=35 tick=1951 clock=19679602 updates=1 update=662 draw=12846 present=834 map=0
video: scene=35 tick=31 vblank=4617 hash=0c3270f7
timing: frame scene=35 tick=1952 clock=19697158 updates=1 update=662 draw=12846 present=834 map=0
video: scene=35 tick=32 vblank=4621 hash=0c3270f7
timing: frame scene=35 tick=1953 clock=19714714 updates=1 update=970 draw=12846 present=834 map=0
video: scene=35 tick=33 vblank=4625 hash=0c3270f7
timing: frame scene=35 tick=1954 clock=19732270 updates=1 update=659 draw=12846 present=834 map=0
video: scene=35 tick=34 vblank=4629 hash=485915c5
timing: frame scene=35 tick=1955 clock=19749826 updates=1 update=659 draw=12846 present=834 map=0
video: scene=35 tick=35 vblank=4633 hash=485915c5
timing: frame scene=35 tick=1956 clock=19767382 updates=1 update=659 draw=12846 present=834 map=0
video: scene=35 tick=36 vblank=4637 hash=485915c5
timing: frame scene=35 tick=1957 clock=19784938 updates=1 update=710 draw=12845 present=835 map=0
video: scene=35 tick=37 vblank=4641 hash=485915c5
timing: frame scene=35 tick=1958 clock=19802494 updates=1 update=659 draw=12846 present=834 map=0
video: scene=35 tick=38 vblank=4645 hash=485915c5
timing: frame scene=35 tick=1959 clock=19820050 updates=1 update=659 draw=12846 present=834 map=0
video: scene=35 tick=39 vblank=4649 hash=485915c5
timing: frame scene=35 tick=1960 clock=19837606 updates=1 update=662 draw=12846 present=834 map=0
video: scene=35 tick=40 vblank=4653 hash=485915c5
timing: frame scene=35 tick=1961 clock=19855162 updates=1 update=770 draw=12846 present=834 map=0
video: scene=35 tick=41 vblank=4657 hash=485915c5
timing: frame scene=35 tick=1962 clock=19872718 updates=1 update=662 draw=12843 present=834 map=0
video: scene=35 tick=42 vblank=4661 hash=485915c5
timing: frame scene=35 tick=1963 clock=19890274 updates=1 update=8403 draw=22821 present=835 map=37
video: scene=35 tick=43 vblank=4669 hash=c8c677a9
timing: frame scene=35 tick=1964 clock=19925386 updates=1 update=2720 draw=12676 present=834 map=37
video: scene=35 tick=44 vblank=4673 hash=c8c677a9
timing: frame scene=35 tick=1965 clock=19942942 updates=1 update=658 draw=12676 present=835 map=37
video: scene=35 tick=45 vblank=4677 hash=c8c677a9
timing: frame scene=35 tick=1966 clock=19960498 updates=1 update=658 draw=12676 present=835 map=37
video: scene=35 tick=46 vblank=4681 hash=c8c677a9
timing: frame scene=35 tick=1967 clock=19978054 updates=1 update=772 draw=12676 present=834 map=37
video: scene=35 tick=47 vblank=4685 hash=c8c677a9
timing: frame scene=35 tick=1968 clock=19995610 updates=1 update=658 draw=12677 present=834 map=37
video: scene=35 tick=48 vblank=4689 hash=c8c677a9
timing: frame scene=35 tick=1969 clock=20013166 updates=1 update=658 draw=12676 present=835 map=37
video: scene=35 tick=49 vblank=4693 hash=c8c677a9
timing: frame scene=35 tick=1970 clock=20030722 updates=1 update=660 draw=12676 present=835 map=37
video: scene=35 tick=50 vblank=4697 hash=c8c677a9
timing: frame scene=35 tick=1971 clock=20048278 updates=1 update=957 draw=12676 present=835 map=37
video: scene=35 tick=51 vblank=4701 hash=83ee8f95
timing: frame scene=35 tick=1972 clock=20065834 updates=1 update=658 draw=12676 present=835 map=37
video: scene=35 tick=52 vblank=4705 hash=83ee8f95
timing: frame scene=35 tick=1973 clock=20083390 updates=1 update=658 draw=12677 present=834 map=37
video: scene=35 tick=53 vblank=4709 hash=83ee8f95
timing: frame scene=35 tick=1974 clock=20100946 updates=1 update=658 draw=12677 present=834 map=37
video: scene=35 tick=54 vblank=4713 hash=83ee8f95
timing: frame scene=35 tick=1975 clock=20118502 updates=1 update=715 draw=12676 present=834 map=37
video: scene=35 tick=55 vblank=4717 hash=83ee8f95
timing: frame scene=35 tick=1976 clock=20136058 updates=1 update=658 draw=12677 present=834 map=37
video: scene=35 tick=56 vblank=4721 hash=83ee8f95
timing: frame scene=35 tick=1977 clock=20153614 updates=1 update=659 draw=12676 present=834 map=37
video: scene=35 tick=57 vblank=4725 hash=83ee8f95
timing: frame scene=35 tick=1978 clock=20171170 updates=1 update=661 draw=12676 present=834 map=37
prof f1978 ticks(avg) wait=2584 upd=961 draw/render=11958 present/render=822 dump=348 total=16057 max=35255 renders=57
video: scene=35 tick=58 vblank=4729 hash=83ee8f95
timing: frame scene=35 tick=1979 clock=20188726 updates=1 update=725 draw=12676 present=835 map=37
video: scene=35 tick=59 vblank=4733 hash=06f7dfa9
timing: frame scene=35 tick=1980 clock=20206282 updates=1 update=661 draw=12676 present=834 map=37
video: scene=35 tick=60 vblank=4737 hash=06f7dfa9
timing: frame scene=35 tick=1981 clock=20223838 updates=1 update=661 draw=12676 present=834 map=37
video: scene=35 tick=61 vblank=4741 hash=06f7dfa9
timing: frame scene=35 tick=1982 clock=20241394 updates=1 update=912 draw=12676 present=834 map=37
video: scene=35 tick=62 vblank=4745 hash=06f7dfa9
timing: frame scene=35 tick=1983 clock=20258950 updates=1 update=658 draw=12676 present=835 map=37
video: scene=35 tick=63 vblank=4749 hash=06f7dfa9
timing: frame scene=35 tick=1984 clock=20276506 updates=1 update=658 draw=12676 present=835 map=37
video: scene=35 tick=64 vblank=4753 hash=06f7dfa9
timing: frame scene=35 tick=1985 clock=20294062 updates=1 update=658 draw=12676 present=835 map=37
video: scene=35 tick=65 vblank=4757 hash=06f7dfa9
timing: frame scene=35 tick=1986 clock=20311618 updates=1 update=721 draw=12676 present=834 map=37
video: scene=35 tick=66 vblank=4761 hash=06f7dfa9
timing: frame scene=35 tick=1987 clock=20329174 updates=1 update=658 draw=12915 present=834 map=37
video: scene=35 tick=67 vblank=4765 hash=06f7dfa9
timing: frame scene=35 tick=1988 clock=20346730 updates=1 update=1083 draw=2096 present=867 map=37
video: scene=35 tick=68 vblank=4766 hash=06f7dfa9
timing: frame scene=35 tick=1989 clock=20351196 updates=1 update=810 draw=3676 present=835 map=37
video: scene=35 tick=69 vblank=4768 hash=37bbc471
timing: frame scene=35 tick=1990 clock=20359898 updates=1 update=912 draw=3767 present=834 map=37
video: scene=35 tick=70 vblank=4770 hash=b1dac480
timing: frame scene=35 tick=1991 clock=20368675 updates=1 update=910 draw=3857 present=834 map=37
video: scene=35 tick=71 vblank=4772 hash=53c2d324
timing: frame scene=35 tick=1992 clock=20377453 updates=1 update=971 draw=3678 present=834 map=37
video: scene=35 tick=72 vblank=4774 hash=6841492d
timing: frame scene=35 tick=1993 clock=20386231 updates=1 update=910 draw=3676 present=834 map=37
video: scene=35 tick=73 vblank=4776 hash=086e8516
timing: frame scene=35 tick=1994 clock=20395009 updates=1 update=912 draw=3681 present=834 map=37
video: scene=35 tick=74 vblank=4778 hash=b32e82b7
timing: frame scene=35 tick=1995 clock=20403787 updates=1 update=910 draw=3771 present=834 map=37
video: scene=35 tick=75 vblank=4780 hash=28ce0b94
timing: frame scene=35 tick=1996 clock=20412565 updates=1 update=1179 draw=3676 present=834 map=37
video: scene=35 tick=76 vblank=4782 hash=52b58c67
timing: frame scene=35 tick=1997 clock=20421343 updates=1 update=913 draw=3676 present=834 map=37
video: scene=35 tick=77 vblank=4784 hash=dd3e138e
timing: frame scene=35 tick=1998 clock=20430121 updates=1 update=912 draw=3766 present=834 map=37
video: scene=35 tick=78 vblank=4786 hash=c6110caa
timing: frame scene=35 tick=1999 clock=20438899 updates=1 update=1147 draw=3856 present=834 map=37
video: scene=35 tick=79 vblank=4788 hash=71d577f4
timing: frame scene=35 tick=2000 clock=20447677 updates=1 update=911 draw=3678 present=834 map=37
video: scene=35 tick=80 vblank=4790 hash=e4bd5c51
timing: frame scene=35 tick=2001 clock=20456455 updates=1 update=909 draw=3676 present=834 map=37
video: scene=35 tick=81 vblank=4792 hash=21611239
timing: frame scene=35 tick=2002 clock=20465233 updates=1 update=911 draw=3680 present=835 map=37
video: scene=35 tick=82 vblank=4794 hash=cc54ff51
timing: frame scene=35 tick=2003 clock=20474011 updates=1 update=909 draw=3771 present=834 map=37
video: scene=35 tick=83 vblank=4796 hash=6a506635
timing: frame scene=35 tick=2004 clock=20482789 updates=1 update=1175 draw=3677 present=834 map=37
video: scene=35 tick=84 vblank=4798 hash=fe9e8484
timing: frame scene=35 tick=2005 clock=20491567 updates=1 update=909 draw=3676 present=834 map=37
video: scene=35 tick=85 vblank=4800 hash=9acf9785
frame=4800 status=0087 volume=7777
timing: frame scene=35 tick=2006 clock=20500345 updates=1 update=911 draw=3766 present=834 map=37
video: scene=35 tick=86 vblank=4802 hash=4e039b92
timing: frame scene=35 tick=2007 clock=20509123 updates=1 update=959 draw=3857 present=834 map=37
video: scene=35 tick=87 vblank=4804 hash=0522aea9
timing: frame scene=35 tick=2008 clock=20517901 updates=1 update=911 draw=3678 present=834 map=37
video: scene=35 tick=88 vblank=4806 hash=cb165f5a
timing: frame scene=35 tick=2009 clock=20526679 updates=1 update=909 draw=3676 present=834 map=37
video: scene=35 tick=89 vblank=4808 hash=2087568d
timing: frame scene=35 tick=2010 clock=20535457 updates=1 update=912 draw=3681 present=834 map=37
video: scene=35 tick=90 vblank=4810 hash=d33e55a6
prof f2038 ticks(avg) wait=2911 upd=828 draw/render=6052 present/render=834 dump=191 total=8005 max=17778 renders=34
timing: frame scene=36 tick=2041 clock=20680292 updates=1 update=736 draw=358 present=6 map=37
timing: frame scene=36 tick=2042 clock=20684681 updates=1 update=789 draw=2096 present=168 map=37
video: scene=36 tick=1 vblank=4842 hash=19a2ac25
video: scene=36 tick=2 vblank=4843 hash=4ef45a4d
timing: frame scene=36 tick=2043 clock=20689073 updates=1 update=1942 draw=3709 present=834 map=37
video: scene=36 tick=3 vblank=4845 hash=9b8ea9b8
timing: frame scene=36 tick=2044 clock=20697850 updates=1 update=911 draw=3799 present=834 map=37
video: scene=36 tick=4 vblank=4847 hash=4f3e614f
timing: frame scene=36 tick=2045 clock=20706628 updates=1 update=972 draw=3888 present=835 map=37
video: scene=36 tick=5 vblank=4849 hash=d9a53a02
timing: frame scene=36 tick=2046 clock=20715406 updates=1 update=913 draw=3698 present=835 map=37
video: scene=36 tick=6 vblank=4851 hash=d11af632
timing: frame scene=36 tick=2047 clock=20724184 updates=1 update=910 draw=3709 present=834 map=37
video: scene=36 tick=7 vblank=4853 hash=d595a9e8
timing: frame scene=36 tick=2048 clock=20732962 updates=1 update=911 draw=3714 present=834 map=37
video: scene=36 tick=8 vblank=4855 hash=39623d46
timing: frame scene=36 tick=2049 clock=20741740 updates=1 update=910 draw=3803 present=834 map=37
video: scene=36 tick=9 vblank=4857 hash=7c4c7d8e
timing: frame scene=36 tick=2050 clock=20750518 updates=1 update=1172 draw=3696 present=835 map=37
video: scene=36 tick=10 vblank=4859 hash=a88d1440
timing: frame scene=36 tick=2051 clock=20759296 updates=1 update=912 draw=3709 present=834 map=37
video: scene=36 tick=11 vblank=4861 hash=b5a4026b
timing: frame scene=36 tick=2052 clock=20768074 updates=1 update=1216 draw=3799 present=834 map=37
video: scene=36 tick=12 vblank=4863 hash=b555af40
timing: frame scene=36 tick=2053 clock=20776852 updates=1 update=908 draw=3889 present=835 map=37
video: scene=36 tick=13 vblank=4865 hash=1c1fa845
timing: frame scene=36 tick=2054 clock=20785630 updates=1 update=910 draw=3698 present=834 map=37
video: scene=36 tick=14 vblank=4867 hash=d8f69c11
timing: frame scene=36 tick=2055 clock=20794408 updates=1 update=908 draw=3709 present=835 map=37
video: scene=36 tick=15 vblank=4869 hash=c6392a1d
timing: frame scene=36 tick=2056 clock=20803186 updates=1 update=967 draw=3714 present=834 map=37
video: scene=36 tick=16 vblank=4871 hash=7f797f27
timing: frame scene=36 tick=2057 clock=20811964 updates=1 update=908 draw=3804 present=834 map=37
video: scene=36 tick=17 vblank=4873 hash=d3afffc8
timing: frame scene=36 tick=2058 clock=20820742 updates=1 update=1177 draw=3696 present=834 map=37
video: scene=36 tick=18 vblank=4875 hash=5c8b6c1f
timing: frame scene=36 tick=2059 clock=20829520 updates=1 update=908 draw=3709 present=834 map=37
video: scene=36 tick=19 vblank=4877 hash=d43a3608
timing: frame scene=36 tick=2060 clock=20838298 updates=1 update=1016 draw=3799 present=835 map=37
video: scene=36 tick=20 vblank=4879 hash=7a321bc1
timing: frame scene=36 tick=2061 clock=20847076 updates=1 update=908 draw=3889 present=834 map=37
video: scene=36 tick=21 vblank=4881 hash=c225d8c0
timing: frame scene=36 tick=2062 clock=20855854 updates=1 update=910 draw=3698 present=834 map=37
video: scene=36 tick=22 vblank=4883 hash=48d1e9e9
timing: frame scene=36 tick=2063 clock=20864632 updates=1 update=908 draw=3709 present=835 map=37
video: scene=36 tick=23 vblank=4885 hash=0496a3e5
timing: frame scene=36 tick=2064 clock=20873410 updates=1 update=910 draw=3713 present=835 map=37
video: scene=36 tick=24 vblank=4887 hash=7da75de9
timing: frame scene=36 tick=2065 clock=20882188 updates=1 update=910 draw=3803 present=834 map=37
video: scene=36 tick=25 vblank=4889 hash=83dddc19
timing: frame scene=36 tick=2066 clock=20890966 updates=1 update=1290 draw=3455 present=835 map=37
video: scene=36 tick=26 vblank=4891 hash=9d34a769
timing: frame scene=36 tick=2067 clock=20899744 updates=1 update=550 draw=12672 present=834 map=37
video: scene=36 tick=27 vblank=4895 hash=9d34a769
timing: frame scene=36 tick=2068 clock=20917300 updates=1 update=684 draw=12672 present=834 map=37
video: scene=36 tick=28 vblank=4899 hash=9d34a769
timing: frame scene=36 tick=2069 clock=20934856 updates=1 update=633 draw=12672 present=835 map=37
video: scene=36 tick=29 vblank=4903 hash=9d34a769
timing: frame scene=36 tick=2070 clock=20952412 updates=1 update=637 draw=12672 present=834 map=37
video: scene=36 tick=30 vblank=4907 hash=9d34a769
timing: frame scene=36 tick=2071 clock=20969968 updates=1 update=922 draw=12672 present=835 map=37
video: scene=36 tick=31 vblank=4911 hash=9d34a769
timing: frame scene=36 tick=2072 clock=20987524 updates=1 update=679 draw=12672 present=834 map=37
video: scene=36 tick=32 vblank=4915 hash=9d34a769
timing: frame scene=36 tick=2073 clock=21005080 updates=1 update=631 draw=12672 present=834 map=37
video: scene=36 tick=33 vblank=4919 hash=9d34a769
timing: frame scene=36 tick=2074 clock=21022636 updates=1 update=631 draw=12672 present=834 map=37
video: scene=36 tick=34 vblank=4923 hash=29e0af1d
timing: frame scene=36 tick=2075 clock=21040192 updates=1 update=735 draw=12672 present=834 map=37
video: scene=36 tick=35 vblank=4927 hash=29e0af1d
timing: frame scene=36 tick=2076 clock=21057748 updates=1 update=631 draw=12672 present=834 map=37
video: scene=36 tick=36 vblank=4931 hash=29e0af1d
timing: frame scene=36 tick=2077 clock=21075304 updates=1 update=670 draw=12672 present=834 map=37
video: scene=36 tick=37 vblank=4935 hash=29e0af1d
timing: frame scene=36 tick=2078 clock=21092860 updates=1 update=663 draw=12672 present=835 map=37
video: scene=36 tick=38 vblank=4939 hash=29e0af1d
timing: frame scene=36 tick=2079 clock=21110416 updates=1 update=959 draw=12672 present=834 map=37
video: scene=36 tick=39 vblank=4943 hash=29e0af1d
timing: frame scene=36 tick=2080 clock=21127972 updates=1 update=658 draw=12673 present=834 map=37
video: scene=36 tick=40 vblank=4947 hash=29e0af1d
timing: frame scene=36 tick=2081 clock=21145528 updates=1 update=659 draw=12672 present=834 map=37
video: scene=36 tick=41 vblank=4951 hash=29e0af1d
timing: frame scene=36 tick=2082 clock=21163084 updates=1 update=718 draw=12672 present=834 map=37
video: scene=36 tick=42 vblank=4955 hash=a379e145
timing: frame scene=36 tick=2083 clock=21180640 updates=1 update=659 draw=12672 present=834 map=37
video: scene=36 tick=43 vblank=4959 hash=a379e145
timing: frame scene=36 tick=2084 clock=21198196 updates=1 update=659 draw=12672 present=834 map=37
video: scene=36 tick=44 vblank=4963 hash=a379e145
timing: frame scene=36 tick=2085 clock=21215752 updates=1 update=660 draw=12672 present=835 map=37
video: scene=36 tick=45 vblank=4967 hash=a379e145
timing: frame scene=36 tick=2086 clock=21233308 updates=1 update=789 draw=12672 present=834 map=37
video: scene=36 tick=46 vblank=4971 hash=a379e145
timing: frame scene=36 tick=2087 clock=21250864 updates=1 update=663 draw=12672 present=835 map=37
video: scene=36 tick=47 vblank=4975 hash=a379e145
timing: frame scene=36 tick=2088 clock=21268420 updates=1 update=661 draw=12672 present=834 map=37
video: scene=36 tick=48 vblank=4979 hash=a379e145
timing: frame scene=36 tick=2089 clock=21285976 updates=1 update=664 draw=12672 present=834 map=37
video: scene=36 tick=49 vblank=4983 hash=a379e145
timing: frame scene=36 tick=2090 clock=21303532 updates=1 update=967 draw=12672 present=834 map=37
video: scene=36 tick=50 vblank=4987 hash=485915c5
timing: frame scene=36 tick=2091 clock=21321088 updates=1 update=659 draw=12672 present=834 map=37
video: scene=36 tick=51 vblank=4991 hash=485915c5
timing: frame scene=36 tick=2092 clock=21338644 updates=1 update=658 draw=12672 present=835 map=37
video: scene=36 tick=52 vblank=4995 hash=485915c5
timing: frame scene=36 tick=2093 clock=21356200 updates=1 update=659 draw=12672 present=834 map=37
video: scene=36 tick=53 vblank=4999 hash=485915c5
timing: frame scene=36 tick=2094 clock=21373756 updates=1 update=718 draw=12672 present=834 map=37
video: scene=36 tick=54 vblank=5003 hash=485915c5
timing: frame scene=36 tick=2095 clock=21391312 updates=1 update=659 draw=12672 present=834 map=37
video: scene=36 tick=55 vblank=5007 hash=485915c5
timing: frame scene=36 tick=2096 clock=21408868 updates=1 update=660 draw=12672 present=834 map=37
video: scene=36 tick=56 vblank=5011 hash=485915c5
timing: frame scene=36 tick=2097 clock=21426424 updates=1 update=776 draw=12672 present=834 map=37
video: scene=36 tick=57 vblank=5015 hash=485915c5
timing: frame scene=36 tick=2098 clock=21443980 updates=1 update=663 draw=12669 present=835 map=37
prof f2098 ticks(avg) wait=2872 upd=825 draw/render=8726 present/render=821 dump=347 total=13134 max=17830 renders=57
video: scene=36 tick=58 vblank=5019 hash=485915c5
timing: frame scene=36 tick=2099 clock=21461536 updates=1 update=19491 draw=29154 present=834 map=0
video: scene=36 tick=59 vblank=5031 hash=dffa7cd9
timing: frame scene=36 tick=2100 clock=21514204 updates=1 update=3247 draw=12814 present=835 map=0
video: scene=36 tick=60 vblank=5035 hash=dffa7cd9
timing: frame scene=36 tick=2101 clock=21531760 updates=1 update=659 draw=12815 present=834 map=0
video: scene=36 tick=61 vblank=5039 hash=dffa7cd9
timing: frame scene=36 tick=2102 clock=21549316 updates=1 update=659 draw=12815 present=834 map=0
video: scene=36 tick=62 vblank=5043 hash=dffa7cd9
timing: frame scene=36 tick=2103 clock=21566872 updates=1 update=774 draw=12815 present=834 map=0
video: scene=36 tick=63 vblank=5047 hash=dffa7cd9
timing: frame scene=36 tick=2104 clock=21584428 updates=1 update=659 draw=12815 present=834 map=0
video: scene=36 tick=64 vblank=5051 hash=dffa7cd9
timing: frame scene=36 tick=2105 clock=21601984 updates=1 update=660 draw=12814 present=835 map=0
video: scene=36 tick=65 vblank=5055 hash=dffa7cd9
timing: frame scene=36 tick=2106 clock=21619540 updates=1 update=664 draw=12815 present=834 map=0
video: scene=36 tick=66 vblank=5059 hash=dffa7cd9
timing: frame scene=36 tick=2107 clock=21637096 updates=1 update=959 draw=12815 present=834 map=0
video: scene=36 tick=67 vblank=5063 hash=1c86a385
timing: frame scene=36 tick=2108 clock=21654652 updates=1 update=659 draw=12815 present=834 map=0
video: scene=36 tick=68 vblank=5067 hash=1c86a385
timing: frame scene=36 tick=2109 clock=21672208 updates=1 update=659 draw=12815 present=834 map=0
video: scene=36 tick=69 vblank=5071 hash=1c86a385
timing: frame scene=36 tick=2110 clock=21689764 updates=1 update=659 draw=12815 present=834 map=0
video: scene=36 tick=70 vblank=5075 hash=1c86a385
timing: frame scene=36 tick=2111 clock=21707320 updates=1 update=659 draw=12815 present=834 map=0
video: scene=36 tick=71 vblank=5079 hash=1c86a385
timing: frame scene=36 tick=2112 clock=21724876 updates=1 update=659 draw=12815 present=834 map=0
video: scene=36 tick=72 vblank=5083 hash=1c86a385
timing: frame scene=36 tick=2113 clock=21742432 updates=1 update=661 draw=12815 present=834 map=0
video: scene=36 tick=73 vblank=5087 hash=1c86a385
timing: frame scene=36 tick=2114 clock=21759988 updates=1 update=717 draw=12815 present=834 map=0
video: scene=36 tick=74 vblank=5091 hash=1c86a385
timing: frame scene=36 tick=2115 clock=21777544 updates=1 update=664 draw=12815 present=834 map=0
video: scene=36 tick=75 vblank=5095 hash=a418a436
timing: frame scene=36 tick=2116 clock=21795100 updates=1 update=662 draw=12814 present=834 map=0
video: scene=36 tick=76 vblank=5099 hash=a418a436
frame=5100 status=0087 volume=7777
timing: frame scene=36 tick=2117 clock=21812656 updates=1 update=664 draw=12814 present=835 map=0
video: scene=36 tick=77 vblank=5103 hash=a418a436
timing: frame scene=36 tick=2118 clock=21830212 updates=1 update=959 draw=12815 present=834 map=0
video: scene=36 tick=78 vblank=5107 hash=a418a436
timing: frame scene=36 tick=2119 clock=21847768 updates=1 update=661 draw=12815 present=834 map=0
video: scene=36 tick=79 vblank=5111 hash=a418a436
timing: frame scene=36 tick=2120 clock=21865324 updates=1 update=661 draw=12814 present=835 map=0
video: scene=36 tick=80 vblank=5115 hash=a418a436
timing: frame scene=36 tick=2121 clock=21882880 updates=1 update=659 draw=12815 present=834 map=0
video: scene=36 tick=81 vblank=5119 hash=a418a436
timing: frame scene=36 tick=2122 clock=21900436 updates=1 update=709 draw=12815 present=834 map=0
video: scene=36 tick=82 vblank=5123 hash=a418a436
timing: frame scene=36 tick=2123 clock=21917992 updates=1 update=659 draw=13113 present=834 map=0
video: scene=36 tick=83 vblank=5127 hash=a418a436
timing: frame scene=36 tick=2124 clock=21935548 updates=1 update=4168 draw=3194 present=867 map=0
video: scene=36 tick=84 vblank=5129 hash=7f55e051
timing: frame scene=36 tick=2125 clock=21944326 updates=1 update=9544 draw=3195 present=184 map=0
video: scene=36 tick=85 vblank=5132 hash=e4b7cbb3
timing: frame scene=36 tick=2126 clock=21957667 updates=1 update=4051 draw=3229 present=184 map=0
video: scene=36 tick=86 vblank=5134 hash=17289821
timing: frame scene=36 tick=2127 clock=21966272 updates=1 update=1057 draw=4784 present=834 map=0
video: scene=36 tick=87 vblank=5136 hash=244eab46
timing: frame scene=36 tick=2128 clock=21975049 updates=1 update=1057 draw=4870 present=835 map=0
video: scene=36 tick=88 vblank=5138 hash=42b61265
timing: frame scene=36 tick=2129 clock=21983827 updates=1 update=1057 draw=4960 present=834 map=0
video: scene=36 tick=89 vblank=5140 hash=6c3c0742
timing: frame scene=36 tick=2130 clock=21992605 updates=1 update=1058 draw=4774 present=835 map=0
timing: DONE
samples=7591960 nonzero=4287720 active_channels=f
