[mgba] timing: START pallet-route1 tick=4390
[mgba] timing: frame scene=1 tick=4391 clock=23421666 updates=1 update=461 draw=215 present=3 map=0
[mgba] timing: frame scene=1 tick=4392 clock=23426055 updates=1 update=494 draw=1136 present=60 map=0
[mgba] timing: frame scene=1 tick=4393 clock=23430446 updates=1 update=1483 draw=2465 present=798 map=0
[mgba] timing: frame scene=1 tick=4394 clock=23435417 updates=1 update=507 draw=2508 present=798 map=0
[mgba] timing: frame scene=1 tick=4395 clock=23443613 updates=1 update=508 draw=6534 present=785 map=0
[mgba] timing: frame scene=1 tick=4396 clock=23452389 updates=1 update=508 draw=7998 present=798 map=0
[mgba] timing: frame scene=1 tick=4397 clock=23461915 updates=1 update=504 draw=2474 present=798 map=0
[mgba] timing: frame scene=1 tick=4398 clock=23469947 updates=1 update=503 draw=2456 present=786 map=0
[mgba] timing: frame scene=1 tick=4399 clock=23474336 updates=1 update=503 draw=2495 present=785 map=0
[mgba] timing: frame scene=1 tick=4400 clock=23478725 updates=1 update=2522 draw=4573 present=786 map=0
[mgba] timing: frame scene=1 tick=4401 clock=23487501 updates=1 update=284 draw=2553 present=785 map=0
[mgba] timing: frame scene=1 tick=4402 clock=23491892 updates=1 update=284 draw=2593 present=786 map=0
[mgba] timing: frame scene=1 tick=4403 clock=23496281 updates=1 update=284 draw=2633 present=786 map=0
[mgba] timing: frame scene=1 tick=4404 clock=23500670 updates=1 update=284 draw=2548 present=786 map=0
[mgba] timing: frame scene=1 tick=4405 clock=23505059 updates=1 update=284 draw=2553 present=785 map=0
[mgba] timing: frame scene=1 tick=4406 clock=23509448 updates=1 update=284 draw=2533 present=786 map=0
[mgba] timing: frame scene=1 tick=4407 clock=23513837 updates=1 update=284 draw=2573 present=786 map=0
[mgba] timing: frame scene=1 tick=4408 clock=23518226 updates=1 update=4734 draw=6973 present=786 map=12
[mgba] timing: frame scene=1 tick=4409 clock=23531391 updates=1 update=1465 draw=1240 present=789 map=12
[mgba] timing: frame scene=1 tick=4410 clock=23535782 updates=1 update=459 draw=2540 present=786 map=12
[mgba] timing: frame scene=1 tick=4411 clock=23540171 updates=1 update=460 draw=2583 present=785 map=12
[mgba] timing: frame scene=1 tick=4412 clock=23544560 updates=1 update=459 draw=2622 present=785 map=12
[mgba] timing: frame scene=1 tick=4413 clock=23548949 updates=1 update=460 draw=2538 present=785 map=12
[mgba] timing: frame scene=1 tick=4414 clock=23553338 updates=1 update=459 draw=2540 present=785 map=12
[mgba] timing: frame scene=1 tick=4415 clock=23557727 updates=1 update=460 draw=2521 present=785 map=12
[mgba] timing: frame scene=1 tick=4416 clock=23562116 updates=1 update=459 draw=2560 present=785 map=12
[mgba] timing: frame scene=1 tick=4417 clock=23566505 updates=1 update=623 draw=2536 present=786 map=12
[mgba] timing: frame scene=1 tick=4418 clock=23570894 updates=1 update=459 draw=2540 present=785 map=12
[mgba] timing: frame scene=1 tick=4419 clock=23575283 updates=1 update=460 draw=2582 present=785 map=12
[mgba] timing: frame scene=1 tick=4420 clock=23579672 updates=1 update=459 draw=2621 present=785 map=12
[mgba] timing: frame scene=1 tick=4421 clock=23584061 updates=1 update=460 draw=2537 present=785 map=12
[mgba] timing: frame scene=1 tick=4422 clock=23588450 updates=1 update=459 draw=2540 present=785 map=12
[mgba] timing: frame scene=1 tick=4423 clock=23592839 updates=1 update=460 draw=2521 present=785 map=12
[mgba] timing: frame scene=1 tick=4424 clock=23597228 updates=1 update=459 draw=2560 present=785 map=12
[mgba] timing: frame scene=1 tick=4425 clock=23601617 updates=1 update=623 draw=2536 present=786 map=12
[mgba] timing: frame scene=1 tick=4426 clock=23606006 updates=1 update=459 draw=2540 present=785 map=12
[mgba] timing: frame scene=1 tick=4427 clock=23610395 updates=1 update=460 draw=2582 present=785 map=12
[mgba] timing: frame scene=1 tick=4428 clock=23614784 updates=1 update=460 draw=6563 present=785 map=12
[mgba] timing: frame scene=1 tick=4429 clock=23623560 updates=1 update=461 draw=6226 present=785 map=12
[mgba] timing: frame scene=1 tick=4430 clock=23632338 updates=1 update=460 draw=2539 present=786 map=12
[mgba] timing: frame scene=1 tick=4431 clock=23636729 updates=1 update=460 draw=2521 present=785 map=12
[mgba] timing: frame scene=1 tick=4432 clock=23641118 updates=1 update=459 draw=2560 present=785 map=12
[mgba] timing: frame scene=1 tick=4433 clock=23645507 updates=1 update=621 draw=2536 present=786 map=12
[mgba] timing: frame scene=1 tick=4434 clock=23649896 updates=1 update=459 draw=2540 present=785 map=12
[mgba] timing: frame scene=1 tick=4435 clock=23654285 updates=1 update=460 draw=2582 present=785 map=12
[mgba] timing: frame scene=1 tick=4436 clock=23658674 updates=1 update=459 draw=2621 present=785 map=12
[mgba] timing: frame scene=1 tick=4437 clock=23663063 updates=1 update=460 draw=2537 present=785 map=12
[mgba] timing: frame scene=1 tick=4438 clock=23667452 updates=1 update=459 draw=2540 present=785 map=12
[mgba] timing: frame scene=1 tick=4439 clock=23671841 updates=1 update=461 draw=2521 present=785 map=12
[mgba] timing: frame scene=1 tick=4440 clock=23676230 updates=1 update=459 draw=2560 present=785 map=12
[mgba] timing: frame scene=1 tick=4441 clock=23680619 updates=1 update=632 draw=2501 present=785 map=12
[mgba] timing: frame scene=1 tick=4442 clock=23685008 updates=1 update=459 draw=2504 present=786 map=12
[mgba] timing: frame scene=1 tick=4443 clock=23689397 updates=1 update=460 draw=2546 present=786 map=12
[mgba] timing: frame scene=1 tick=4444 clock=23693786 updates=1 update=459 draw=2586 present=785 map=12
[mgba] timing: frame scene=1 tick=4445 clock=23698175 updates=1 update=460 draw=2501 present=786 map=12
[mgba] timing: frame scene=1 tick=4446 clock=23702564 updates=1 update=459 draw=2504 present=786 map=12
[mgba] timing: frame scene=1 tick=4447 clock=23706953 updates=1 update=460 draw=2486 present=785 map=12
[mgba] timing: frame scene=1 tick=4448 clock=23711342 updates=1 update=459 draw=2525 present=785 map=12
[mgba] timing: frame scene=1 tick=4449 clock=23715731 updates=1 update=619 draw=6097 present=785 map=12
[mgba] timing: frame scene=1 tick=4450 clock=23724507 updates=1 update=461 draw=2504 present=785 map=12
[mgba] timing: frame scene=1 tick=4451 clock=23728898 updates=1 update=460 draw=2546 present=786 map=12
[mgba] timing: frame scene=1 tick=4452 clock=23733287 updates=1 update=459 draw=2586 present=785 map=12
[mgba] timing: frame scene=1 tick=4453 clock=23737676 updates=1 update=460 draw=2501 present=786 map=12
[mgba] timing: frame scene=1 tick=4454 clock=23742065 updates=1 update=459 draw=2506 present=786 map=12
[mgba] timing: frame scene=1 tick=4455 clock=23746454 updates=1 update=460 draw=2487 present=786 map=12
[mgba] timing: frame scene=1 tick=4456 clock=23750843 updates=1 update=459 draw=2527 present=785 map=12
[mgba] timing: frame scene=1 tick=4457 clock=23755232 updates=1 update=618 draw=2503 present=785 map=12
[mgba] timing: frame scene=1 tick=4458 clock=23759621 updates=1 update=459 draw=2606 present=785 map=12
[mgba] timing: frame scene=1 tick=4459 clock=23764010 updates=1 update=460 draw=2678 present=785 map=12
[mgba] timing: frame scene=1 tick=4460 clock=23768399 updates=1 update=459 draw=2745 present=785 map=12
[mgba] timing: START route1-viridian tick=4550
[mgba] timing: frame scene=2 tick=4551 clock=24426747 updates=1 update=424 draw=244 present=2 map=12
[mgba] timing: frame scene=2 tick=4552 clock=24431136 updates=1 update=455 draw=1191 present=60 map=12
[mgba] timing: frame scene=2 tick=4553 clock=24435527 updates=1 update=461 draw=2519 present=785 map=12
[mgba] timing: frame scene=2 tick=4554 clock=24439916 updates=1 update=462 draw=2562 present=785 map=12
[mgba] timing: frame scene=2 tick=4555 clock=24444305 updates=1 update=462 draw=6588 present=785 map=12
[mgba] timing: frame scene=2 tick=4556 clock=24453081 updates=1 update=464 draw=8023 present=798 map=12
[mgba] timing: frame scene=2 tick=4557 clock=24462589 updates=1 update=461 draw=2526 present=798 map=12
[mgba] timing: frame scene=2 tick=4558 clock=24470639 updates=1 update=462 draw=2508 present=785 map=12
[mgba] timing: frame scene=2 tick=4559 clock=24475028 updates=1 update=462 draw=2546 present=785 map=12
[mgba] timing: frame scene=2 tick=4560 clock=24479417 updates=1 update=5064 draw=8366 present=785 map=12
[mgba] timing: frame scene=2 tick=4561 clock=24496971 updates=1 update=283 draw=2855 present=785 map=12
[mgba] timing: frame scene=2 tick=4562 clock=24501362 updates=1 update=282 draw=2896 present=786 map=12
[mgba] timing: frame scene=2 tick=4563 clock=24505751 updates=1 update=282 draw=2936 present=785 map=12
[mgba] timing: frame scene=2 tick=4564 clock=24510140 updates=1 update=282 draw=2851 present=786 map=12
[mgba] timing: frame scene=2 tick=4565 clock=24514529 updates=1 update=282 draw=2855 present=785 map=12
[mgba] timing: frame scene=2 tick=4566 clock=24518918 updates=1 update=282 draw=2835 present=786 map=12
[mgba] timing: frame scene=2 tick=4567 clock=24523307 updates=1 update=282 draw=2875 present=786 map=12
[mgba] timing: frame scene=2 tick=4568 clock=24527696 updates=1 update=8561 draw=7645 present=785 map=1
[mgba] timing: frame scene=2 tick=4569 clock=24545250 updates=1 update=1675 draw=1769 present=789 map=1
[mgba] timing: frame scene=2 tick=4570 clock=24549721 updates=1 update=689 draw=3070 present=798 map=1
[mgba] timing: frame scene=2 tick=4571 clock=24558419 updates=1 update=689 draw=3111 present=798 map=1
[mgba] timing: frame scene=2 tick=4572 clock=24563239 updates=1 update=689 draw=3151 present=798 map=1
[mgba] timing: frame scene=2 tick=4573 clock=24571586 updates=1 update=689 draw=3066 present=798 map=1
[mgba] timing: frame scene=2 tick=4574 clock=24576361 updates=1 update=689 draw=3070 present=798 map=1
[mgba] timing: frame scene=2 tick=4575 clock=24584753 updates=1 update=689 draw=3050 present=798 map=1
[mgba] timing: frame scene=2 tick=4576 clock=24589512 updates=1 update=690 draw=3089 present=799 map=1
[mgba] timing: frame scene=2 tick=4577 clock=24597920 updates=1 update=843 draw=3066 present=798 map=1
[mgba] timing: frame scene=2 tick=4578 clock=24602849 updates=1 update=689 draw=3069 present=798 map=1
[mgba] timing: frame scene=2 tick=4579 clock=24611087 updates=1 update=689 draw=3111 present=798 map=1
[mgba] timing: frame scene=2 tick=4580 clock=24615907 updates=1 update=689 draw=3151 present=799 map=1
[mgba] timing: frame scene=2 tick=4581 clock=24624254 updates=1 update=689 draw=3066 present=798 map=1
[mgba] timing: frame scene=2 tick=4582 clock=24629029 updates=1 update=690 draw=3070 present=798 map=1
[mgba] timing: frame scene=2 tick=4583 clock=24637421 updates=1 update=689 draw=3051 present=799 map=1
[mgba] timing: frame scene=2 tick=4584 clock=24642182 updates=1 update=691 draw=3090 present=798 map=1
[mgba] timing: frame scene=2 tick=4585 clock=24650588 updates=1 update=813 draw=3065 present=798 map=1
[mgba] timing: frame scene=2 tick=4586 clock=24655486 updates=1 update=674 draw=3068 present=799 map=1
[mgba] timing: frame scene=2 tick=4587 clock=24663755 updates=1 update=674 draw=3110 present=798 map=1
[mgba] timing: frame scene=2 tick=4588 clock=24668559 updates=1 update=674 draw=7091 present=799 map=1
[mgba] timing: frame scene=2 tick=4589 clock=24677345 updates=1 update=675 draw=6746 present=785 map=1
[mgba] timing: frame scene=2 tick=4590 clock=24685786 updates=1 update=674 draw=3068 present=798 map=1
[mgba] timing: frame scene=2 tick=4591 clock=24694478 updates=1 update=674 draw=3048 present=798 map=1
[mgba] timing: frame scene=2 tick=4592 clock=24699220 updates=1 update=674 draw=3088 present=799 map=1
[mgba] timing: frame scene=2 tick=4593 clock=24707645 updates=1 update=813 draw=3064 present=798 map=1
[mgba] timing: frame scene=2 tick=4594 clock=24712542 updates=1 update=673 draw=3069 present=798 map=1
[mgba] timing: frame scene=2 tick=4595 clock=24720812 updates=1 update=674 draw=3109 present=798 map=1
[mgba] timing: frame scene=2 tick=4596 clock=24725615 updates=1 update=674 draw=3149 present=798 map=1
[mgba] timing: frame scene=2 tick=4597 clock=24733979 updates=1 update=674 draw=3064 present=798 map=1
[mgba] timing: frame scene=2 tick=4598 clock=24738737 updates=1 update=674 draw=3068 present=798 map=1
[mgba] timing: frame scene=2 tick=4599 clock=24747146 updates=1 update=674 draw=3048 present=798 map=1
[mgba] timing: frame scene=2 tick=4600 clock=24751888 updates=1 update=674 draw=3088 present=799 map=1
[mgba] timing: frame scene=2 tick=4601 clock=24760313 updates=1 update=813 draw=3064 present=799 map=1
[mgba] timing: frame scene=2 tick=4602 clock=24765210 updates=1 update=674 draw=3068 present=798 map=1
[mgba] timing: frame scene=2 tick=4603 clock=24773480 updates=1 update=674 draw=3109 present=798 map=1
[mgba] timing: frame scene=2 tick=4604 clock=24778283 updates=1 update=674 draw=3149 present=798 map=1
[mgba] timing: frame scene=2 tick=4605 clock=24786647 updates=1 update=674 draw=3064 present=798 map=1
[mgba] timing: frame scene=2 tick=4606 clock=24791405 updates=1 update=674 draw=3068 present=798 map=1
[mgba] timing: frame scene=2 tick=4607 clock=24799814 updates=1 update=674 draw=3048 present=798 map=1
[mgba] timing: frame scene=2 tick=4608 clock=24804556 updates=1 update=674 draw=3088 present=799 map=1
[mgba] timing: frame scene=2 tick=4609 clock=24812981 updates=1 update=828 draw=6660 present=785 map=1
[mgba] timing: frame scene=2 tick=4610 clock=24821757 updates=1 update=675 draw=6960 present=785 map=1
[mgba] timing: frame scene=2 tick=4611 clock=24830535 updates=1 update=674 draw=3110 present=798 map=1
[mgba] timing: frame scene=2 tick=4612 clock=24835339 updates=1 update=673 draw=3150 present=798 map=1
[mgba] timing: frame scene=2 tick=4613 clock=24843704 updates=1 update=674 draw=3064 present=798 map=1
[mgba] timing: frame scene=2 tick=4614 clock=24848462 updates=1 update=674 draw=3068 present=798 map=1
[mgba] timing: frame scene=2 tick=4615 clock=24856871 updates=1 update=674 draw=3048 present=798 map=1
[mgba] timing: frame scene=2 tick=4616 clock=24861613 updates=1 update=674 draw=3089 present=798 map=1
[mgba] timing: frame scene=2 tick=4617 clock=24870038 updates=1 update=813 draw=3064 present=799 map=1
[mgba] timing: frame scene=2 tick=4618 clock=24874936 updates=1 update=673 draw=3068 present=798 map=1
[mgba] timing: frame scene=2 tick=4619 clock=24883205 updates=1 update=674 draw=3110 present=798 map=1
[mgba] timing: frame scene=2 tick=4620 clock=24888009 updates=1 update=674 draw=3149 present=798 map=1
[mgba] timing: START wild-entry tick=4710
[mgba] timing: frame scene=3 tick=4711 clock=25554720 updates=1 update=1207 draw=8868 present=785 map=12
[mgba] timing: frame scene=3 tick=4712 clock=25567887 updates=1 update=86 draw=3256 present=785 map=12
[mgba] timing: frame scene=3 tick=4713 clock=25572278 updates=1 update=86 draw=3256 present=785 map=12
[mgba] timing: frame scene=3 tick=4714 clock=25576667 updates=1 update=87 draw=3256 present=785 map=12
[mgba] timing: frame scene=3 tick=4715 clock=25581056 updates=1 update=86 draw=3256 present=785 map=12
[mgba] timing: frame scene=3 tick=4716 clock=25585445 updates=1 update=87 draw=3256 present=785 map=12
[mgba] timing: frame scene=3 tick=4717 clock=25589834 updates=1 update=86 draw=3256 present=785 map=12
[mgba] timing: frame scene=3 tick=4718 clock=25594223 updates=1 update=87 draw=3256 present=785 map=12
[mgba] timing: frame scene=3 tick=4719 clock=25598612 updates=1 update=86 draw=3256 present=785 map=12
[mgba] timing: frame scene=3 tick=4720 clock=25603001 updates=1 update=87 draw=3256 present=785 map=12
[mgba] timing: frame scene=3 tick=4721 clock=25607390 updates=1 update=86 draw=3256 present=785 map=12
[mgba] timing: frame scene=3 tick=4722 clock=25611779 updates=1 update=87 draw=3256 present=785 map=12
[mgba] timing: frame scene=3 tick=4723 clock=25616168 updates=1 update=86 draw=3256 present=785 map=12
[mgba] timing: frame scene=3 tick=4724 clock=25620557 updates=1 update=87 draw=3256 present=785 map=12
[mgba] timing: frame scene=3 tick=4725 clock=25624946 updates=1 update=86 draw=3256 present=785 map=12
[mgba] timing: frame scene=3 tick=4726 clock=25629335 updates=1 update=87 draw=3256 present=785 map=12
[mgba] timing: frame scene=3 tick=4727 clock=25633724 updates=1 update=86 draw=3256 present=785 map=12
[mgba] timing: frame scene=3 tick=4728 clock=25638113 updates=1 update=87 draw=3256 present=785 map=12
[mgba] timing: frame scene=3 tick=4729 clock=25642502 updates=1 update=86 draw=3256 present=785 map=12
[mgba] timing: frame scene=3 tick=4730 clock=25646891 updates=1 update=87 draw=3256 present=785 map=12
[mgba] timing: frame scene=3 tick=4731 clock=25651280 updates=1 update=86 draw=3256 present=785 map=12
[mgba] timing: frame scene=3 tick=4732 clock=25655669 updates=1 update=87 draw=3256 present=785 map=12
[mgba] timing: frame scene=3 tick=4733 clock=25660058 updates=1 update=86 draw=3256 present=785 map=12
[mgba] timing: frame scene=3 tick=4734 clock=25664447 updates=1 update=87 draw=3256 present=785 map=12
[mgba] timing: frame scene=3 tick=4735 clock=25668836 updates=1 update=86 draw=3256 present=785 map=12
[mgba] timing: frame scene=3 tick=4736 clock=25673225 updates=1 update=87 draw=3256 present=785 map=12
[mgba] timing: frame scene=3 tick=4737 clock=25677614 updates=1 update=86 draw=3256 present=785 map=12
[mgba] timing: frame scene=3 tick=4738 clock=25682003 updates=1 update=87 draw=3256 present=785 map=12
[mgba] timing: frame scene=3 tick=4739 clock=25686392 updates=1 update=87 draw=3256 present=785 map=12
[mgba] timing: frame scene=3 tick=4740 clock=25690781 updates=1 update=87 draw=3256 present=785 map=12
[mgba] timing: frame scene=3 tick=4741 clock=25695417 updates=1 update=87 draw=3256 present=798 map=12
[mgba] timing: frame scene=3 tick=4742 clock=25703948 updates=1 update=87 draw=3256 present=785 map=12
[mgba] timing: frame scene=3 tick=4743 clock=25708337 updates=1 update=86 draw=3256 present=785 map=12
[mgba] timing: frame scene=3 tick=4744 clock=25712726 updates=1 update=87 draw=3256 present=785 map=12
[mgba] timing: frame scene=3 tick=4745 clock=25717115 updates=1 update=86 draw=3256 present=785 map=12
[mgba] timing: frame scene=3 tick=4746 clock=25721504 updates=1 update=87 draw=3256 present=785 map=12
[mgba] timing: frame scene=3 tick=4747 clock=25725893 updates=1 update=86 draw=3256 present=785 map=12
[mgba] timing: frame scene=3 tick=4748 clock=25730282 updates=1 update=87 draw=3256 present=785 map=12
[mgba] timing: frame scene=3 tick=4749 clock=25734671 updates=1 update=86 draw=3256 present=785 map=12
[mgba] timing: frame scene=3 tick=4750 clock=25739060 updates=1 update=87 draw=3256 present=785 map=12
[mgba] timing: frame scene=3 tick=4751 clock=25743449 updates=1 update=86 draw=3256 present=785 map=12
[mgba] timing: frame scene=3 tick=4752 clock=25747838 updates=1 update=87 draw=3256 present=785 map=12
[mgba] timing: frame scene=3 tick=4753 clock=25752227 updates=1 update=86 draw=3256 present=785 map=12
[mgba] timing: frame scene=3 tick=4754 clock=25756616 updates=1 update=87 draw=3256 present=785 map=12
[mgba] timing: frame scene=3 tick=4755 clock=25761005 updates=1 update=86 draw=3256 present=785 map=12
[mgba] timing: frame scene=3 tick=4756 clock=25765394 updates=1 update=87 draw=3256 present=785 map=12
[mgba] timing: frame scene=3 tick=4757 clock=25769783 updates=1 update=86 draw=3256 present=785 map=12
[mgba] timing: frame scene=3 tick=4758 clock=25774172 updates=1 update=87 draw=3256 present=785 map=12
[mgba] timing: frame scene=3 tick=4759 clock=25778561 updates=1 update=86 draw=3256 present=785 map=12
[mgba] timing: frame scene=3 tick=4760 clock=25782950 updates=1 update=87 draw=3256 present=785 map=12
[mgba] timing: frame scene=3 tick=4761 clock=25787339 updates=1 update=86 draw=3256 present=785 map=12
[mgba] timing: frame scene=3 tick=4762 clock=25791728 updates=1 update=87 draw=3256 present=785 map=12
[mgba] timing: frame scene=3 tick=4763 clock=25796117 updates=1 update=86 draw=3256 present=785 map=12
[mgba] timing: frame scene=3 tick=4764 clock=25800506 updates=1 update=87 draw=3256 present=785 map=12
[mgba] timing: frame scene=3 tick=4765 clock=25804895 updates=1 update=86 draw=3256 present=785 map=12
[mgba] timing: frame scene=3 tick=4766 clock=25809284 updates=1 update=87 draw=3256 present=785 map=12
[mgba] timing: frame scene=3 tick=4767 clock=25813673 updates=1 update=86 draw=3256 present=785 map=12
[mgba] timing: frame scene=3 tick=4768 clock=25818062 updates=1 update=87 draw=3256 present=785 map=12
[mgba] timing: frame scene=3 tick=4769 clock=25822451 updates=1 update=86 draw=3256 present=785 map=12
[mgba] timing: frame scene=3 tick=4770 clock=25826840 updates=1 update=87 draw=3256 present=785 map=12
[mgba] timing: frame scene=3 tick=4771 clock=25831229 updates=1 update=86 draw=3256 present=785 map=12
[mgba] timing: frame scene=3 tick=4772 clock=25835618 updates=1 update=87 draw=3256 present=785 map=12
[mgba] timing: frame scene=3 tick=4773 clock=25840007 updates=1 update=86 draw=3256 present=785 map=12
[mgba] timing: frame scene=3 tick=4774 clock=25844396 updates=1 update=87 draw=3256 present=785 map=12
[mgba] timing: frame scene=3 tick=4775 clock=25848785 updates=1 update=86 draw=3256 present=785 map=12
[mgba] timing: frame scene=3 tick=4776 clock=25853174 updates=1 update=87 draw=3256 present=785 map=12
[mgba] timing: frame scene=3 tick=4777 clock=25857563 updates=1 update=86 draw=3256 present=785 map=12
[mgba] timing: frame scene=3 tick=4778 clock=25861952 updates=1 update=87 draw=3256 present=785 map=12
[mgba] timing: frame scene=3 tick=4779 clock=25866341 updates=1 update=86 draw=3256 present=785 map=12
[mgba] timing: frame scene=3 tick=4780 clock=25870730 updates=1 update=87 draw=3256 present=785 map=12
[mgba] timing: frame scene=3 tick=4781 clock=25875119 updates=1 update=86 draw=3256 present=785 map=12
[mgba] timing: frame scene=3 tick=4782 clock=25879508 updates=1 update=87 draw=3256 present=785 map=12
[mgba] timing: frame scene=3 tick=4783 clock=25883897 updates=1 update=86 draw=3243 present=785 map=12
[mgba] timing: frame scene=3 tick=4784 clock=25888286 updates=1 update=356 draw=4679 present=785 map=12
[mgba] timing: frame scene=3 tick=4785 clock=25897062 updates=1 update=89 draw=4679 present=785 map=12
[mgba] timing: frame scene=3 tick=4786 clock=25905840 updates=1 update=90 draw=4679 present=785 map=12
[mgba] timing: frame scene=3 tick=4787 clock=25914618 updates=1 update=152 draw=4764 present=785 map=12
[mgba] timing: frame scene=3 tick=4788 clock=25923396 updates=1 update=90 draw=4764 present=785 map=12
[mgba] timing: frame scene=3 tick=4789 clock=25932174 updates=1 update=89 draw=4764 present=785 map=12
[mgba] timing: frame scene=3 tick=4790 clock=25940952 updates=1 update=194 draw=4910 present=785 map=12
[mgba] timing: frame scene=3 tick=4791 clock=25949730 updates=1 update=89 draw=4910 present=785 map=12
[mgba] timing: frame scene=3 tick=4792 clock=25958508 updates=1 update=90 draw=4909 present=786 map=12
[mgba] timing: frame scene=3 tick=4793 clock=25967286 updates=1 update=170 draw=5025 present=785 map=12
[mgba] timing: frame scene=3 tick=4794 clock=25976064 updates=1 update=90 draw=5025 present=785 map=12
[mgba] timing: frame scene=3 tick=4795 clock=25984842 updates=1 update=89 draw=5025 present=785 map=12
[mgba] timing: frame scene=3 tick=4796 clock=25993620 updates=1 update=169 draw=5128 present=785 map=12
[mgba] timing: frame scene=3 tick=4797 clock=26002398 updates=1 update=89 draw=5128 present=785 map=12
[mgba] timing: frame scene=3 tick=4798 clock=26011176 updates=1 update=90 draw=5128 present=785 map=12
[mgba] timing: frame scene=3 tick=4799 clock=26019954 updates=1 update=169 draw=5231 present=785 map=12
[mgba] timing: frame scene=3 tick=4800 clock=26028732 updates=1 update=90 draw=5231 present=785 map=12
[mgba] timing: frame scene=3 tick=4801 clock=26037510 updates=1 update=89 draw=5231 present=785 map=12
[mgba] timing: frame scene=3 tick=4802 clock=26046288 updates=1 update=171 draw=5346 present=785 map=12
[mgba] timing: frame scene=3 tick=4803 clock=26055066 updates=1 update=89 draw=5346 present=785 map=12
[mgba] timing: frame scene=3 tick=4804 clock=26063844 updates=1 update=90 draw=5346 present=785 map=12
[mgba] timing: frame scene=3 tick=4805 clock=26072622 updates=1 update=193 draw=5492 present=785 map=12
[mgba] timing: frame scene=3 tick=4806 clock=26081400 updates=1 update=90 draw=5491 present=786 map=12
[mgba] timing: frame scene=3 tick=4807 clock=26090178 updates=1 update=89 draw=5492 present=785 map=12
[mgba] timing: frame scene=3 tick=4808 clock=26098956 updates=1 update=153 draw=5576 present=785 map=12
[mgba] timing: frame scene=3 tick=4809 clock=26107734 updates=1 update=89 draw=5576 present=786 map=12
[mgba] timing: frame scene=3 tick=4810 clock=26116512 updates=1 update=90 draw=5576 present=786 map=12
[mgba] timing: frame scene=3 tick=4811 clock=26125290 updates=1 update=170 draw=2426 present=785 map=12
[mgba] timing: frame scene=3 tick=4812 clock=26129681 updates=1 update=87 draw=2426 present=785 map=12
[mgba] timing: frame scene=3 tick=4813 clock=26134070 updates=1 update=86 draw=2426 present=785 map=12
[mgba] timing: frame scene=3 tick=4814 clock=26138459 updates=1 update=87 draw=2426 present=785 map=12
[mgba] timing: frame scene=3 tick=4815 clock=26142848 updates=1 update=86 draw=2426 present=785 map=12
[mgba] timing: frame scene=3 tick=4816 clock=26147237 updates=1 update=87 draw=2426 present=785 map=12
[mgba] timing: frame scene=3 tick=4817 clock=26151626 updates=1 update=86 draw=2426 present=785 map=12
[mgba] timing: frame scene=3 tick=4818 clock=26156015 updates=1 update=87 draw=2426 present=785 map=12
[mgba] timing: frame scene=3 tick=4819 clock=26160404 updates=1 update=86 draw=2426 present=785 map=12
[mgba] timing: frame scene=3 tick=4820 clock=26164793 updates=1 update=87 draw=2426 present=785 map=12
[mgba] timing: frame scene=3 tick=4821 clock=26169182 updates=1 update=86 draw=2426 present=785 map=12
[mgba] timing: frame scene=3 tick=4822 clock=26173571 updates=1 update=87 draw=2426 present=785 map=12
[mgba] timing: frame scene=3 tick=4823 clock=26177960 updates=1 update=86 draw=2426 present=785 map=12
[mgba] timing: frame scene=3 tick=4824 clock=26182349 updates=1 update=87 draw=2426 present=785 map=12
[mgba] timing: frame scene=3 tick=4825 clock=26186738 updates=1 update=86 draw=2426 present=785 map=12
[mgba] timing: frame scene=3 tick=4826 clock=26191127 updates=1 update=87 draw=2426 present=785 map=12
[mgba] timing: frame scene=3 tick=4827 clock=26195516 updates=1 update=86 draw=2426 present=785 map=12
[mgba] timing: frame scene=3 tick=4828 clock=26199905 updates=1 update=87 draw=2426 present=785 map=12
[mgba] timing: frame scene=3 tick=4829 clock=26204294 updates=1 update=86 draw=2426 present=785 map=12
[mgba] timing: frame scene=3 tick=4830 clock=26208683 updates=1 update=87 draw=2426 present=785 map=12
[mgba] timing: frame scene=3 tick=4831 clock=26213072 updates=1 update=86 draw=2426 present=785 map=12
[mgba] timing: frame scene=3 tick=4832 clock=26217461 updates=1 update=87 draw=2426 present=785 map=12
[mgba] timing: frame scene=3 tick=4833 clock=26221850 updates=1 update=86 draw=2426 present=785 map=12
[mgba] timing: frame scene=3 tick=4834 clock=26226239 updates=1 update=87 draw=2426 present=785 map=12
[mgba] timing: frame scene=3 tick=4835 clock=26230628 updates=1 update=86 draw=2426 present=785 map=12
[mgba] timing: frame scene=3 tick=4836 clock=26235017 updates=1 update=87 draw=2426 present=785 map=12
[mgba] timing: frame scene=3 tick=4837 clock=26239406 updates=1 update=86 draw=2426 present=785 map=12
[mgba] timing: frame scene=3 tick=4838 clock=26243795 updates=1 update=87 draw=2426 present=785 map=12
[mgba] timing: frame scene=3 tick=4839 clock=26248184 updates=1 update=86 draw=2426 present=785 map=12
[mgba] timing: frame scene=3 tick=4840 clock=26252573 updates=1 update=87 draw=2426 present=785 map=12
[mgba] timing: frame scene=3 tick=4841 clock=26256962 updates=1 update=86 draw=2426 present=785 map=12
[mgba] timing: frame scene=3 tick=4842 clock=26261351 updates=1 update=87 draw=2426 present=785 map=12
[mgba] timing: frame scene=3 tick=4843 clock=26265740 updates=1 update=86 draw=2426 present=785 map=12
[mgba] timing: frame scene=3 tick=4844 clock=26270129 updates=1 update=87 draw=2426 present=785 map=12
[mgba] timing: frame scene=3 tick=4845 clock=26274518 updates=1 update=86 draw=2426 present=785 map=12
[mgba] timing: frame scene=3 tick=4846 clock=26278907 updates=1 update=87 draw=2426 present=785 map=12
[mgba] timing: frame scene=3 tick=4847 clock=26283296 updates=1 update=86 draw=2426 present=785 map=12
[mgba] timing: frame scene=3 tick=4848 clock=26287685 updates=1 update=87 draw=2426 present=785 map=12
[mgba] timing: frame scene=3 tick=4849 clock=26292074 updates=1 update=86 draw=2426 present=785 map=12
[mgba] timing: frame scene=3 tick=4850 clock=26296463 updates=1 update=87 draw=2426 present=785 map=12
[mgba] timing: frame scene=3 tick=4851 clock=26300852 updates=1 update=86 draw=2426 present=785 map=12
[mgba] timing: frame scene=3 tick=4852 clock=26305241 updates=1 update=87 draw=2426 present=785 map=12
[mgba] timing: frame scene=3 tick=4853 clock=26309630 updates=1 update=86 draw=2426 present=785 map=12
[mgba] timing: frame scene=3 tick=4854 clock=26314019 updates=1 update=87 draw=2426 present=785 map=12
[mgba] timing: frame scene=3 tick=4855 clock=26318408 updates=1 update=86 draw=2426 present=785 map=12
[mgba] timing: frame scene=3 tick=4856 clock=26322797 updates=1 update=87 draw=2426 present=785 map=12
[mgba] timing: frame scene=3 tick=4857 clock=26327186 updates=1 update=86 draw=2426 present=785 map=12
[mgba] timing: frame scene=3 tick=4858 clock=26331575 updates=1 update=87 draw=2426 present=785 map=12
[mgba] timing: frame scene=3 tick=4859 clock=26335964 updates=1 update=87 draw=2426 present=785 map=12
[mgba] timing: frame scene=3 tick=4860 clock=26340353 updates=1 update=87 draw=2426 present=785 map=12
[mgba] timing: frame scene=3 tick=4861 clock=26344742 updates=1 update=86 draw=2426 present=785 map=12
[mgba] timing: frame scene=3 tick=4862 clock=26349131 updates=1 update=87 draw=2426 present=785 map=12
[mgba] timing: frame scene=3 tick=4863 clock=26353520 updates=1 update=86 draw=2426 present=785 map=12
[mgba] timing: frame scene=3 tick=4864 clock=26357909 updates=1 update=87 draw=2426 present=785 map=12
[mgba] timing: frame scene=3 tick=4865 clock=26362298 updates=1 update=86 draw=2426 present=785 map=12
[mgba] timing: frame scene=3 tick=4866 clock=26366687 updates=1 update=87 draw=2426 present=785 map=12
[mgba] timing: frame scene=3 tick=4867 clock=26371076 updates=1 update=86 draw=2426 present=785 map=12
[mgba] timing: frame scene=3 tick=4868 clock=26375465 updates=1 update=87 draw=2426 present=785 map=12
[mgba] timing: frame scene=3 tick=4869 clock=26379854 updates=1 update=86 draw=2426 present=785 map=12
[mgba] timing: frame scene=3 tick=4870 clock=26384243 updates=1 update=87 draw=2426 present=785 map=12
[mgba] timing: frame scene=3 tick=4871 clock=26388632 updates=1 update=86 draw=2426 present=785 map=12
[mgba] timing: frame scene=3 tick=4872 clock=26393021 updates=1 update=87 draw=2426 present=785 map=12
[mgba] timing: frame scene=3 tick=4873 clock=26397410 updates=1 update=86 draw=2426 present=785 map=12
[mgba] timing: frame scene=3 tick=4874 clock=26401799 updates=1 update=87 draw=2426 present=785 map=12
[mgba] timing: frame scene=3 tick=4875 clock=26406188 updates=1 update=86 draw=2426 present=785 map=12
[mgba] timing: frame scene=3 tick=4876 clock=26410577 updates=1 update=87 draw=2426 present=785 map=12
[mgba] timing: frame scene=3 tick=4877 clock=26414966 updates=1 update=86 draw=2426 present=785 map=12
[mgba] timing: frame scene=3 tick=4878 clock=26419355 updates=1 update=87 draw=2426 present=785 map=12
[mgba] timing: frame scene=3 tick=4879 clock=26423744 updates=1 update=86 draw=2426 present=785 map=12
[mgba] timing: frame scene=3 tick=4880 clock=26428133 updates=1 update=87 draw=2426 present=785 map=12
[mgba] timing: frame scene=3 tick=4881 clock=26432522 updates=1 update=86 draw=2426 present=785 map=12
[mgba] timing: frame scene=3 tick=4882 clock=26436911 updates=1 update=87 draw=2426 present=785 map=12
[mgba] timing: frame scene=3 tick=4883 clock=26441300 updates=1 update=86 draw=2426 present=785 map=12
[mgba] timing: frame scene=3 tick=4884 clock=26445689 updates=1 update=87 draw=2426 present=785 map=12
[mgba] timing: frame scene=3 tick=4885 clock=26450078 updates=1 update=86 draw=2426 present=785 map=12
[mgba] timing: frame scene=3 tick=4886 clock=26454467 updates=1 update=87 draw=2426 present=785 map=12
[mgba] timing: frame scene=3 tick=4887 clock=26458856 updates=1 update=86 draw=2426 present=785 map=12
[mgba] timing: frame scene=3 tick=4888 clock=26463245 updates=1 update=87 draw=2426 present=785 map=12
[mgba] timing: frame scene=3 tick=4889 clock=26467634 updates=1 update=86 draw=2426 present=785 map=12
[mgba] timing: frame scene=3 tick=4890 clock=26472023 updates=1 update=87 draw=2426 present=785 map=12
[mgba] timing: frame scene=3 tick=4891 clock=26476412 updates=1 update=86 draw=2426 present=785 map=12
[mgba] timing: frame scene=3 tick=4892 clock=26480801 updates=1 update=87 draw=2426 present=785 map=12
[mgba] timing: frame scene=3 tick=4893 clock=26485190 updates=1 update=86 draw=2426 present=785 map=12
[mgba] timing: frame scene=3 tick=4894 clock=26489579 updates=1 update=87 draw=2426 present=785 map=12
[mgba] timing: frame scene=3 tick=4895 clock=26493968 updates=1 update=86 draw=2426 present=785 map=12
[mgba] timing: frame scene=3 tick=4896 clock=26498357 updates=1 update=87 draw=2426 present=785 map=12
[mgba] timing: frame scene=3 tick=4897 clock=26502746 updates=1 update=86 draw=2426 present=785 map=12
[mgba] timing: frame scene=3 tick=4898 clock=26507135 updates=1 update=87 draw=2426 present=785 map=12
[mgba] timing: frame scene=3 tick=4899 clock=26511524 updates=1 update=86 draw=2426 present=785 map=12
[mgba] timing: frame scene=3 tick=4900 clock=26515913 updates=1 update=87 draw=2426 present=785 map=12
[mgba] timing: frame scene=3 tick=4901 clock=26520302 updates=1 update=86 draw=2426 present=785 map=12
[mgba] timing: frame scene=3 tick=4902 clock=26524691 updates=1 update=87 draw=2426 present=785 map=12
[mgba] timing: frame scene=3 tick=4903 clock=26529080 updates=1 update=86 draw=2426 present=785 map=12
[mgba] timing: frame scene=3 tick=4904 clock=26533469 updates=1 update=87 draw=2427 present=785 map=12
[mgba] timing: frame scene=3 tick=4905 clock=26537858 updates=1 update=90 draw=8357 present=798 map=12
[mgba] timing: frame scene=3 tick=4906 clock=26547326 updates=1 update=87 draw=6030 present=785 map=12
[mgba] timing: frame scene=3 tick=4907 clock=26555414 updates=1 update=86 draw=2986 present=786 map=12
[mgba] timing: frame scene=3 tick=4908 clock=26559803 updates=1 update=87 draw=2919 present=785 map=12
[mgba] timing: frame scene=3 tick=4909 clock=26564192 updates=1 update=86 draw=3107 present=786 map=12
[mgba] timing: frame scene=3 tick=4910 clock=26568581 updates=1 update=87 draw=3041 present=785 map=12
[mgba] timing: frame scene=3 tick=4911 clock=26572970 updates=1 update=86 draw=3159 present=785 map=12
[mgba] timing: frame scene=3 tick=4912 clock=26577359 updates=1 update=87 draw=2998 present=785 map=12
[mgba] timing: frame scene=3 tick=4913 clock=26581748 updates=1 update=86 draw=3282 present=785 map=12
[mgba] timing: frame scene=3 tick=4914 clock=26586137 updates=1 update=87 draw=3123 present=785 map=12
[mgba] timing: frame scene=3 tick=4915 clock=26590526 updates=1 update=86 draw=3334 present=785 map=12
[mgba] timing: frame scene=3 tick=4916 clock=26594967 updates=1 update=87 draw=3082 present=786 map=12
[mgba] timing: frame scene=3 tick=4917 clock=26599304 updates=1 update=86 draw=3455 present=786 map=12
[mgba] timing: frame scene=3 tick=4918 clock=26603866 updates=1 update=87 draw=3205 present=786 map=12
[mgba] timing: frame scene=3 tick=4919 clock=26612471 updates=1 update=87 draw=3506 present=798 map=12
[mgba] timing: frame scene=3 tick=4920 clock=26617085 updates=1 update=87 draw=3163 present=786 map=12
[mgba] timing: frame scene=3 tick=4921 clock=26625638 updates=1 update=86 draw=3622 present=798 map=12
[mgba] timing: frame scene=3 tick=4922 clock=26630366 updates=1 update=87 draw=3279 present=798 map=12
[mgba] timing: frame scene=3 tick=4923 clock=26638805 updates=1 update=86 draw=3665 present=798 map=12
[mgba] timing: frame scene=3 tick=4924 clock=26643576 updates=1 update=87 draw=3227 present=798 map=12
[mgba] timing: frame scene=3 tick=4925 clock=26651972 updates=1 update=86 draw=3686 present=799 map=12
[mgba] timing: frame scene=3 tick=4926 clock=26656765 updates=1 update=87 draw=3227 present=798 map=12
[mgba] timing: frame scene=3 tick=4927 clock=26665139 updates=1 update=86 draw=3686 present=799 map=12
[mgba] timing: frame scene=3 tick=4928 clock=26669932 updates=1 update=87 draw=3227 present=798 map=12
[mgba] timing: frame scene=3 tick=4929 clock=26678306 updates=1 update=86 draw=3686 present=799 map=12
[mgba] timing: frame scene=3 tick=4930 clock=26683099 updates=1 update=87 draw=3227 present=798 map=12
[mgba] timing: frame scene=3 tick=4931 clock=26691473 updates=1 update=86 draw=3686 present=799 map=12
[mgba] timing: frame scene=3 tick=4932 clock=26696266 updates=1 update=87 draw=3227 present=798 map=12
[mgba] timing: frame scene=3 tick=4933 clock=26704640 updates=1 update=86 draw=3686 present=799 map=12
[mgba] timing: frame scene=3 tick=4934 clock=26709433 updates=1 update=87 draw=3227 present=798 map=12
[mgba] timing: frame scene=3 tick=4935 clock=26717807 updates=1 update=86 draw=3687 present=798 map=12
[mgba] timing: frame scene=3 tick=4936 clock=26722601 updates=1 update=87 draw=3226 present=799 map=12
[mgba] timing: frame scene=3 tick=4937 clock=26730974 updates=1 update=86 draw=3686 present=799 map=12
[mgba] timing: frame scene=3 tick=4938 clock=26735767 updates=1 update=87 draw=3227 present=798 map=12
[mgba] timing: frame scene=3 tick=4939 clock=26744141 updates=1 update=86 draw=3686 present=799 map=12
[mgba] timing: frame scene=3 tick=4940 clock=26748934 updates=1 update=87 draw=3227 present=798 map=12
[mgba] timing: frame scene=3 tick=4941 clock=26757308 updates=1 update=86 draw=3686 present=799 map=12
[mgba] timing: frame scene=3 tick=4942 clock=26762101 updates=1 update=87 draw=3227 present=798 map=12
[mgba] timing: frame scene=3 tick=4943 clock=26770475 updates=1 update=86 draw=3686 present=799 map=12
[mgba] timing: frame scene=3 tick=4944 clock=26775268 updates=1 update=87 draw=3227 present=798 map=12
[mgba] timing: frame scene=3 tick=4945 clock=26783642 updates=1 update=86 draw=3686 present=799 map=12
[mgba] timing: frame scene=3 tick=4946 clock=26788435 updates=1 update=87 draw=3227 present=798 map=12
[mgba] timing: frame scene=3 tick=4947 clock=26796809 updates=1 update=86 draw=3686 present=799 map=12
[mgba] timing: frame scene=3 tick=4948 clock=26801602 updates=1 update=88 draw=3226 present=799 map=12
[mgba] timing: frame scene=3 tick=4949 clock=26809976 updates=1 update=86 draw=3686 present=799 map=12
[mgba] timing: frame scene=3 tick=4950 clock=26814769 updates=1 update=87 draw=3227 present=798 map=12
[mgba] timing: frame scene=3 tick=4951 clock=26823143 updates=1 update=86 draw=3686 present=799 map=12
[mgba] timing: frame scene=3 tick=4952 clock=26827936 updates=1 update=87 draw=3227 present=798 map=12
[mgba] timing: frame scene=3 tick=4953 clock=26836310 updates=1 update=86 draw=3686 present=799 map=12
[mgba] timing: frame scene=3 tick=4954 clock=26841103 updates=1 update=87 draw=3227 present=798 map=12
[mgba] timing: frame scene=3 tick=4955 clock=26849477 updates=1 update=86 draw=3686 present=799 map=12
[mgba] timing: frame scene=3 tick=4956 clock=26854270 updates=1 update=87 draw=3227 present=798 map=12
[mgba] timing: frame scene=3 tick=4957 clock=26862644 updates=1 update=86 draw=3686 present=799 map=12
[mgba] timing: frame scene=3 tick=4958 clock=26867437 updates=1 update=87 draw=3227 present=798 map=12
[mgba] timing: frame scene=3 tick=4959 clock=26875811 updates=1 update=86 draw=3686 present=799 map=12
[mgba] timing: frame scene=3 tick=4960 clock=26880604 updates=1 update=87 draw=3227 present=798 map=12
[mgba] timing: frame scene=3 tick=4961 clock=26888978 updates=1 update=86 draw=3686 present=799 map=12
[mgba] timing: frame scene=3 tick=4962 clock=26893771 updates=1 update=87 draw=3226 present=799 map=12
[mgba] timing: frame scene=3 tick=4963 clock=26902145 updates=1 update=86 draw=3686 present=799 map=12
[mgba] timing: frame scene=3 tick=4964 clock=26906938 updates=1 update=87 draw=3227 present=798 map=12
[mgba] timing: frame scene=3 tick=4965 clock=26915312 updates=1 update=86 draw=3686 present=799 map=12
[mgba] timing: frame scene=3 tick=4966 clock=26920105 updates=1 update=87 draw=3227 present=798 map=12
[mgba] timing: frame scene=3 tick=4967 clock=26928479 updates=1 update=86 draw=3687 present=798 map=12
[mgba] timing: frame scene=3 tick=4968 clock=26933272 updates=1 update=87 draw=3227 present=798 map=12
[mgba] timing: frame scene=3 tick=4969 clock=26941646 updates=1 update=86 draw=3686 present=799 map=12
[mgba] timing: frame scene=3 tick=4970 clock=26946439 updates=1 update=87 draw=3227 present=798 map=12
[mgba] timing: frame scene=3 tick=4971 clock=26954813 updates=1 update=86 draw=3686 present=799 map=12
[mgba] timing: frame scene=3 tick=4972 clock=26959606 updates=1 update=87 draw=3227 present=798 map=12
[mgba] timing: frame scene=3 tick=4973 clock=26967980 updates=1 update=86 draw=3686 present=798 map=12
[mgba] timing: frame scene=3 tick=4974 clock=26972773 updates=1 update=87 draw=3226 present=799 map=12
[mgba] timing: frame scene=3 tick=4975 clock=26981147 updates=1 update=86 draw=3686 present=798 map=12
[mgba] timing: frame scene=3 tick=4976 clock=26985940 updates=1 update=87 draw=3226 present=799 map=12
[mgba] timing: frame scene=3 tick=4977 clock=26994314 updates=1 update=86 draw=3214 present=785 map=12
[mgba] timing: frame scene=3 tick=4978 clock=26998703 updates=1 update=91 draw=4663 present=786 map=12
[mgba] timing: frame scene=3 tick=4979 clock=27007479 updates=1 update=87 draw=4663 present=786 map=12
[mgba] timing: frame scene=3 tick=4980 clock=27016257 updates=1 update=87 draw=4663 present=786 map=12
[mgba] timing: frame scene=3 tick=4981 clock=27025035 updates=1 update=86 draw=4664 present=785 map=12
[mgba] timing: frame scene=3 tick=4982 clock=27033813 updates=1 update=87 draw=4663 present=786 map=12
[mgba] timing: frame scene=3 tick=4983 clock=27042591 updates=1 update=86 draw=4664 present=785 map=12
[mgba] timing: frame scene=3 tick=4984 clock=27051369 updates=1 update=87 draw=4663 present=786 map=12
[mgba] timing: frame scene=3 tick=4985 clock=27060147 updates=1 update=86 draw=4663 present=786 map=12
[mgba] timing: frame scene=3 tick=4986 clock=27068925 updates=1 update=87 draw=4663 present=785 map=12
[mgba] timing: frame scene=3 tick=4987 clock=27077703 updates=1 update=86 draw=4664 present=785 map=12
[mgba] timing: frame scene=3 tick=4988 clock=27086481 updates=1 update=87 draw=4663 present=786 map=12
[mgba] timing: frame scene=3 tick=4989 clock=27095259 updates=1 update=86 draw=4663 present=786 map=12
[mgba] timing: frame scene=3 tick=4990 clock=27104037 updates=1 update=87 draw=4663 present=786 map=12
[mgba] timing: frame scene=3 tick=4991 clock=27112815 updates=1 update=86 draw=4664 present=785 map=12
[mgba] timing: frame scene=3 tick=4992 clock=27121593 updates=1 update=87 draw=4663 present=786 map=12
[mgba] timing: frame scene=3 tick=4993 clock=27130371 updates=1 update=86 draw=4663 present=786 map=12
[mgba] timing: frame scene=3 tick=4994 clock=27139149 updates=1 update=87 draw=4663 present=786 map=12
[mgba] timing: frame scene=3 tick=4995 clock=27147927 updates=1 update=86 draw=4664 present=785 map=12
[mgba] timing: frame scene=3 tick=4996 clock=27156705 updates=1 update=87 draw=4663 present=785 map=12
[mgba] timing: frame scene=3 tick=4997 clock=27165483 updates=1 update=86 draw=4664 present=785 map=12
[mgba] timing: frame scene=3 tick=4998 clock=27174261 updates=1 update=87 draw=4663 present=785 map=12
[mgba] timing: frame scene=3 tick=4999 clock=27183039 updates=1 update=138 draw=6565 present=785 map=12
[mgba] timing: frame scene=3 tick=5000 clock=27191817 updates=1 update=95 draw=6564 present=785 map=12
[mgba] timing: frame scene=3 tick=5001 clock=27200595 updates=1 update=95 draw=6564 present=785 map=12
[mgba] timing: frame scene=3 tick=5002 clock=27209373 updates=1 update=95 draw=6564 present=785 map=12
[mgba] timing: frame scene=3 tick=5003 clock=27218151 updates=1 update=95 draw=6564 present=785 map=12
[mgba] timing: frame scene=3 tick=5004 clock=27226929 updates=1 update=95 draw=6564 present=785 map=12
[mgba] timing: frame scene=3 tick=5005 clock=27235707 updates=1 update=94 draw=6565 present=785 map=12
[mgba] timing: frame scene=3 tick=5006 clock=27244485 updates=1 update=95 draw=6564 present=785 map=12
[mgba] timing: frame scene=3 tick=5007 clock=27253263 updates=1 update=95 draw=6564 present=785 map=12
[mgba] timing: frame scene=3 tick=5008 clock=27262041 updates=1 update=95 draw=6563 present=786 map=12
[mgba] timing: frame scene=3 tick=5009 clock=27270819 updates=1 update=325 draw=6581 present=786 map=12
[mgba] timing: frame scene=3 tick=5010 clock=27279597 updates=1 update=136 draw=13274 present=785 map=12
[mgba] timing: frame scene=3 tick=5011 clock=27294019 updates=1 update=136 draw=10824 present=785 map=12
[mgba] timing: frame scene=3 tick=5012 clock=27306003 updates=1 update=137 draw=10824 present=785 map=12
[mgba] timing: frame scene=3 tick=5013 clock=27319098 updates=1 update=137 draw=10823 present=786 map=12
[mgba] timing: frame scene=3 tick=5014 clock=27332265 updates=1 update=367 draw=10823 present=786 map=12
[mgba] timing: frame scene=3 tick=5015 clock=27345432 updates=1 update=149 draw=12458 present=799 map=12
[mgba] timing: frame scene=3 tick=5016 clock=27359064 updates=1 update=149 draw=12459 present=798 map=12
[mgba] timing: frame scene=3 tick=5017 clock=27372696 updates=1 update=149 draw=12471 present=785 map=12
[mgba] timing: frame scene=3 tick=5018 clock=27389322 updates=1 update=149 draw=12458 present=798 map=12
[mgba] timing: frame scene=3 tick=5019 clock=27402954 updates=1 update=367 draw=12471 present=786 map=12
[mgba] timing: frame scene=3 tick=5020 clock=27416804 updates=1 update=149 draw=12471 present=786 map=12
[mgba] timing: frame scene=3 tick=5021 clock=27433212 updates=1 update=148 draw=12458 present=799 map=12
[mgba] timing: frame scene=3 tick=5022 clock=27446843 updates=1 update=150 draw=12458 present=798 map=12
[mgba] timing: frame scene=3 tick=5023 clock=27460475 updates=1 update=149 draw=12471 present=786 map=12
[mgba] timing: frame scene=3 tick=5024 clock=27477102 updates=1 update=332 draw=12458 present=798 map=12
[mgba] timing: frame scene=3 tick=5025 clock=27490916 updates=1 update=137 draw=10746 present=785 map=12
[mgba] timing: frame scene=3 tick=5026 clock=27503436 updates=1 update=137 draw=10746 present=786 map=12
[mgba] timing: frame scene=3 tick=5027 clock=27516603 updates=1 update=137 draw=10746 present=785 map=12
[mgba] timing: frame scene=3 tick=5028 clock=27529770 updates=1 update=137 draw=10746 present=786 map=12
[mgba] timing: frame scene=3 tick=5029 clock=27542937 updates=1 update=330 draw=10746 present=785 map=12
[mgba] timing: frame scene=3 tick=5030 clock=27556104 updates=1 update=137 draw=10746 present=785 map=12
[mgba] timing: frame scene=3 tick=5031 clock=27569271 updates=1 update=1023 draw=18215 present=785 map=12
[mgba] timing: frame scene=3 tick=5032 clock=27591216 updates=1 update=166 draw=16118 present=785 map=12
[mgba] timing: frame scene=3 tick=5033 clock=27608772 updates=1 update=164 draw=13067 present=786 map=12
[mgba] timing: frame scene=3 tick=5034 clock=27623015 updates=1 update=370 draw=13067 present=786 map=12
[mgba] timing: frame scene=3 tick=5035 clock=27639495 updates=1 update=164 draw=13067 present=785 map=12
[mgba] timing: frame scene=3 tick=5036 clock=27653738 updates=1 update=165 draw=13067 present=786 map=12
[mgba] timing: frame scene=3 tick=5037 clock=27670218 updates=1 update=164 draw=13067 present=785 map=12
[mgba] timing: frame scene=3 tick=5038 clock=27684461 updates=1 update=165 draw=13068 present=785 map=12
[mgba] timing: frame scene=3 tick=5039 clock=27700941 updates=1 update=166 draw=13086 present=785 map=12
[mgba] timing: frame scene=3 tick=5040 clock=27715204 updates=1 update=115 draw=8932 present=786 map=12
[mgba] timing: frame scene=3 tick=5041 clock=27727275 updates=1 update=114 draw=8920 present=785 map=12
[mgba] timing: frame scene=3 tick=5042 clock=27737318 updates=1 update=113 draw=8944 present=785 map=12
[mgba] timing: frame scene=3 tick=5043 clock=27749220 updates=1 update=113 draw=202 present=778 map=12
[mgba] timing: frame scene=3 tick=5044 clock=27753609 updates=1 update=113 draw=202 present=2 map=12
[mgba] timing: frame scene=3 tick=5045 clock=27757998 updates=1 update=112 draw=202 present=3 map=12
[mgba] timing: frame scene=3 tick=5046 clock=27762387 updates=1 update=113 draw=202 present=2 map=12
[mgba] timing: frame scene=3 tick=5047 clock=27766776 updates=1 update=112 draw=202 present=3 map=12
[mgba] timing: frame scene=3 tick=5048 clock=27771165 updates=1 update=113 draw=202 present=2 map=12
[mgba] timing: frame scene=3 tick=5049 clock=27775554 updates=1 update=112 draw=202 present=3 map=12
[mgba] timing: frame scene=3 tick=5050 clock=27779943 updates=1 update=113 draw=202 present=2 map=12
[mgba] timing: frame scene=3 tick=5051 clock=27784332 updates=1 update=112 draw=202 present=3 map=12
[mgba] timing: frame scene=3 tick=5052 clock=27788721 updates=1 update=113 draw=202 present=2 map=12
[mgba] timing: frame scene=3 tick=5053 clock=27793110 updates=1 update=112 draw=202 present=3 map=12
[mgba] timing: frame scene=3 tick=5054 clock=27797499 updates=1 update=113 draw=202 present=2 map=12
[mgba] timing: frame scene=3 tick=5055 clock=27801888 updates=1 update=112 draw=202 present=3 map=12
[mgba] timing: frame scene=3 tick=5056 clock=27806277 updates=1 update=113 draw=202 present=2 map=12
[mgba] timing: frame scene=3 tick=5057 clock=27810666 updates=1 update=112 draw=202 present=3 map=12
[mgba] timing: frame scene=3 tick=5058 clock=27815055 updates=1 update=113 draw=202 present=2 map=12
[mgba] timing: frame scene=3 tick=5059 clock=27819444 updates=1 update=112 draw=202 present=3 map=12
[mgba] timing: frame scene=3 tick=5060 clock=27823833 updates=1 update=113 draw=202 present=2 map=12
[mgba] timing: frame scene=3 tick=5061 clock=27828222 updates=1 update=112 draw=202 present=3 map=12
[mgba] timing: frame scene=3 tick=5062 clock=27832611 updates=1 update=113 draw=202 present=2 map=12
[mgba] timing: frame scene=3 tick=5063 clock=27837000 updates=1 update=112 draw=202 present=3 map=12
[mgba] timing: frame scene=3 tick=5064 clock=27841389 updates=1 update=113 draw=202 present=2 map=12
[mgba] timing: frame scene=3 tick=5065 clock=27845778 updates=1 update=112 draw=202 present=3 map=12
[mgba] timing: frame scene=3 tick=5066 clock=27850167 updates=1 update=113 draw=202 present=2 map=12
[mgba] timing: frame scene=3 tick=5067 clock=27854556 updates=1 update=112 draw=202 present=3 map=12
[mgba] timing: frame scene=3 tick=5068 clock=27858945 updates=1 update=113 draw=202 present=2 map=12
[mgba] timing: frame scene=3 tick=5069 clock=27863334 updates=1 update=112 draw=202 present=3 map=12
[mgba] timing: frame scene=3 tick=5070 clock=27867723 updates=1 update=113 draw=202 present=2 map=12
[mgba] timing: frame scene=3 tick=5071 clock=27872112 updates=1 update=112 draw=202 present=3 map=12
[mgba] timing: frame scene=3 tick=5072 clock=27876501 updates=1 update=113 draw=202 present=2 map=12
[mgba] timing: frame scene=3 tick=5073 clock=27880890 updates=1 update=112 draw=202 present=3 map=12
[mgba] timing: frame scene=3 tick=5074 clock=27885279 updates=1 update=113 draw=202 present=2 map=12
[mgba] timing: frame scene=3 tick=5075 clock=27889668 updates=1 update=112 draw=202 present=3 map=12
[mgba] timing: frame scene=3 tick=5076 clock=27894057 updates=1 update=113 draw=202 present=2 map=12
[mgba] timing: frame scene=3 tick=5077 clock=27898446 updates=1 update=112 draw=202 present=3 map=12
[mgba] timing: frame scene=3 tick=5078 clock=27902835 updates=1 update=113 draw=202 present=2 map=12
[mgba] timing: frame scene=3 tick=5079 clock=27907224 updates=1 update=112 draw=202 present=3 map=12
[mgba] timing: frame scene=3 tick=5080 clock=27911613 updates=1 update=113 draw=202 present=2 map=12
[mgba] timing: frame scene=3 tick=5081 clock=27916002 updates=1 update=112 draw=202 present=3 map=12
[mgba] timing: frame scene=3 tick=5082 clock=27920391 updates=1 update=113 draw=202 present=2 map=12
[mgba] timing: frame scene=3 tick=5083 clock=27924780 updates=1 update=112 draw=202 present=3 map=12
[mgba] timing: frame scene=3 tick=5084 clock=27929169 updates=1 update=113 draw=202 present=2 map=12
[mgba] timing: frame scene=3 tick=5085 clock=27933558 updates=1 update=112 draw=202 present=3 map=12
[mgba] timing: frame scene=3 tick=5086 clock=27937947 updates=1 update=113 draw=202 present=2 map=12
[mgba] timing: frame scene=3 tick=5087 clock=27942336 updates=1 update=112 draw=202 present=3 map=12
[mgba] timing: frame scene=3 tick=5088 clock=27946725 updates=1 update=113 draw=202 present=2 map=12
[mgba] timing: frame scene=3 tick=5089 clock=27951114 updates=1 update=112 draw=202 present=3 map=12
[mgba] timing: frame scene=3 tick=5090 clock=27955503 updates=1 update=113 draw=202 present=2 map=12
[mgba] timing: frame scene=3 tick=5091 clock=27959892 updates=1 update=112 draw=202 present=3 map=12
[mgba] timing: frame scene=3 tick=5092 clock=27964281 updates=1 update=113 draw=202 present=2 map=12
[mgba] timing: frame scene=3 tick=5093 clock=27968670 updates=1 update=112 draw=202 present=3 map=12
[mgba] timing: frame scene=3 tick=5094 clock=27973059 updates=1 update=113 draw=202 present=2 map=12
[mgba] timing: frame scene=3 tick=5095 clock=27977448 updates=1 update=112 draw=202 present=3 map=12
[mgba] timing: frame scene=3 tick=5096 clock=27981837 updates=1 update=113 draw=202 present=2 map=12
[mgba] timing: frame scene=3 tick=5097 clock=27986226 updates=1 update=112 draw=202 present=3 map=12
[mgba] timing: frame scene=3 tick=5098 clock=27990615 updates=1 update=113 draw=202 present=2 map=12
[mgba] timing: frame scene=3 tick=5099 clock=27995004 updates=1 update=113 draw=202 present=3 map=12
[mgba] timing: frame scene=3 tick=5100 clock=27999393 updates=1 update=113 draw=202 present=2 map=12
[mgba] timing: frame scene=3 tick=5101 clock=28003782 updates=1 update=112 draw=202 present=3 map=12
[mgba] timing: frame scene=3 tick=5102 clock=28008171 updates=1 update=113 draw=202 present=2 map=12
[mgba] timing: frame scene=3 tick=5103 clock=28012560 updates=1 update=112 draw=202 present=3 map=12
[mgba] timing: frame scene=3 tick=5104 clock=28016949 updates=1 update=113 draw=202 present=2 map=12
[mgba] timing: frame scene=3 tick=5105 clock=28021338 updates=1 update=112 draw=202 present=3 map=12
[mgba] timing: frame scene=3 tick=5106 clock=28025727 updates=1 update=113 draw=202 present=2 map=12
[mgba] timing: frame scene=3 tick=5107 clock=28030116 updates=1 update=112 draw=202 present=3 map=12
[mgba] timing: frame scene=3 tick=5108 clock=28034505 updates=1 update=113 draw=202 present=2 map=12
[mgba] timing: frame scene=3 tick=5109 clock=28038894 updates=1 update=112 draw=202 present=3 map=12
[mgba] timing: frame scene=3 tick=5110 clock=28043283 updates=1 update=113 draw=202 present=2 map=12
[mgba] timing: frame scene=3 tick=5111 clock=28047672 updates=1 update=112 draw=202 present=3 map=12
[mgba] timing: frame scene=3 tick=5112 clock=28052061 updates=1 update=113 draw=202 present=2 map=12
[mgba] timing: frame scene=3 tick=5113 clock=28056450 updates=1 update=112 draw=202 present=3 map=12
[mgba] timing: frame scene=3 tick=5114 clock=28060839 updates=1 update=113 draw=202 present=2 map=12
[mgba] timing: frame scene=3 tick=5115 clock=28065228 updates=1 update=112 draw=202 present=3 map=12
[mgba] timing: frame scene=3 tick=5116 clock=28069617 updates=1 update=113 draw=202 present=2 map=12
[mgba] timing: frame scene=3 tick=5117 clock=28074006 updates=1 update=112 draw=202 present=3 map=12
[mgba] timing: frame scene=3 tick=5118 clock=28078395 updates=1 update=113 draw=202 present=2 map=12
[mgba] timing: frame scene=3 tick=5119 clock=28082784 updates=1 update=112 draw=202 present=3 map=12
[mgba] timing: frame scene=3 tick=5120 clock=28087173 updates=1 update=113 draw=202 present=2 map=12
[mgba] timing: frame scene=3 tick=5121 clock=28091562 updates=1 update=112 draw=202 present=3 map=12
[mgba] timing: frame scene=3 tick=5122 clock=28095951 updates=1 update=113 draw=202 present=2 map=12
[mgba] timing: frame scene=3 tick=5123 clock=28100340 updates=1 update=112 draw=202 present=3 map=12
[mgba] timing: frame scene=3 tick=5124 clock=28104729 updates=1 update=113 draw=202 present=2 map=12
[mgba] timing: frame scene=3 tick=5125 clock=28109118 updates=1 update=112 draw=202 present=3 map=12
[mgba] timing: frame scene=3 tick=5126 clock=28113507 updates=1 update=113 draw=202 present=2 map=12
[mgba] timing: frame scene=3 tick=5127 clock=28117896 updates=1 update=112 draw=202 present=3 map=12
[mgba] timing: frame scene=3 tick=5128 clock=28122285 updates=1 update=113 draw=202 present=2 map=12
[mgba] timing: frame scene=3 tick=5129 clock=28126674 updates=1 update=112 draw=202 present=3 map=12
[mgba] timing: frame scene=3 tick=5130 clock=28131063 updates=1 update=113 draw=202 present=2 map=12
[mgba] timing: frame scene=3 tick=5131 clock=28135452 updates=1 update=112 draw=202 present=3 map=12
[mgba] timing: frame scene=3 tick=5132 clock=28139841 updates=1 update=113 draw=202 present=2 map=12
[mgba] timing: frame scene=3 tick=5133 clock=28144230 updates=1 update=112 draw=202 present=3 map=12
[mgba] timing: frame scene=3 tick=5134 clock=28148619 updates=1 update=113 draw=202 present=2 map=12
[mgba] timing: frame scene=3 tick=5135 clock=28153008 updates=1 update=112 draw=202 present=3 map=12
[mgba] timing: frame scene=3 tick=5136 clock=28157397 updates=1 update=113 draw=202 present=2 map=12
[mgba] timing: frame scene=3 tick=5137 clock=28161786 updates=1 update=112 draw=202 present=3 map=12
[mgba] timing: frame scene=3 tick=5138 clock=28166175 updates=1 update=113 draw=202 present=2 map=12
[mgba] timing: frame scene=3 tick=5139 clock=28170564 updates=1 update=112 draw=202 present=3 map=12
[mgba] timing: frame scene=3 tick=5140 clock=28174953 updates=1 update=113 draw=202 present=2 map=12
[mgba] timing: frame scene=3 tick=5141 clock=28179342 updates=1 update=112 draw=202 present=3 map=12
[mgba] timing: frame scene=3 tick=5142 clock=28183731 updates=1 update=113 draw=202 present=2 map=12
[mgba] timing: frame scene=3 tick=5143 clock=28188120 updates=1 update=112 draw=202 present=3 map=12
[mgba] timing: frame scene=3 tick=5144 clock=28192509 updates=1 update=113 draw=202 present=2 map=12
[mgba] timing: frame scene=3 tick=5145 clock=28196898 updates=1 update=112 draw=202 present=3 map=12
[mgba] timing: frame scene=3 tick=5146 clock=28201287 updates=1 update=113 draw=202 present=2 map=12
[mgba] timing: frame scene=3 tick=5147 clock=28205676 updates=1 update=112 draw=202 present=3 map=12
[mgba] timing: frame scene=3 tick=5148 clock=28210065 updates=1 update=113 draw=202 present=2 map=12
[mgba] timing: frame scene=3 tick=5149 clock=28214454 updates=1 update=112 draw=202 present=3 map=12
[mgba] timing: frame scene=3 tick=5150 clock=28218843 updates=1 update=113 draw=202 present=2 map=12
[mgba] timing: frame scene=3 tick=5151 clock=28223232 updates=1 update=112 draw=202 present=3 map=12
[mgba] timing: frame scene=3 tick=5152 clock=28227621 updates=1 update=113 draw=202 present=2 map=12
[mgba] timing: frame scene=3 tick=5153 clock=28232010 updates=1 update=112 draw=202 present=3 map=12
[mgba] timing: frame scene=3 tick=5154 clock=28236399 updates=1 update=113 draw=202 present=2 map=12
[mgba] timing: frame scene=3 tick=5155 clock=28240788 updates=1 update=112 draw=202 present=3 map=12
[mgba] timing: frame scene=3 tick=5156 clock=28245177 updates=1 update=113 draw=202 present=2 map=12
[mgba] timing: frame scene=3 tick=5157 clock=28249566 updates=1 update=112 draw=202 present=3 map=12
[mgba] timing: frame scene=3 tick=5158 clock=28253955 updates=1 update=113 draw=202 present=2 map=12
[mgba] timing: frame scene=3 tick=5159 clock=28258344 updates=1 update=113 draw=202 present=3 map=12
[mgba] timing: frame scene=3 tick=5160 clock=28262733 updates=1 update=113 draw=202 present=2 map=12
[mgba] timing: frame scene=3 tick=5161 clock=28267122 updates=1 update=112 draw=202 present=3 map=12
[mgba] timing: frame scene=3 tick=5162 clock=28271511 updates=1 update=113 draw=202 present=2 map=12
[mgba] timing: frame scene=3 tick=5163 clock=28275900 updates=1 update=112 draw=202 present=3 map=12
[mgba] timing: frame scene=3 tick=5164 clock=28280289 updates=1 update=113 draw=202 present=2 map=12
[mgba] timing: frame scene=3 tick=5165 clock=28284678 updates=1 update=112 draw=202 present=3 map=12
[mgba] timing: frame scene=3 tick=5166 clock=28289067 updates=1 update=113 draw=202 present=2 map=12
[mgba] timing: frame scene=3 tick=5167 clock=28293456 updates=1 update=112 draw=202 present=3 map=12
[mgba] timing: frame scene=3 tick=5168 clock=28297845 updates=1 update=113 draw=202 present=2 map=12
[mgba] timing: frame scene=3 tick=5169 clock=28302234 updates=1 update=112 draw=202 present=3 map=12
[mgba] timing: frame scene=3 tick=5170 clock=28306623 updates=1 update=113 draw=202 present=2 map=12
[mgba] timing: frame scene=3 tick=5171 clock=28311012 updates=1 update=112 draw=202 present=3 map=12
[mgba] timing: frame scene=3 tick=5172 clock=28315401 updates=1 update=113 draw=202 present=2 map=12
[mgba] timing: frame scene=3 tick=5173 clock=28319790 updates=1 update=112 draw=202 present=3 map=12
[mgba] timing: frame scene=3 tick=5174 clock=28324179 updates=1 update=113 draw=202 present=2 map=12
[mgba] timing: frame scene=3 tick=5175 clock=28328568 updates=1 update=112 draw=202 present=3 map=12
[mgba] timing: frame scene=3 tick=5176 clock=28332957 updates=1 update=113 draw=202 present=2 map=12
[mgba] timing: frame scene=3 tick=5177 clock=28337346 updates=1 update=112 draw=202 present=3 map=12
[mgba] timing: frame scene=3 tick=5178 clock=28341735 updates=1 update=113 draw=202 present=2 map=12
[mgba] timing: frame scene=3 tick=5179 clock=28346124 updates=1 update=112 draw=202 present=3 map=12
[mgba] timing: frame scene=3 tick=5180 clock=28350513 updates=1 update=113 draw=202 present=2 map=12
[mgba] timing: frame scene=3 tick=5181 clock=28354902 updates=1 update=112 draw=202 present=3 map=12
[mgba] timing: frame scene=3 tick=5182 clock=28359291 updates=1 update=113 draw=202 present=2 map=12
[mgba] timing: frame scene=3 tick=5183 clock=28363680 updates=1 update=112 draw=202 present=3 map=12
[mgba] timing: frame scene=3 tick=5184 clock=28368069 updates=1 update=113 draw=202 present=2 map=12
[mgba] timing: frame scene=3 tick=5185 clock=28372458 updates=1 update=112 draw=202 present=3 map=12
[mgba] timing: frame scene=3 tick=5186 clock=28376847 updates=1 update=113 draw=202 present=2 map=12
[mgba] timing: frame scene=3 tick=5187 clock=28381236 updates=1 update=112 draw=202 present=3 map=12
[mgba] timing: frame scene=3 tick=5188 clock=28385625 updates=1 update=113 draw=202 present=2 map=12
[mgba] timing: frame scene=3 tick=5189 clock=28390014 updates=1 update=112 draw=202 present=3 map=12
[mgba] timing: frame scene=3 tick=5190 clock=28394403 updates=1 update=113 draw=202 present=2 map=12
[mgba] timing: frame scene=3 tick=5191 clock=28398792 updates=1 update=112 draw=202 present=3 map=12
[mgba] timing: frame scene=3 tick=5192 clock=28403181 updates=1 update=113 draw=202 present=2 map=12
[mgba] timing: frame scene=3 tick=5193 clock=28407570 updates=1 update=112 draw=202 present=3 map=12
[mgba] timing: frame scene=3 tick=5194 clock=28411959 updates=1 update=113 draw=202 present=2 map=12
[mgba] timing: frame scene=3 tick=5195 clock=28416348 updates=1 update=112 draw=202 present=3 map=12
[mgba] timing: frame scene=3 tick=5196 clock=28420737 updates=1 update=113 draw=202 present=2 map=12
[mgba] timing: frame scene=3 tick=5197 clock=28425126 updates=1 update=112 draw=202 present=3 map=12
[mgba] timing: frame scene=3 tick=5198 clock=28429515 updates=1 update=113 draw=202 present=2 map=12
[mgba] timing: frame scene=3 tick=5199 clock=28433904 updates=1 update=112 draw=202 present=3 map=12
[mgba] timing: frame scene=3 tick=5200 clock=28438293 updates=1 update=113 draw=202 present=2 map=12
[mgba] timing: frame scene=3 tick=5201 clock=28442682 updates=1 update=112 draw=202 present=3 map=12
[mgba] timing: frame scene=3 tick=5202 clock=28447071 updates=1 update=113 draw=202 present=2 map=12
[mgba] timing: frame scene=3 tick=5203 clock=28451460 updates=1 update=112 draw=202 present=3 map=12
[mgba] timing: frame scene=3 tick=5204 clock=28455849 updates=1 update=113 draw=202 present=2 map=12
[mgba] timing: frame scene=3 tick=5205 clock=28460238 updates=1 update=112 draw=202 present=3 map=12
[mgba] timing: frame scene=3 tick=5206 clock=28464627 updates=1 update=113 draw=202 present=2 map=12
[mgba] timing: frame scene=3 tick=5207 clock=28469016 updates=1 update=112 draw=202 present=3 map=12
[mgba] timing: frame scene=3 tick=5208 clock=28473405 updates=1 update=113 draw=202 present=2 map=12
[mgba] timing: frame scene=3 tick=5209 clock=28477794 updates=1 update=112 draw=202 present=3 map=12
[mgba] timing: frame scene=3 tick=5210 clock=28482183 updates=1 update=113 draw=202 present=2 map=12
[mgba] timing: frame scene=3 tick=5211 clock=28486572 updates=1 update=112 draw=202 present=3 map=12
[mgba] timing: frame scene=3 tick=5212 clock=28490961 updates=1 update=113 draw=202 present=2 map=12
[mgba] timing: frame scene=3 tick=5213 clock=28495350 updates=1 update=112 draw=202 present=3 map=12
[mgba] timing: frame scene=3 tick=5214 clock=28499739 updates=1 update=113 draw=202 present=2 map=12
[mgba] timing: frame scene=3 tick=5215 clock=28504128 updates=1 update=112 draw=202 present=3 map=12
[mgba] timing: frame scene=3 tick=5216 clock=28508517 updates=1 update=113 draw=202 present=2 map=12
[mgba] timing: frame scene=3 tick=5217 clock=28512906 updates=1 update=112 draw=202 present=3 map=12
[mgba] timing: frame scene=3 tick=5218 clock=28517295 updates=1 update=113 draw=202 present=2 map=12
[mgba] timing: frame scene=3 tick=5219 clock=28521684 updates=1 update=113 draw=202 present=3 map=12
[mgba] timing: frame scene=3 tick=5220 clock=28526073 updates=1 update=113 draw=202 present=2 map=12
[mgba] timing: frame scene=3 tick=5221 clock=28530462 updates=1 update=112 draw=202 present=3 map=12
[mgba] timing: frame scene=3 tick=5222 clock=28534851 updates=1 update=113 draw=202 present=2 map=12
[mgba] timing: frame scene=3 tick=5223 clock=28539240 updates=1 update=112 draw=202 present=3 map=12
[mgba] timing: frame scene=3 tick=5224 clock=28543629 updates=1 update=113 draw=202 present=2 map=12
[mgba] timing: frame scene=3 tick=5225 clock=28548018 updates=1 update=112 draw=202 present=3 map=12
[mgba] timing: frame scene=3 tick=5226 clock=28552407 updates=1 update=113 draw=202 present=2 map=12
[mgba] timing: frame scene=3 tick=5227 clock=28556796 updates=1 update=112 draw=202 present=3 map=12
[mgba] timing: frame scene=3 tick=5228 clock=28561185 updates=1 update=113 draw=202 present=2 map=12
[mgba] timing: frame scene=3 tick=5229 clock=28565574 updates=1 update=112 draw=202 present=3 map=12
[mgba] timing: frame scene=3 tick=5230 clock=28569963 updates=1 update=113 draw=202 present=2 map=12
[mgba] timing: frame scene=3 tick=5231 clock=28574352 updates=1 update=112 draw=202 present=3 map=12
[mgba] timing: frame scene=3 tick=5232 clock=28578741 updates=1 update=113 draw=202 present=2 map=12
[mgba] timing: frame scene=3 tick=5233 clock=28583130 updates=1 update=112 draw=202 present=3 map=12
[mgba] timing: frame scene=3 tick=5234 clock=28587519 updates=1 update=113 draw=202 present=2 map=12
[mgba] timing: frame scene=3 tick=5235 clock=28591908 updates=1 update=112 draw=202 present=3 map=12
[mgba] timing: frame scene=3 tick=5236 clock=28596297 updates=1 update=113 draw=202 present=2 map=12
[mgba] timing: frame scene=3 tick=5237 clock=28600686 updates=1 update=112 draw=202 present=3 map=12
[mgba] timing: frame scene=3 tick=5238 clock=28605075 updates=1 update=113 draw=202 present=2 map=12
[mgba] timing: frame scene=3 tick=5239 clock=28609464 updates=1 update=112 draw=202 present=3 map=12
[mgba] timing: frame scene=3 tick=5240 clock=28613853 updates=1 update=113 draw=202 present=2 map=12
[mgba] timing: frame scene=3 tick=5241 clock=28618242 updates=1 update=112 draw=202 present=3 map=12
[mgba] timing: frame scene=3 tick=5242 clock=28622631 updates=1 update=113 draw=202 present=2 map=12
[mgba] timing: frame scene=3 tick=5243 clock=28627020 updates=1 update=112 draw=202 present=3 map=12
[mgba] timing: frame scene=3 tick=5244 clock=28631409 updates=1 update=113 draw=202 present=2 map=12
[mgba] timing: frame scene=3 tick=5245 clock=28635798 updates=1 update=112 draw=202 present=3 map=12
[mgba] timing: frame scene=3 tick=5246 clock=28640187 updates=1 update=113 draw=202 present=2 map=12
[mgba] timing: frame scene=3 tick=5247 clock=28644576 updates=1 update=112 draw=202 present=3 map=12
[mgba] timing: frame scene=3 tick=5248 clock=28648965 updates=1 update=113 draw=202 present=2 map=12
[mgba] timing: frame scene=3 tick=5249 clock=28653354 updates=1 update=112 draw=202 present=3 map=12
[mgba] timing: frame scene=3 tick=5250 clock=28657743 updates=1 update=113 draw=202 present=2 map=12
[mgba] timing: frame scene=3 tick=5251 clock=28662132 updates=1 update=112 draw=202 present=3 map=12
[mgba] timing: frame scene=3 tick=5252 clock=28666521 updates=1 update=113 draw=202 present=2 map=12
[mgba] timing: frame scene=3 tick=5253 clock=28670910 updates=1 update=112 draw=202 present=3 map=12
[mgba] timing: frame scene=3 tick=5254 clock=28675299 updates=1 update=113 draw=202 present=2 map=12
[mgba] timing: frame scene=3 tick=5255 clock=28679688 updates=1 update=112 draw=202 present=3 map=12
[mgba] timing: frame scene=3 tick=5256 clock=28684077 updates=1 update=113 draw=202 present=2 map=12
[mgba] timing: frame scene=3 tick=5257 clock=28688466 updates=1 update=112 draw=202 present=3 map=12
[mgba] timing: frame scene=3 tick=5258 clock=28692855 updates=1 update=113 draw=202 present=2 map=12
[mgba] timing: frame scene=3 tick=5259 clock=28697244 updates=1 update=112 draw=202 present=3 map=12
[mgba] timing: frame scene=3 tick=5260 clock=28701633 updates=1 update=113 draw=202 present=2 map=12
[mgba] timing: frame scene=3 tick=5261 clock=28706022 updates=1 update=112 draw=202 present=3 map=12
[mgba] timing: frame scene=3 tick=5262 clock=28710411 updates=1 update=113 draw=202 present=2 map=12
[mgba] timing: frame scene=3 tick=5263 clock=28714800 updates=1 update=112 draw=202 present=3 map=12
[mgba] timing: frame scene=3 tick=5264 clock=28719189 updates=1 update=113 draw=202 present=2 map=12
[mgba] timing: frame scene=3 tick=5265 clock=28723578 updates=1 update=112 draw=202 present=3 map=12
[mgba] timing: frame scene=3 tick=5266 clock=28727967 updates=1 update=113 draw=202 present=2 map=12
[mgba] timing: frame scene=3 tick=5267 clock=28732356 updates=1 update=112 draw=202 present=3 map=12
[mgba] timing: frame scene=3 tick=5268 clock=28736745 updates=1 update=113 draw=202 present=2 map=12
[mgba] timing: frame scene=3 tick=5269 clock=28741134 updates=1 update=112 draw=202 present=3 map=12
[mgba] timing: frame scene=3 tick=5270 clock=28745523 updates=1 update=113 draw=202 present=2 map=12
[mgba] timing: frame scene=3 tick=5271 clock=28749912 updates=1 update=112 draw=202 present=3 map=12
[mgba] timing: frame scene=3 tick=5272 clock=28754301 updates=1 update=113 draw=202 present=2 map=12
[mgba] timing: frame scene=3 tick=5273 clock=28758690 updates=1 update=112 draw=202 present=3 map=12
[mgba] timing: frame scene=3 tick=5274 clock=28763079 updates=1 update=113 draw=202 present=2 map=12
[mgba] timing: frame scene=3 tick=5275 clock=28767468 updates=1 update=112 draw=202 present=3 map=12
[mgba] timing: frame scene=3 tick=5276 clock=28771857 updates=1 update=113 draw=202 present=2 map=12
[mgba] timing: frame scene=3 tick=5277 clock=28776246 updates=1 update=112 draw=202 present=3 map=12
[mgba] timing: frame scene=3 tick=5278 clock=28780635 updates=1 update=113 draw=202 present=2 map=12
[mgba] timing: frame scene=3 tick=5279 clock=28785024 updates=1 update=113 draw=202 present=3 map=12
[mgba] timing: frame scene=3 tick=5280 clock=28789413 updates=1 update=113 draw=202 present=2 map=12
[mgba] timing: frame scene=3 tick=5281 clock=28793802 updates=1 update=112 draw=202 present=3 map=12
[mgba] timing: frame scene=3 tick=5282 clock=28798191 updates=1 update=113 draw=202 present=2 map=12
[mgba] timing: frame scene=3 tick=5283 clock=28802580 updates=1 update=112 draw=202 present=3 map=12
[mgba] timing: frame scene=3 tick=5284 clock=28806969 updates=1 update=113 draw=202 present=2 map=12
[mgba] timing: frame scene=3 tick=5285 clock=28811358 updates=1 update=112 draw=202 present=3 map=12
[mgba] timing: frame scene=3 tick=5286 clock=28815747 updates=1 update=113 draw=202 present=2 map=12
[mgba] timing: frame scene=3 tick=5287 clock=28820136 updates=1 update=112 draw=202 present=3 map=12
[mgba] timing: frame scene=3 tick=5288 clock=28824525 updates=1 update=113 draw=202 present=2 map=12
[mgba] timing: frame scene=3 tick=5289 clock=28828914 updates=1 update=112 draw=202 present=3 map=12
[mgba] timing: frame scene=3 tick=5290 clock=28833303 updates=1 update=113 draw=202 present=2 map=12
[mgba] timing: frame scene=3 tick=5291 clock=28837692 updates=1 update=112 draw=202 present=3 map=12
[mgba] timing: frame scene=3 tick=5292 clock=28842081 updates=1 update=113 draw=202 present=2 map=12
[mgba] timing: frame scene=3 tick=5293 clock=28846470 updates=1 update=112 draw=202 present=3 map=12
[mgba] timing: frame scene=3 tick=5294 clock=28850859 updates=1 update=113 draw=202 present=2 map=12
[mgba] timing: frame scene=3 tick=5295 clock=28855248 updates=1 update=112 draw=202 present=3 map=12
[mgba] timing: frame scene=3 tick=5296 clock=28859637 updates=1 update=113 draw=202 present=2 map=12
[mgba] timing: frame scene=3 tick=5297 clock=28864026 updates=1 update=112 draw=202 present=3 map=12
[mgba] timing: frame scene=3 tick=5298 clock=28868415 updates=1 update=113 draw=202 present=2 map=12
[mgba] timing: frame scene=3 tick=5299 clock=28872804 updates=1 update=112 draw=202 present=3 map=12
[mgba] timing: frame scene=3 tick=5300 clock=28877193 updates=1 update=113 draw=202 present=2 map=12
[mgba] timing: frame scene=3 tick=5301 clock=28881582 updates=1 update=112 draw=202 present=3 map=12
[mgba] timing: frame scene=3 tick=5302 clock=28885971 updates=1 update=113 draw=202 present=2 map=12
[mgba] timing: frame scene=3 tick=5303 clock=28890360 updates=1 update=112 draw=202 present=3 map=12
[mgba] timing: frame scene=3 tick=5304 clock=28894749 updates=1 update=113 draw=202 present=2 map=12
[mgba] timing: frame scene=3 tick=5305 clock=28899138 updates=1 update=112 draw=202 present=3 map=12
[mgba] timing: frame scene=3 tick=5306 clock=28903527 updates=1 update=113 draw=202 present=2 map=12
[mgba] timing: frame scene=3 tick=5307 clock=28907916 updates=1 update=112 draw=202 present=3 map=12
[mgba] timing: frame scene=3 tick=5308 clock=28912305 updates=1 update=113 draw=202 present=2 map=12
[mgba] timing: frame scene=3 tick=5309 clock=28916694 updates=1 update=112 draw=202 present=3 map=12
[mgba] timing: frame scene=3 tick=5310 clock=28921083 updates=1 update=113 draw=202 present=2 map=12
[mgba] timing: frame scene=3 tick=5311 clock=28925472 updates=1 update=112 draw=202 present=3 map=12
[mgba] timing: frame scene=3 tick=5312 clock=28929861 updates=1 update=113 draw=202 present=2 map=12
[mgba] timing: frame scene=3 tick=5313 clock=28934250 updates=1 update=112 draw=202 present=3 map=12
[mgba] timing: frame scene=3 tick=5314 clock=28938639 updates=1 update=113 draw=202 present=2 map=12
[mgba] timing: frame scene=3 tick=5315 clock=28943028 updates=1 update=112 draw=202 present=3 map=12
[mgba] timing: frame scene=3 tick=5316 clock=28947417 updates=1 update=113 draw=202 present=2 map=12
[mgba] timing: frame scene=3 tick=5317 clock=28951806 updates=1 update=112 draw=202 present=3 map=12
[mgba] timing: frame scene=3 tick=5318 clock=28956195 updates=1 update=113 draw=202 present=2 map=12
[mgba] timing: frame scene=3 tick=5319 clock=28960584 updates=1 update=112 draw=202 present=3 map=12
[mgba] timing: frame scene=3 tick=5320 clock=28964973 updates=1 update=113 draw=202 present=2 map=12
[mgba] timing: frame scene=3 tick=5321 clock=28969362 updates=1 update=112 draw=202 present=3 map=12
[mgba] timing: frame scene=3 tick=5322 clock=28973751 updates=1 update=113 draw=202 present=2 map=12
[mgba] timing: frame scene=3 tick=5323 clock=28978140 updates=1 update=112 draw=202 present=3 map=12
[mgba] timing: frame scene=3 tick=5324 clock=28982529 updates=1 update=113 draw=202 present=2 map=12
[mgba] timing: frame scene=3 tick=5325 clock=28986918 updates=1 update=112 draw=202 present=3 map=12
[mgba] timing: frame scene=3 tick=5326 clock=28991307 updates=1 update=113 draw=202 present=2 map=12
[mgba] timing: frame scene=3 tick=5327 clock=28995696 updates=1 update=112 draw=202 present=3 map=12
[mgba] timing: frame scene=3 tick=5328 clock=29000085 updates=1 update=113 draw=202 present=2 map=12
[mgba] timing: frame scene=3 tick=5329 clock=29004474 updates=1 update=112 draw=202 present=3 map=12
[mgba] timing: frame scene=3 tick=5330 clock=29008863 updates=1 update=113 draw=202 present=2 map=12
[mgba] timing: frame scene=3 tick=5331 clock=29013252 updates=1 update=112 draw=202 present=3 map=12
[mgba] timing: frame scene=3 tick=5332 clock=29017641 updates=1 update=113 draw=202 present=2 map=12
[mgba] timing: frame scene=3 tick=5333 clock=29022030 updates=1 update=112 draw=202 present=3 map=12
[mgba] timing: frame scene=3 tick=5334 clock=29026419 updates=1 update=113 draw=202 present=2 map=12
[mgba] timing: frame scene=3 tick=5335 clock=29030808 updates=1 update=112 draw=202 present=3 map=12
[mgba] timing: frame scene=3 tick=5336 clock=29035197 updates=1 update=113 draw=202 present=2 map=12
[mgba] timing: frame scene=3 tick=5337 clock=29039586 updates=1 update=112 draw=202 present=3 map=12
[mgba] timing: frame scene=3 tick=5338 clock=29043975 updates=1 update=113 draw=202 present=2 map=12
[mgba] timing: frame scene=3 tick=5339 clock=29048364 updates=1 update=113 draw=202 present=3 map=12
[mgba] timing: frame scene=3 tick=5340 clock=29052753 updates=1 update=113 draw=202 present=2 map=12
[mgba] timing: frame scene=3 tick=5341 clock=29057142 updates=1 update=112 draw=202 present=3 map=12
[mgba] timing: frame scene=3 tick=5342 clock=29061531 updates=1 update=113 draw=202 present=2 map=12
[mgba] timing: frame scene=3 tick=5343 clock=29065920 updates=1 update=112 draw=202 present=3 map=12
[mgba] timing: frame scene=3 tick=5344 clock=29070309 updates=1 update=113 draw=202 present=2 map=12
[mgba] timing: frame scene=3 tick=5345 clock=29074698 updates=1 update=112 draw=202 present=3 map=12
[mgba] timing: frame scene=3 tick=5346 clock=29079087 updates=1 update=113 draw=202 present=2 map=12
[mgba] timing: frame scene=3 tick=5347 clock=29083476 updates=1 update=112 draw=202 present=3 map=12
[mgba] timing: frame scene=3 tick=5348 clock=29087865 updates=1 update=113 draw=202 present=2 map=12
[mgba] timing: frame scene=3 tick=5349 clock=29092254 updates=1 update=112 draw=202 present=3 map=12
[mgba] timing: frame scene=3 tick=5350 clock=29096643 updates=1 update=113 draw=202 present=2 map=12
[mgba] timing: frame scene=3 tick=5351 clock=29101032 updates=1 update=112 draw=202 present=3 map=12
[mgba] timing: frame scene=3 tick=5352 clock=29105421 updates=1 update=113 draw=202 present=2 map=12
[mgba] timing: frame scene=3 tick=5353 clock=29109810 updates=1 update=112 draw=202 present=3 map=12
[mgba] timing: frame scene=3 tick=5354 clock=29114199 updates=1 update=113 draw=202 present=2 map=12
[mgba] timing: frame scene=3 tick=5355 clock=29118588 updates=1 update=112 draw=202 present=3 map=12
[mgba] timing: frame scene=3 tick=5356 clock=29122977 updates=1 update=113 draw=202 present=2 map=12
[mgba] timing: frame scene=3 tick=5357 clock=29127366 updates=1 update=112 draw=202 present=3 map=12
[mgba] timing: frame scene=3 tick=5358 clock=29131755 updates=1 update=113 draw=202 present=2 map=12
[mgba] timing: frame scene=3 tick=5359 clock=29136144 updates=1 update=112 draw=202 present=3 map=12
[mgba] timing: frame scene=3 tick=5360 clock=29140533 updates=1 update=113 draw=202 present=2 map=12
[mgba] timing: frame scene=3 tick=5361 clock=29144922 updates=1 update=112 draw=202 present=3 map=12
[mgba] timing: frame scene=3 tick=5362 clock=29149311 updates=1 update=113 draw=202 present=2 map=12
[mgba] timing: frame scene=3 tick=5363 clock=29153700 updates=1 update=112 draw=202 present=3 map=12
[mgba] timing: frame scene=3 tick=5364 clock=29158089 updates=1 update=113 draw=202 present=2 map=12
[mgba] timing: frame scene=3 tick=5365 clock=29162478 updates=1 update=112 draw=202 present=3 map=12
[mgba] timing: frame scene=3 tick=5366 clock=29166867 updates=1 update=113 draw=202 present=2 map=12
[mgba] timing: frame scene=3 tick=5367 clock=29171256 updates=1 update=112 draw=202 present=3 map=12
[mgba] timing: frame scene=3 tick=5368 clock=29175645 updates=1 update=113 draw=202 present=2 map=12
[mgba] timing: frame scene=3 tick=5369 clock=29180034 updates=1 update=112 draw=202 present=3 map=12
[mgba] timing: frame scene=3 tick=5370 clock=29184423 updates=1 update=113 draw=202 present=2 map=12
[mgba] timing: frame scene=3 tick=5371 clock=29188812 updates=1 update=112 draw=202 present=3 map=12
[mgba] timing: frame scene=3 tick=5372 clock=29193201 updates=1 update=113 draw=202 present=2 map=12
[mgba] timing: frame scene=3 tick=5373 clock=29197590 updates=1 update=112 draw=202 present=3 map=12
[mgba] timing: frame scene=3 tick=5374 clock=29201979 updates=1 update=113 draw=202 present=2 map=12
[mgba] timing: frame scene=3 tick=5375 clock=29206368 updates=1 update=112 draw=202 present=3 map=12
[mgba] timing: frame scene=3 tick=5376 clock=29210757 updates=1 update=113 draw=202 present=2 map=12
[mgba] timing: frame scene=3 tick=5377 clock=29215146 updates=1 update=112 draw=202 present=3 map=12
[mgba] timing: frame scene=3 tick=5378 clock=29219535 updates=1 update=113 draw=202 present=2 map=12
[mgba] timing: frame scene=3 tick=5379 clock=29223924 updates=1 update=112 draw=202 present=3 map=12
[mgba] timing: frame scene=3 tick=5380 clock=29228313 updates=1 update=113 draw=202 present=2 map=12
[mgba] timing: frame scene=3 tick=5381 clock=29232702 updates=1 update=112 draw=202 present=3 map=12
[mgba] timing: frame scene=3 tick=5382 clock=29237091 updates=1 update=113 draw=202 present=2 map=12
[mgba] timing: frame scene=3 tick=5383 clock=29241480 updates=1 update=112 draw=202 present=3 map=12
[mgba] timing: frame scene=3 tick=5384 clock=29245869 updates=1 update=113 draw=202 present=2 map=12
[mgba] timing: frame scene=3 tick=5385 clock=29250258 updates=1 update=112 draw=202 present=3 map=12
[mgba] timing: frame scene=3 tick=5386 clock=29254647 updates=1 update=113 draw=202 present=2 map=12
[mgba] timing: frame scene=3 tick=5387 clock=29259036 updates=1 update=112 draw=202 present=3 map=12
[mgba] timing: frame scene=3 tick=5388 clock=29263425 updates=1 update=113 draw=202 present=2 map=12
[mgba] timing: frame scene=3 tick=5389 clock=29267814 updates=1 update=112 draw=202 present=3 map=12
[mgba] timing: frame scene=3 tick=5390 clock=29272203 updates=1 update=113 draw=202 present=2 map=12
[mgba] timing: frame scene=3 tick=5391 clock=29276592 updates=1 update=112 draw=202 present=3 map=12
[mgba] timing: frame scene=3 tick=5392 clock=29280981 updates=1 update=113 draw=202 present=2 map=12
[mgba] timing: frame scene=3 tick=5393 clock=29285370 updates=1 update=112 draw=202 present=3 map=12
[mgba] timing: frame scene=3 tick=5394 clock=29289759 updates=1 update=113 draw=202 present=2 map=12
[mgba] timing: frame scene=3 tick=5395 clock=29294148 updates=1 update=112 draw=202 present=3 map=12
[mgba] timing: frame scene=3 tick=5396 clock=29298537 updates=1 update=113 draw=202 present=2 map=12
[mgba] timing: frame scene=3 tick=5397 clock=29302926 updates=1 update=112 draw=202 present=3 map=12
[mgba] timing: frame scene=3 tick=5398 clock=29307315 updates=1 update=113 draw=202 present=2 map=12
[mgba] timing: frame scene=3 tick=5399 clock=29311704 updates=1 update=113 draw=202 present=3 map=12
[mgba] timing: frame scene=3 tick=5400 clock=29316093 updates=1 update=113 draw=202 present=2 map=12
[mgba] timing: frame scene=3 tick=5401 clock=29320482 updates=1 update=112 draw=202 present=3 map=12
[mgba] timing: frame scene=3 tick=5402 clock=29324871 updates=1 update=113 draw=202 present=2 map=12
[mgba] timing: frame scene=3 tick=5403 clock=29329260 updates=1 update=112 draw=202 present=3 map=12
[mgba] timing: frame scene=3 tick=5404 clock=29333649 updates=1 update=113 draw=202 present=2 map=12
[mgba] timing: frame scene=3 tick=5405 clock=29338038 updates=1 update=112 draw=202 present=3 map=12
[mgba] timing: frame scene=3 tick=5406 clock=29342427 updates=1 update=113 draw=202 present=2 map=12
[mgba] timing: frame scene=3 tick=5407 clock=29346816 updates=1 update=112 draw=202 present=3 map=12
[mgba] timing: frame scene=3 tick=5408 clock=29351205 updates=1 update=113 draw=202 present=2 map=12
[mgba] timing: frame scene=3 tick=5409 clock=29355594 updates=1 update=112 draw=202 present=3 map=12
[mgba] timing: frame scene=3 tick=5410 clock=29359983 updates=1 update=113 draw=202 present=2 map=12
[mgba] timing: START move=33 player=true scene=10 tick=5411
[mgba] timing: frame scene=10 tick=5412 clock=29368761 updates=1 update=139 draw=7737 present=786 map=12
[mgba] timing: frame scene=10 tick=5413 clock=29377660 updates=1 update=114 draw=8147 present=798 map=12
[mgba] timing: frame scene=10 tick=5414 clock=29386944 updates=1 update=114 draw=7305 present=798 map=12
[mgba] timing: frame scene=10 tick=5415 clock=29395386 updates=1 update=133 draw=5073 present=786 map=12
[mgba] timing: frame scene=10 tick=5416 clock=29403875 updates=1 update=113 draw=5073 present=786 map=12
[mgba] timing: frame scene=10 tick=5417 clock=29412651 updates=1 update=113 draw=7305 present=785 map=12
[mgba] timing: frame scene=10 tick=5418 clock=29421429 updates=1 update=136 draw=5092 present=785 map=12
[mgba] timing: END scene=10 ticks=7
[mgba] timing: START move=33 player=false scene=11 tick=5419
[mgba] timing: frame scene=11 tick=5420 clock=29434596 updates=1 update=136 draw=7738 present=786 map=12
[mgba] timing: frame scene=11 tick=5421 clock=29443493 updates=1 update=113 draw=8138 present=799 map=12
[mgba] timing: frame scene=11 tick=5422 clock=29452767 updates=1 update=112 draw=18550 present=785 map=12
[mgba] timing: frame scene=11 tick=5423 clock=29474097 updates=1 update=134 draw=5081 present=785 map=12
[mgba] timing: frame scene=11 tick=5424 clock=29482875 updates=1 update=113 draw=5080 present=785 map=12
[mgba] timing: frame scene=11 tick=5425 clock=29491653 updates=1 update=112 draw=18551 present=785 map=12
[mgba] timing: frame scene=11 tick=5426 clock=29513598 updates=1 update=136 draw=5099 present=785 map=12
[mgba] timing: END scene=11 ticks=7
[mgba] timing: START move=45 player=true scene=12 tick=5427
[mgba] timing: frame scene=12 tick=5428 clock=29526765 updates=1 update=125 draw=7720 present=786 map=12
[mgba] timing: frame scene=12 tick=5429 clock=29535633 updates=1 update=120 draw=8140 present=798 map=12
[mgba] timing: frame scene=12 tick=5430 clock=29544916 updates=1 update=120 draw=5073 present=785 map=12
[mgba] timing: frame scene=12 tick=5431 clock=29553101 updates=1 update=119 draw=5073 present=785 map=12
[mgba] timing: frame scene=12 tick=5432 clock=29561877 updates=1 update=121 draw=5072 present=786 map=12
[mgba] timing: frame scene=12 tick=5433 clock=29570655 updates=1 update=120 draw=5073 present=785 map=12
[mgba] timing: frame scene=12 tick=5434 clock=29579433 updates=1 update=121 draw=5072 present=786 map=12
[mgba] timing: frame scene=12 tick=5435 clock=29588211 updates=1 update=120 draw=5073 present=785 map=12
[mgba] timing: frame scene=12 tick=5436 clock=29596989 updates=1 update=121 draw=5072 present=786 map=12
[mgba] timing: frame scene=12 tick=5437 clock=29605767 updates=1 update=120 draw=5073 present=785 map=12
[mgba] timing: frame scene=12 tick=5438 clock=29614545 updates=1 update=258 draw=5074 present=786 map=12
[mgba] timing: frame scene=12 tick=5439 clock=29623323 updates=1 update=136 draw=9236 present=786 map=12
[mgba] timing: frame scene=12 tick=5440 clock=29636490 updates=1 update=137 draw=6766 present=786 map=12
[mgba] timing: frame scene=12 tick=5441 clock=29645268 updates=1 update=136 draw=6766 present=785 map=12
[mgba] timing: frame scene=12 tick=5442 clock=29654046 updates=1 update=136 draw=6766 present=785 map=12
[mgba] timing: frame scene=12 tick=5443 clock=29662824 updates=1 update=136 draw=6766 present=785 map=12
[mgba] timing: frame scene=12 tick=5444 clock=29671602 updates=1 update=300 draw=6766 present=786 map=12
[mgba] timing: frame scene=12 tick=5445 clock=29680380 updates=1 update=148 draw=7785 present=785 map=12
[mgba] timing: frame scene=12 tick=5446 clock=29689335 updates=1 update=149 draw=7784 present=799 map=12
[mgba] timing: frame scene=12 tick=5447 clock=29698291 updates=1 update=148 draw=7785 present=798 map=12
[mgba] timing: frame scene=12 tick=5448 clock=29707246 updates=1 update=149 draw=7785 present=798 map=12
[mgba] timing: frame scene=12 tick=5449 clock=29716202 updates=1 update=148 draw=7785 present=798 map=12
[mgba] timing: frame scene=12 tick=5450 clock=29725158 updates=1 update=302 draw=7797 present=785 map=12
[mgba] timing: frame scene=12 tick=5451 clock=29734267 updates=1 update=148 draw=7851 present=785 map=12
[mgba] timing: frame scene=12 tick=5452 clock=29746215 updates=1 update=150 draw=7838 present=798 map=12
[mgba] timing: frame scene=12 tick=5453 clock=29755226 updates=1 update=148 draw=7839 present=798 map=12
[mgba] timing: frame scene=12 tick=5454 clock=29764236 updates=1 update=148 draw=7839 present=798 map=12
[mgba] timing: frame scene=12 tick=5455 clock=29773245 updates=1 update=148 draw=7839 present=798 map=12
[mgba] timing: frame scene=12 tick=5456 clock=29782254 updates=1 update=302 draw=7852 present=785 map=12
[mgba] timing: frame scene=12 tick=5457 clock=29794494 updates=1 update=149 draw=7853 present=799 map=12
[mgba] timing: frame scene=12 tick=5458 clock=29803519 updates=1 update=149 draw=7853 present=798 map=12
[mgba] timing: frame scene=12 tick=5459 clock=29812544 updates=1 update=149 draw=7853 present=798 map=12
[mgba] timing: frame scene=12 tick=5460 clock=29821569 updates=1 update=148 draw=7853 present=799 map=12
[mgba] timing: frame scene=12 tick=5461 clock=29830868 updates=1 update=148 draw=7866 present=785 map=12
[mgba] timing: frame scene=12 tick=5462 clock=29842773 updates=1 update=303 draw=7853 present=799 map=12
[mgba] timing: frame scene=12 tick=5463 clock=29851952 updates=1 update=148 draw=7847 present=798 map=12
[mgba] timing: frame scene=12 tick=5464 clock=29860970 updates=1 update=149 draw=7847 present=798 map=12
[mgba] timing: frame scene=12 tick=5465 clock=29869989 updates=1 update=147 draw=7861 present=785 map=12
[mgba] timing: frame scene=12 tick=5466 clock=29879006 updates=1 update=149 draw=7860 present=785 map=12
[mgba] timing: frame scene=12 tick=5467 clock=29891052 updates=1 update=149 draw=7847 present=799 map=12
[mgba] timing: frame scene=12 tick=5468 clock=29900071 updates=1 update=302 draw=7847 present=799 map=12
[mgba] timing: frame scene=12 tick=5469 clock=29909243 updates=1 update=148 draw=7834 present=798 map=12
[mgba] timing: frame scene=12 tick=5470 clock=29918248 updates=1 update=148 draw=7847 present=786 map=12
[mgba] timing: frame scene=12 tick=5471 clock=29927253 updates=1 update=148 draw=7847 present=785 map=12
[mgba] timing: frame scene=12 tick=5472 clock=29939331 updates=1 update=150 draw=7834 present=798 map=12
[mgba] timing: frame scene=12 tick=5473 clock=29948338 updates=1 update=148 draw=7834 present=798 map=12
[mgba] timing: frame scene=12 tick=5474 clock=29957342 updates=1 update=302 draw=7834 present=798 map=12
[mgba] timing: frame scene=12 tick=5475 clock=29966501 updates=1 update=148 draw=7817 present=785 map=12
[mgba] timing: frame scene=12 tick=5476 clock=29975476 updates=1 update=148 draw=7817 present=785 map=12
[mgba] timing: frame scene=12 tick=5477 clock=29984451 updates=1 update=148 draw=7817 present=785 map=12
[mgba] timing: frame scene=12 tick=5478 clock=29996388 updates=1 update=150 draw=7804 present=785 map=12
[mgba] timing: frame scene=12 tick=5479 clock=30005365 updates=1 update=148 draw=7804 present=798 map=12
[mgba] timing: frame scene=12 tick=5480 clock=30014340 updates=1 update=302 draw=7804 present=798 map=12
[mgba] timing: frame scene=12 tick=5481 clock=30023469 updates=1 update=147 draw=7937 present=786 map=12
[mgba] timing: frame scene=12 tick=5482 clock=30032563 updates=1 update=149 draw=7937 present=785 map=12
[mgba] timing: frame scene=12 tick=5483 clock=30044667 updates=1 update=149 draw=7924 present=798 map=12
[mgba] timing: frame scene=12 tick=5484 clock=30053763 updates=1 update=149 draw=7924 present=798 map=12
[mgba] timing: frame scene=12 tick=5485 clock=30062859 updates=1 update=147 draw=7925 present=798 map=12
[mgba] timing: frame scene=12 tick=5486 clock=30071954 updates=1 update=301 draw=7937 present=786 map=12
[mgba] timing: frame scene=12 tick=5487 clock=30084168 updates=1 update=149 draw=7865 present=799 map=12
[mgba] timing: frame scene=12 tick=5488 clock=30093205 updates=1 update=149 draw=7865 present=798 map=12
[mgba] timing: frame scene=12 tick=5489 clock=30102242 updates=1 update=147 draw=7866 present=798 map=12
[mgba] timing: frame scene=12 tick=5490 clock=30111277 updates=1 update=149 draw=7878 present=785 map=12
[mgba] timing: frame scene=12 tick=5491 clock=30120314 updates=1 update=148 draw=7878 present=785 map=12
[mgba] timing: frame scene=12 tick=5492 clock=30129350 updates=1 update=197 draw=7878 present=785 map=12
[mgba] timing: frame scene=12 tick=5493 clock=30141225 updates=1 update=164 draw=7860 present=798 map=12
[mgba] timing: END scene=12 ticks=66
[mgba] timing: START move=45 player=false scene=13 tick=5494
[mgba] timing: frame scene=13 tick=5495 clock=30158783 updates=1 update=124 draw=7756 present=785 map=12
[mgba] timing: frame scene=13 tick=5496 clock=30167686 updates=1 update=120 draw=8143 present=799 map=12
[mgba] timing: frame scene=13 tick=5497 clock=30176972 updates=1 update=120 draw=5074 present=785 map=12
[mgba] timing: frame scene=13 tick=5498 clock=30185117 updates=1 update=120 draw=5074 present=786 map=12
[mgba] timing: frame scene=13 tick=5499 clock=30193893 updates=1 update=120 draw=5074 present=785 map=12
[mgba] timing: frame scene=13 tick=5500 clock=30202671 updates=1 update=121 draw=5074 present=785 map=12
[mgba] timing: frame scene=13 tick=5501 clock=30211449 updates=1 update=120 draw=5074 present=785 map=12
[mgba] timing: frame scene=13 tick=5502 clock=30220227 updates=1 update=121 draw=5074 present=785 map=12
[mgba] timing: frame scene=13 tick=5503 clock=30229005 updates=1 update=121 draw=5073 present=785 map=12
[mgba] timing: frame scene=13 tick=5504 clock=30237783 updates=1 update=121 draw=5074 present=785 map=12
[mgba] timing: frame scene=13 tick=5505 clock=30246561 updates=1 update=257 draw=5080 present=785 map=12
[mgba] timing: frame scene=13 tick=5506 clock=30255339 updates=1 update=136 draw=9259 present=786 map=12
[mgba] timing: frame scene=13 tick=5507 clock=30268506 updates=1 update=137 draw=6786 present=785 map=12
[mgba] timing: frame scene=13 tick=5508 clock=30277284 updates=1 update=136 draw=6787 present=785 map=12
[mgba] timing: frame scene=13 tick=5509 clock=30286062 updates=1 update=136 draw=6786 present=785 map=12
[mgba] timing: frame scene=13 tick=5510 clock=30294840 updates=1 update=136 draw=6787 present=785 map=12
[mgba] timing: frame scene=13 tick=5511 clock=30303618 updates=1 update=300 draw=6786 present=786 map=12
[mgba] timing: frame scene=13 tick=5512 clock=30312396 updates=1 update=149 draw=7804 present=785 map=12
[mgba] timing: frame scene=13 tick=5513 clock=30321372 updates=1 update=148 draw=7803 present=798 map=12
[mgba] timing: frame scene=13 tick=5514 clock=30330346 updates=1 update=148 draw=7804 present=798 map=12
[mgba] timing: frame scene=13 tick=5515 clock=30339321 updates=1 update=148 draw=7804 present=798 map=12
[mgba] timing: frame scene=13 tick=5516 clock=30348295 updates=1 update=149 draw=7804 present=798 map=12
[mgba] timing: frame scene=13 tick=5517 clock=30357271 updates=1 update=302 draw=7816 present=785 map=12
[mgba] timing: frame scene=13 tick=5518 clock=30369453 updates=1 update=150 draw=7801 present=785 map=12
[mgba] timing: frame scene=13 tick=5519 clock=30378427 updates=1 update=149 draw=7801 present=798 map=12
[mgba] timing: frame scene=13 tick=5520 clock=30387400 updates=1 update=148 draw=7801 present=799 map=12
[mgba] timing: frame scene=13 tick=5521 clock=30396644 updates=1 update=148 draw=7813 present=785 map=12
[mgba] timing: frame scene=13 tick=5522 clock=30405615 updates=1 update=149 draw=7814 present=785 map=12
[mgba] timing: frame scene=13 tick=5523 clock=30414588 updates=1 update=302 draw=7813 present=786 map=12
[mgba] timing: frame scene=13 tick=5524 clock=30426510 updates=1 update=150 draw=7803 present=786 map=12
[mgba] timing: frame scene=13 tick=5525 clock=30435486 updates=1 update=149 draw=7802 present=799 map=12
[mgba] timing: frame scene=13 tick=5526 clock=30444460 updates=1 update=149 draw=7804 present=798 map=12
[mgba] timing: frame scene=13 tick=5527 clock=30453435 updates=1 update=149 draw=7802 present=799 map=12
[mgba] timing: frame scene=13 tick=5528 clock=30462409 updates=1 update=149 draw=7804 present=798 map=12
[mgba] timing: frame scene=13 tick=5529 clock=30471384 updates=1 update=302 draw=7816 present=785 map=12
[mgba] timing: frame scene=13 tick=5530 clock=30483567 updates=1 update=150 draw=7809 present=786 map=12
[mgba] timing: frame scene=13 tick=5531 clock=30492549 updates=1 update=149 draw=7808 present=799 map=12
[mgba] timing: frame scene=13 tick=5532 clock=30501529 updates=1 update=149 draw=7809 present=799 map=12
[mgba] timing: frame scene=13 tick=5533 clock=30510510 updates=1 update=149 draw=7809 present=798 map=12
[mgba] timing: frame scene=13 tick=5534 clock=30519490 updates=1 update=149 draw=7823 present=785 map=12
[mgba] timing: frame scene=13 tick=5535 clock=30528472 updates=1 update=301 draw=7822 present=786 map=12
[mgba] timing: frame scene=13 tick=5536 clock=30540624 updates=1 update=150 draw=7806 present=785 map=12
[mgba] timing: frame scene=13 tick=5537 clock=30549603 updates=1 update=148 draw=7805 present=798 map=12
[mgba] timing: frame scene=13 tick=5538 clock=30558579 updates=1 update=148 draw=7806 present=798 map=12
[mgba] timing: frame scene=13 tick=5539 clock=30567556 updates=1 update=148 draw=7805 present=799 map=12
[mgba] timing: frame scene=13 tick=5540 clock=30576532 updates=1 update=149 draw=7806 present=798 map=12
[mgba] timing: frame scene=13 tick=5541 clock=30585510 updates=1 update=301 draw=7818 present=786 map=12
[mgba] timing: frame scene=13 tick=5542 clock=30597681 updates=1 update=150 draw=7784 present=786 map=12
[mgba] timing: frame scene=13 tick=5543 clock=30606638 updates=1 update=148 draw=7784 present=798 map=12
[mgba] timing: frame scene=13 tick=5544 clock=30615593 updates=1 update=149 draw=7784 present=798 map=12
[mgba] timing: frame scene=13 tick=5545 clock=30624549 updates=1 update=148 draw=7784 present=798 map=12
[mgba] timing: frame scene=13 tick=5546 clock=30633504 updates=1 update=148 draw=7785 present=798 map=12
[mgba] timing: frame scene=13 tick=5547 clock=30642460 updates=1 update=302 draw=7796 present=785 map=12
[mgba] timing: frame scene=13 tick=5548 clock=30651568 updates=1 update=149 draw=7814 present=785 map=12
[mgba] timing: frame scene=13 tick=5549 clock=30663516 updates=1 update=150 draw=7800 present=785 map=12
[mgba] timing: frame scene=13 tick=5550 clock=30672489 updates=1 update=149 draw=7801 present=798 map=12
[mgba] timing: frame scene=13 tick=5551 clock=30681461 updates=1 update=149 draw=7800 present=798 map=12
[mgba] timing: frame scene=13 tick=5552 clock=30690433 updates=1 update=148 draw=7802 present=798 map=12
[mgba] timing: frame scene=13 tick=5553 clock=30699405 updates=1 update=302 draw=7814 present=785 map=12
[mgba] timing: frame scene=13 tick=5554 clock=30708530 updates=1 update=149 draw=7804 present=786 map=12
[mgba] timing: frame scene=13 tick=5555 clock=30720573 updates=1 update=150 draw=7791 present=785 map=12
[mgba] timing: frame scene=13 tick=5556 clock=30729536 updates=1 update=149 draw=7791 present=798 map=12
[mgba] timing: frame scene=13 tick=5557 clock=30738498 updates=1 update=149 draw=7790 present=799 map=12
[mgba] timing: frame scene=13 tick=5558 clock=30747460 updates=1 update=148 draw=7792 present=798 map=12
[mgba] timing: frame scene=13 tick=5559 clock=30756422 updates=1 update=197 draw=7791 present=798 map=12
[mgba] timing: frame scene=13 tick=5560 clock=30765432 updates=1 update=163 draw=7845 present=785 map=12
[mgba] timing: END scene=13 ticks=66
[mgba] timing: START move=10 player=true scene=14 tick=5561
[mgba] timing: frame scene=14 tick=5562 clock=30782021 updates=1 update=124 draw=7743 present=785 map=12
[mgba] timing: frame scene=14 tick=5563 clock=30790910 updates=1 update=121 draw=8139 present=798 map=12
[mgba] timing: frame scene=14 tick=5564 clock=30800193 updates=1 update=120 draw=5072 present=785 map=12
[mgba] timing: frame scene=14 tick=5565 clock=30808355 updates=1 update=119 draw=5072 present=786 map=12
[mgba] timing: frame scene=14 tick=5566 clock=30817131 updates=1 update=121 draw=5072 present=785 map=12
[mgba] timing: frame scene=14 tick=5567 clock=30825909 updates=1 update=120 draw=5072 present=785 map=12
[mgba] timing: frame scene=14 tick=5568 clock=30834687 updates=1 update=121 draw=5072 present=785 map=12
[mgba] timing: frame scene=14 tick=5569 clock=30843465 updates=1 update=120 draw=5072 present=785 map=12
[mgba] timing: frame scene=14 tick=5570 clock=30852243 updates=1 update=121 draw=5071 present=786 map=12
[mgba] timing: frame scene=14 tick=5571 clock=30861021 updates=1 update=120 draw=5072 present=785 map=12
[mgba] timing: frame scene=14 tick=5572 clock=30869799 updates=1 update=498 draw=5079 present=785 map=12
[mgba] timing: frame scene=14 tick=5573 clock=30878577 updates=1 update=162 draw=12002 present=785 map=12
[mgba] timing: frame scene=14 tick=5574 clock=30891766 updates=1 update=164 draw=9564 present=785 map=12
[mgba] timing: frame scene=14 tick=5575 clock=30904911 updates=1 update=163 draw=9564 present=785 map=12
[mgba] timing: frame scene=14 tick=5576 clock=30918078 updates=1 update=164 draw=9564 present=785 map=12
[mgba] timing: frame scene=14 tick=5577 clock=30931245 updates=1 update=163 draw=9564 present=785 map=12
[mgba] timing: frame scene=14 tick=5578 clock=30944412 updates=1 update=164 draw=9564 present=785 map=12
[mgba] timing: frame scene=14 tick=5579 clock=30957579 updates=1 update=568 draw=9564 present=786 map=12
[mgba] timing: frame scene=14 tick=5580 clock=30970746 updates=1 update=173 draw=10467 present=786 map=12
[mgba] timing: frame scene=14 tick=5581 clock=30983913 updates=1 update=173 draw=10467 present=785 map=12
[mgba] timing: frame scene=14 tick=5582 clock=30997080 updates=1 update=173 draw=10468 present=785 map=12
[mgba] timing: frame scene=14 tick=5583 clock=31010247 updates=1 update=173 draw=10467 present=785 map=12
[mgba] timing: frame scene=14 tick=5584 clock=31023414 updates=1 update=173 draw=10468 present=785 map=12
[mgba] timing: frame scene=14 tick=5585 clock=31036581 updates=1 update=173 draw=10467 present=785 map=12
[mgba] timing: frame scene=14 tick=5586 clock=31049748 updates=1 update=601 draw=10467 present=786 map=12
[mgba] timing: frame scene=14 tick=5587 clock=31062915 updates=1 update=183 draw=11374 present=786 map=12
[mgba] timing: frame scene=14 tick=5588 clock=31076082 updates=1 update=183 draw=11375 present=785 map=12
[mgba] timing: frame scene=14 tick=5589 clock=31089249 updates=1 update=183 draw=11375 present=785 map=12
[mgba] timing: frame scene=14 tick=5590 clock=31102416 updates=1 update=183 draw=11375 present=785 map=12
[mgba] timing: frame scene=14 tick=5591 clock=31115583 updates=1 update=183 draw=11375 present=785 map=12
[mgba] timing: frame scene=14 tick=5592 clock=31128750 updates=1 update=183 draw=11375 present=785 map=12
[mgba] timing: frame scene=14 tick=5593 clock=31141917 updates=1 update=495 draw=11375 present=786 map=12
[mgba] timing: frame scene=14 tick=5594 clock=31155084 updates=1 update=163 draw=9399 present=785 map=12
[mgba] timing: frame scene=14 tick=5595 clock=31168251 updates=1 update=163 draw=9398 present=785 map=12
[mgba] timing: frame scene=14 tick=5596 clock=31181418 updates=1 update=164 draw=9398 present=785 map=12
[mgba] timing: frame scene=14 tick=5597 clock=31194585 updates=1 update=163 draw=9398 present=785 map=12
[mgba] timing: frame scene=14 tick=5598 clock=31207752 updates=1 update=164 draw=9398 present=785 map=12
[mgba] timing: frame scene=14 tick=5599 clock=31220919 updates=1 update=163 draw=9398 present=785 map=12
[mgba] timing: frame scene=14 tick=5600 clock=31234086 updates=1 update=167 draw=9394 present=786 map=12
[mgba] timing: END scene=14 ticks=39
[mgba] timing: START move=10 player=false scene=15 tick=5601
[mgba] timing: frame scene=15 tick=5602 clock=31256031 updates=1 update=125 draw=7751 present=786 map=12
[mgba] timing: frame scene=15 tick=5603 clock=31264930 updates=1 update=119 draw=8142 present=798 map=12
[mgba] timing: frame scene=15 tick=5604 clock=31274214 updates=1 update=122 draw=5075 present=785 map=12
[mgba] timing: frame scene=15 tick=5605 clock=31282367 updates=1 update=119 draw=5075 present=785 map=12
[mgba] timing: frame scene=15 tick=5606 clock=31291143 updates=1 update=123 draw=5074 present=785 map=12
[mgba] timing: frame scene=15 tick=5607 clock=31299921 updates=1 update=119 draw=5076 present=785 map=12
[mgba] timing: frame scene=15 tick=5608 clock=31308699 updates=1 update=122 draw=5075 present=785 map=12
[mgba] timing: frame scene=15 tick=5609 clock=31317477 updates=1 update=119 draw=5076 present=785 map=12
[mgba] timing: frame scene=15 tick=5610 clock=31326255 updates=1 update=122 draw=5075 present=785 map=12
[mgba] timing: frame scene=15 tick=5611 clock=31335033 updates=1 update=119 draw=5076 present=785 map=12
[mgba] timing: frame scene=15 tick=5612 clock=31343811 updates=1 update=498 draw=5075 present=786 map=12
[mgba] timing: frame scene=15 tick=5613 clock=31352589 updates=1 update=161 draw=12058 present=785 map=12
[mgba] timing: frame scene=15 tick=5614 clock=31365834 updates=1 update=165 draw=9623 present=785 map=12
[mgba] timing: frame scene=15 tick=5615 clock=31378923 updates=1 update=162 draw=9624 present=785 map=12
[mgba] timing: frame scene=15 tick=5616 clock=31392090 updates=1 update=165 draw=9623 present=786 map=12
[mgba] timing: frame scene=15 tick=5617 clock=31405257 updates=1 update=162 draw=9624 present=785 map=12
[mgba] timing: frame scene=15 tick=5618 clock=31418424 updates=1 update=165 draw=9623 present=786 map=12
[mgba] timing: frame scene=15 tick=5619 clock=31431591 updates=1 update=567 draw=9624 present=786 map=12
[mgba] timing: frame scene=15 tick=5620 clock=31444758 updates=1 update=175 draw=10587 present=785 map=12
[mgba] timing: frame scene=15 tick=5621 clock=31457925 updates=1 update=172 draw=10587 present=785 map=12
[mgba] timing: frame scene=15 tick=5622 clock=31471092 updates=1 update=175 draw=10587 present=785 map=12
[mgba] timing: frame scene=15 tick=5623 clock=31484259 updates=1 update=172 draw=10587 present=786 map=12
[mgba] timing: frame scene=15 tick=5624 clock=31497426 updates=1 update=175 draw=10587 present=785 map=12
[mgba] timing: frame scene=15 tick=5625 clock=31510593 updates=1 update=172 draw=10587 present=786 map=12
[mgba] timing: frame scene=15 tick=5626 clock=31523760 updates=1 update=607 draw=10586 present=786 map=12
[mgba] timing: frame scene=15 tick=5627 clock=31536927 updates=1 update=182 draw=11544 present=786 map=12
[mgba] timing: frame scene=15 tick=5628 clock=31550094 updates=1 update=185 draw=11544 present=785 map=12
[mgba] timing: frame scene=15 tick=5629 clock=31563261 updates=1 update=182 draw=11544 present=786 map=12
[mgba] timing: frame scene=15 tick=5630 clock=31576428 updates=1 update=185 draw=11544 present=785 map=12
[mgba] timing: frame scene=15 tick=5631 clock=31589595 updates=1 update=182 draw=11544 present=786 map=12
[mgba] timing: frame scene=15 tick=5632 clock=31602762 updates=1 update=185 draw=11544 present=785 map=12
[mgba] timing: frame scene=15 tick=5633 clock=31615929 updates=1 update=496 draw=11544 present=785 map=12
[mgba] timing: frame scene=15 tick=5634 clock=31629096 updates=1 update=165 draw=9488 present=785 map=12
[mgba] timing: frame scene=15 tick=5635 clock=31642263 updates=1 update=162 draw=9488 present=785 map=12
[mgba] timing: frame scene=15 tick=5636 clock=31655430 updates=1 update=165 draw=9487 present=786 map=12
[mgba] timing: frame scene=15 tick=5637 clock=31668597 updates=1 update=162 draw=9488 present=786 map=12
[mgba] timing: frame scene=15 tick=5638 clock=31681764 updates=1 update=165 draw=9488 present=785 map=12
[mgba] timing: frame scene=15 tick=5639 clock=31694931 updates=1 update=163 draw=9488 present=785 map=12
[mgba] timing: frame scene=15 tick=5640 clock=31708098 updates=1 update=168 draw=9487 present=786 map=12
[mgba] timing: END scene=15 ticks=39
[mgba] timing: START move=52 player=true scene=16 tick=5641
[mgba] timing: frame scene=16 tick=5642 clock=31730043 updates=1 update=125 draw=7745 present=785 map=12
[mgba] timing: frame scene=16 tick=5643 clock=31738936 updates=1 update=119 draw=8139 present=799 map=12
[mgba] timing: frame scene=16 tick=5644 clock=31748217 updates=1 update=121 draw=5072 present=785 map=12
[mgba] timing: frame scene=16 tick=5645 clock=31756379 updates=1 update=119 draw=5072 present=786 map=12
[mgba] timing: frame scene=16 tick=5646 clock=31765155 updates=1 update=121 draw=5072 present=785 map=12
[mgba] timing: frame scene=16 tick=5647 clock=31773933 updates=1 update=119 draw=5073 present=785 map=12
[mgba] timing: frame scene=16 tick=5648 clock=31782711 updates=1 update=121 draw=5072 present=785 map=12
[mgba] timing: frame scene=16 tick=5649 clock=31791489 updates=1 update=119 draw=5073 present=785 map=12
[mgba] timing: frame scene=16 tick=5650 clock=31800267 updates=1 update=121 draw=5072 present=785 map=12
[mgba] timing: frame scene=16 tick=5651 clock=31809045 updates=1 update=119 draw=5073 present=785 map=12
[mgba] timing: frame scene=16 tick=5652 clock=31817823 updates=1 update=261 draw=5078 present=785 map=12
[mgba] timing: frame scene=16 tick=5653 clock=31826601 updates=1 update=135 draw=9285 present=785 map=12
[mgba] timing: frame scene=16 tick=5654 clock=31839768 updates=1 update=138 draw=6812 present=786 map=12
[mgba] timing: frame scene=16 tick=5655 clock=31848546 updates=1 update=135 draw=6813 present=786 map=12
[mgba] timing: frame scene=16 tick=5656 clock=31857324 updates=1 update=136 draw=6813 present=786 map=12
[mgba] timing: frame scene=16 tick=5657 clock=31866102 updates=1 update=135 draw=6814 present=785 map=12
[mgba] timing: frame scene=16 tick=5658 clock=31874880 updates=1 update=136 draw=6813 present=786 map=12
[mgba] timing: frame scene=16 tick=5659 clock=31883658 updates=1 update=246 draw=6814 present=785 map=12
[mgba] timing: frame scene=16 tick=5660 clock=31892436 updates=1 update=136 draw=7174 present=785 map=12
[mgba] timing: frame scene=16 tick=5661 clock=31901214 updates=1 update=135 draw=7174 present=785 map=12
[mgba] timing: frame scene=16 tick=5662 clock=31909992 updates=1 update=136 draw=7174 present=785 map=12
[mgba] timing: frame scene=16 tick=5663 clock=31918770 updates=1 update=135 draw=7174 present=785 map=12
[mgba] timing: frame scene=16 tick=5664 clock=31927548 updates=1 update=136 draw=7174 present=785 map=12
[mgba] timing: frame scene=16 tick=5665 clock=31936326 updates=1 update=135 draw=7174 present=785 map=12
[mgba] timing: frame scene=16 tick=5666 clock=31945104 updates=1 update=248 draw=7174 present=785 map=12
[mgba] timing: frame scene=16 tick=5667 clock=31953882 updates=1 update=135 draw=6814 present=785 map=12
[mgba] timing: frame scene=16 tick=5668 clock=31962660 updates=1 update=136 draw=6813 present=785 map=12
[mgba] timing: frame scene=16 tick=5669 clock=31971438 updates=1 update=135 draw=6813 present=786 map=12
[mgba] timing: frame scene=16 tick=5670 clock=31980216 updates=1 update=136 draw=6813 present=786 map=12
[mgba] timing: frame scene=16 tick=5671 clock=31988994 updates=1 update=135 draw=6813 present=786 map=12
[mgba] timing: frame scene=16 tick=5672 clock=31997772 updates=1 update=137 draw=6812 present=786 map=12
[mgba] timing: frame scene=16 tick=5673 clock=32006550 updates=1 update=246 draw=6814 present=785 map=12
[mgba] timing: frame scene=16 tick=5674 clock=32015328 updates=1 update=136 draw=7174 present=785 map=12
[mgba] timing: frame scene=16 tick=5675 clock=32024106 updates=1 update=135 draw=7174 present=785 map=12
[mgba] timing: frame scene=16 tick=5676 clock=32032884 updates=1 update=136 draw=7174 present=785 map=12
[mgba] timing: frame scene=16 tick=5677 clock=32041662 updates=1 update=135 draw=7174 present=785 map=12
[mgba] timing: frame scene=16 tick=5678 clock=32050440 updates=1 update=136 draw=7174 present=785 map=12
[mgba] timing: frame scene=16 tick=5679 clock=32059218 updates=1 update=135 draw=7174 present=785 map=12
[mgba] timing: frame scene=16 tick=5680 clock=32067996 updates=1 update=248 draw=7174 present=785 map=12
[mgba] timing: frame scene=16 tick=5681 clock=32076774 updates=1 update=135 draw=6813 present=786 map=12
[mgba] timing: frame scene=16 tick=5682 clock=32085552 updates=1 update=136 draw=6813 present=786 map=12
[mgba] timing: frame scene=16 tick=5683 clock=32094330 updates=1 update=135 draw=6813 present=786 map=12
[mgba] timing: frame scene=16 tick=5684 clock=32103108 updates=1 update=136 draw=6813 present=786 map=12
[mgba] timing: frame scene=16 tick=5685 clock=32111886 updates=1 update=135 draw=6813 present=786 map=12
[mgba] timing: frame scene=16 tick=5686 clock=32120664 updates=1 update=136 draw=6813 present=786 map=12
[mgba] timing: frame scene=16 tick=5687 clock=32129442 updates=1 update=246 draw=6814 present=785 map=12
[mgba] timing: frame scene=16 tick=5688 clock=32138220 updates=1 update=136 draw=7174 present=785 map=12
[mgba] timing: frame scene=16 tick=5689 clock=32146998 updates=1 update=135 draw=7174 present=785 map=12
[mgba] timing: frame scene=16 tick=5690 clock=32155776 updates=1 update=136 draw=7174 present=785 map=12
[mgba] timing: frame scene=16 tick=5691 clock=32164554 updates=1 update=135 draw=7174 present=786 map=12
[mgba] timing: frame scene=16 tick=5692 clock=32173332 updates=1 update=136 draw=7174 present=785 map=12
[mgba] timing: frame scene=16 tick=5693 clock=32182110 updates=1 update=135 draw=7174 present=786 map=12
[mgba] timing: frame scene=16 tick=5694 clock=32190888 updates=1 update=248 draw=7174 present=785 map=12
[mgba] timing: frame scene=16 tick=5695 clock=32199666 updates=1 update=135 draw=6813 present=786 map=12
[mgba] timing: frame scene=16 tick=5696 clock=32208444 updates=1 update=136 draw=6813 present=786 map=12
[mgba] timing: frame scene=16 tick=5697 clock=32217222 updates=1 update=135 draw=6814 present=785 map=12
[mgba] timing: frame scene=16 tick=5698 clock=32226000 updates=1 update=136 draw=6813 present=786 map=12
[mgba] timing: frame scene=16 tick=5699 clock=32234778 updates=1 update=136 draw=6813 present=786 map=12
[mgba] timing: frame scene=16 tick=5700 clock=32243556 updates=1 update=137 draw=6812 present=786 map=12
[mgba] timing: frame scene=16 tick=5701 clock=32252334 updates=1 update=246 draw=6814 present=785 map=12
[mgba] timing: frame scene=16 tick=5702 clock=32261112 updates=1 update=136 draw=7174 present=785 map=12
[mgba] timing: frame scene=16 tick=5703 clock=32269890 updates=1 update=135 draw=7174 present=785 map=12
[mgba] timing: frame scene=16 tick=5704 clock=32278668 updates=1 update=136 draw=7174 present=785 map=12
[mgba] timing: frame scene=16 tick=5705 clock=32287446 updates=1 update=135 draw=7174 present=786 map=12
[mgba] timing: frame scene=16 tick=5706 clock=32296224 updates=1 update=136 draw=7174 present=785 map=12
[mgba] timing: frame scene=16 tick=5707 clock=32305002 updates=1 update=135 draw=7174 present=786 map=12
[mgba] timing: frame scene=16 tick=5708 clock=32313780 updates=1 update=248 draw=7174 present=785 map=12
[mgba] timing: frame scene=16 tick=5709 clock=32322558 updates=1 update=135 draw=6813 present=786 map=12
[mgba] timing: frame scene=16 tick=5710 clock=32331336 updates=1 update=136 draw=6813 present=786 map=12
[mgba] timing: frame scene=16 tick=5711 clock=32340114 updates=1 update=135 draw=6814 present=785 map=12
[mgba] timing: frame scene=16 tick=5712 clock=32348892 updates=1 update=136 draw=6813 present=786 map=12
[mgba] timing: frame scene=16 tick=5713 clock=32357670 updates=1 update=135 draw=6814 present=785 map=12
[mgba] timing: frame scene=16 tick=5714 clock=32366448 updates=1 update=137 draw=6812 present=786 map=12
[mgba] timing: frame scene=16 tick=5715 clock=32375226 updates=1 update=246 draw=6814 present=785 map=12
[mgba] timing: frame scene=16 tick=5716 clock=32384004 updates=1 update=136 draw=7174 present=785 map=12
[mgba] timing: frame scene=16 tick=5717 clock=32392782 updates=1 update=135 draw=7174 present=786 map=12
[mgba] timing: frame scene=16 tick=5718 clock=32401560 updates=1 update=136 draw=7174 present=785 map=12
[mgba] timing: frame scene=16 tick=5719 clock=32410338 updates=1 update=135 draw=7174 present=785 map=12
[mgba] timing: frame scene=16 tick=5720 clock=32419116 updates=1 update=136 draw=7174 present=785 map=12
[mgba] timing: frame scene=16 tick=5721 clock=32427894 updates=1 update=135 draw=7174 present=786 map=12
[mgba] timing: frame scene=16 tick=5722 clock=32436672 updates=1 update=248 draw=7174 present=785 map=12
[mgba] timing: frame scene=16 tick=5723 clock=32445450 updates=1 update=135 draw=6814 present=785 map=12
[mgba] timing: frame scene=16 tick=5724 clock=32454228 updates=1 update=137 draw=6812 present=786 map=12
[mgba] timing: frame scene=16 tick=5725 clock=32463006 updates=1 update=135 draw=6814 present=785 map=12
[mgba] timing: frame scene=16 tick=5726 clock=32471784 updates=1 update=136 draw=6813 present=786 map=12
[mgba] timing: frame scene=16 tick=5727 clock=32480562 updates=1 update=135 draw=6813 present=786 map=12
[mgba] timing: frame scene=16 tick=5728 clock=32489340 updates=1 update=137 draw=6812 present=786 map=12
[mgba] timing: frame scene=16 tick=5729 clock=32498118 updates=1 update=246 draw=6814 present=785 map=12
[mgba] timing: frame scene=16 tick=5730 clock=32506896 updates=1 update=136 draw=7174 present=785 map=12
[mgba] timing: frame scene=16 tick=5731 clock=32515674 updates=1 update=135 draw=7174 present=786 map=12
[mgba] timing: frame scene=16 tick=5732 clock=32524452 updates=1 update=137 draw=7173 present=785 map=12
[mgba] timing: frame scene=16 tick=5733 clock=32533230 updates=1 update=135 draw=7174 present=785 map=12
[mgba] timing: frame scene=16 tick=5734 clock=32542008 updates=1 update=136 draw=7174 present=785 map=12
[mgba] timing: frame scene=16 tick=5735 clock=32550786 updates=1 update=135 draw=7174 present=785 map=12
[mgba] timing: frame scene=16 tick=5736 clock=32559564 updates=1 update=161 draw=7170 present=785 map=12
[mgba] timing: END scene=16 ticks=95
[mgba] timing: START move=52 player=false scene=17 tick=5737
[mgba] timing: frame scene=17 tick=5738 clock=32577120 updates=1 update=125 draw=7738 present=786 map=12
[mgba] timing: frame scene=17 tick=5739 clock=32586006 updates=1 update=119 draw=8142 present=799 map=12
[mgba] timing: frame scene=17 tick=5740 clock=32595290 updates=1 update=122 draw=5075 present=785 map=12
[mgba] timing: frame scene=17 tick=5741 clock=32603456 updates=1 update=119 draw=5075 present=785 map=12
[mgba] timing: frame scene=17 tick=5742 clock=32612232 updates=1 update=123 draw=5074 present=785 map=12
[mgba] timing: frame scene=17 tick=5743 clock=32621010 updates=1 update=119 draw=5076 present=785 map=12
[mgba] timing: frame scene=17 tick=5744 clock=32629788 updates=1 update=122 draw=5075 present=785 map=12
[mgba] timing: frame scene=17 tick=5745 clock=32638566 updates=1 update=119 draw=5076 present=785 map=12
[mgba] timing: frame scene=17 tick=5746 clock=32647344 updates=1 update=122 draw=5075 present=785 map=12
[mgba] timing: frame scene=17 tick=5747 clock=32656122 updates=1 update=119 draw=5076 present=785 map=12
[mgba] timing: frame scene=17 tick=5748 clock=32664900 updates=1 update=261 draw=5076 present=785 map=12
[mgba] timing: frame scene=17 tick=5749 clock=32673678 updates=1 update=135 draw=9275 present=786 map=12
[mgba] timing: frame scene=17 tick=5750 clock=32686845 updates=1 update=139 draw=6807 present=785 map=12
[mgba] timing: frame scene=17 tick=5751 clock=32695623 updates=1 update=135 draw=6807 present=786 map=12
[mgba] timing: frame scene=17 tick=5752 clock=32704401 updates=1 update=138 draw=6807 present=785 map=12
[mgba] timing: frame scene=17 tick=5753 clock=32713179 updates=1 update=135 draw=6808 present=785 map=12
[mgba] timing: frame scene=17 tick=5754 clock=32721957 updates=1 update=138 draw=6807 present=785 map=12
[mgba] timing: frame scene=17 tick=5755 clock=32730735 updates=1 update=247 draw=6808 present=785 map=12
[mgba] timing: frame scene=17 tick=5756 clock=32739513 updates=1 update=138 draw=7168 present=785 map=12
[mgba] timing: frame scene=17 tick=5757 clock=32748291 updates=1 update=135 draw=7168 present=785 map=12
[mgba] timing: frame scene=17 tick=5758 clock=32757069 updates=1 update=138 draw=7168 present=785 map=12
[mgba] timing: frame scene=17 tick=5759 clock=32765847 updates=1 update=136 draw=7168 present=785 map=12
[mgba] timing: frame scene=17 tick=5760 clock=32774625 updates=1 update=138 draw=7167 present=786 map=12
[mgba] timing: frame scene=17 tick=5761 clock=32783403 updates=1 update=135 draw=7168 present=786 map=12
[mgba] timing: frame scene=17 tick=5762 clock=32792181 updates=1 update=251 draw=7167 present=786 map=12
[mgba] timing: frame scene=17 tick=5763 clock=32800959 updates=1 update=135 draw=6807 present=786 map=12
[mgba] timing: frame scene=17 tick=5764 clock=32809737 updates=1 update=138 draw=6807 present=785 map=12
[mgba] timing: frame scene=17 tick=5765 clock=32818515 updates=1 update=135 draw=6807 present=786 map=12
[mgba] timing: frame scene=17 tick=5766 clock=32827293 updates=1 update=138 draw=6807 present=785 map=12
[mgba] timing: frame scene=17 tick=5767 clock=32836071 updates=1 update=135 draw=6808 present=785 map=12
[mgba] timing: frame scene=17 tick=5768 clock=32844849 updates=1 update=138 draw=6807 present=785 map=12
[mgba] timing: frame scene=17 tick=5769 clock=32853627 updates=1 update=247 draw=6808 present=785 map=12
[mgba] timing: frame scene=17 tick=5770 clock=32862405 updates=1 update=138 draw=7167 present=786 map=12
[mgba] timing: frame scene=17 tick=5771 clock=32871183 updates=1 update=135 draw=7168 present=785 map=12
[mgba] timing: frame scene=17 tick=5772 clock=32879961 updates=1 update=138 draw=7167 present=786 map=12
[mgba] timing: frame scene=17 tick=5773 clock=32888739 updates=1 update=135 draw=7168 present=786 map=12
[mgba] timing: frame scene=17 tick=5774 clock=32897517 updates=1 update=138 draw=7167 present=786 map=12
[mgba] timing: frame scene=17 tick=5775 clock=32906295 updates=1 update=135 draw=7168 present=785 map=12
[mgba] timing: frame scene=17 tick=5776 clock=32915073 updates=1 update=251 draw=7167 present=786 map=12
[mgba] timing: frame scene=17 tick=5777 clock=32923851 updates=1 update=135 draw=6808 present=785 map=12
[mgba] timing: frame scene=17 tick=5778 clock=32932629 updates=1 update=138 draw=6807 present=785 map=12
[mgba] timing: frame scene=17 tick=5779 clock=32941407 updates=1 update=135 draw=6807 present=786 map=12
[mgba] timing: frame scene=17 tick=5780 clock=32950185 updates=1 update=138 draw=6807 present=785 map=12
[mgba] timing: frame scene=17 tick=5781 clock=32958963 updates=1 update=135 draw=6808 present=785 map=12
[mgba] timing: frame scene=17 tick=5782 clock=32967741 updates=1 update=138 draw=6807 present=785 map=12
[mgba] timing: frame scene=17 tick=5783 clock=32976519 updates=1 update=247 draw=6808 present=785 map=12
[mgba] timing: frame scene=17 tick=5784 clock=32985297 updates=1 update=138 draw=7167 present=786 map=12
[mgba] timing: frame scene=17 tick=5785 clock=32994075 updates=1 update=135 draw=7168 present=785 map=12
[mgba] timing: frame scene=17 tick=5786 clock=33002853 updates=1 update=138 draw=7167 present=786 map=12
[mgba] timing: frame scene=17 tick=5787 clock=33011631 updates=1 update=135 draw=7168 present=785 map=12
[mgba] timing: frame scene=17 tick=5788 clock=33020409 updates=1 update=138 draw=7167 present=786 map=12
[mgba] timing: frame scene=17 tick=5789 clock=33029187 updates=1 update=135 draw=7168 present=785 map=12
[mgba] timing: frame scene=17 tick=5790 clock=33037965 updates=1 update=251 draw=7167 present=786 map=12
[mgba] timing: frame scene=17 tick=5791 clock=33046743 updates=1 update=135 draw=6807 present=786 map=12
[mgba] timing: frame scene=17 tick=5792 clock=33055521 updates=1 update=138 draw=6807 present=785 map=12
[mgba] timing: frame scene=17 tick=5793 clock=33064299 updates=1 update=135 draw=6808 present=785 map=12
[mgba] timing: frame scene=17 tick=5794 clock=33073077 updates=1 update=138 draw=6807 present=785 map=12
[mgba] timing: frame scene=17 tick=5795 clock=33081855 updates=1 update=135 draw=6808 present=785 map=12
[mgba] timing: frame scene=17 tick=5796 clock=33090633 updates=1 update=138 draw=6807 present=785 map=12
[mgba] timing: frame scene=17 tick=5797 clock=33099411 updates=1 update=247 draw=6808 present=785 map=12
[mgba] timing: frame scene=17 tick=5798 clock=33108189 updates=1 update=138 draw=7168 present=785 map=12
[mgba] timing: frame scene=17 tick=5799 clock=33116967 updates=1 update=135 draw=7168 present=785 map=12
[mgba] timing: frame scene=17 tick=5800 clock=33125745 updates=1 update=138 draw=7167 present=786 map=12
[mgba] timing: frame scene=17 tick=5801 clock=33134523 updates=1 update=135 draw=7168 present=785 map=12
[mgba] timing: frame scene=17 tick=5802 clock=33143301 updates=1 update=138 draw=7168 present=785 map=12
[mgba] timing: frame scene=17 tick=5803 clock=33152079 updates=1 update=135 draw=7168 present=785 map=12
[mgba] timing: frame scene=17 tick=5804 clock=33160857 updates=1 update=251 draw=7167 present=786 map=12
[mgba] timing: frame scene=17 tick=5805 clock=33169635 updates=1 update=135 draw=6808 present=785 map=12
[mgba] timing: frame scene=17 tick=5806 clock=33178413 updates=1 update=138 draw=6807 present=785 map=12
[mgba] timing: frame scene=17 tick=5807 clock=33187191 updates=1 update=135 draw=6807 present=786 map=12
[mgba] timing: frame scene=17 tick=5808 clock=33195969 updates=1 update=138 draw=6807 present=785 map=12
[mgba] timing: frame scene=17 tick=5809 clock=33204747 updates=1 update=135 draw=6808 present=785 map=12
[mgba] timing: frame scene=17 tick=5810 clock=33213525 updates=1 update=138 draw=6807 present=785 map=12
[mgba] timing: frame scene=17 tick=5811 clock=33222303 updates=1 update=247 draw=6808 present=785 map=12
[mgba] timing: frame scene=17 tick=5812 clock=33231081 updates=1 update=138 draw=7167 present=786 map=12
[mgba] timing: frame scene=17 tick=5813 clock=33239859 updates=1 update=135 draw=7168 present=785 map=12
[mgba] timing: frame scene=17 tick=5814 clock=33248637 updates=1 update=138 draw=7167 present=786 map=12
[mgba] timing: frame scene=17 tick=5815 clock=33257415 updates=1 update=135 draw=7168 present=786 map=12
[mgba] timing: frame scene=17 tick=5816 clock=33266193 updates=1 update=138 draw=7167 present=786 map=12
[mgba] timing: frame scene=17 tick=5817 clock=33274971 updates=1 update=135 draw=7168 present=786 map=12
[mgba] timing: frame scene=17 tick=5818 clock=33283749 updates=1 update=251 draw=7167 present=786 map=12
[mgba] timing: frame scene=17 tick=5819 clock=33292527 updates=1 update=136 draw=6807 present=786 map=12
[mgba] timing: frame scene=17 tick=5820 clock=33301305 updates=1 update=138 draw=6807 present=785 map=12
[mgba] timing: frame scene=17 tick=5821 clock=33310083 updates=1 update=135 draw=6807 present=786 map=12
[mgba] timing: frame scene=17 tick=5822 clock=33318861 updates=1 update=138 draw=6807 present=785 map=12
[mgba] timing: frame scene=17 tick=5823 clock=33327639 updates=1 update=135 draw=6807 present=786 map=12
[mgba] timing: frame scene=17 tick=5824 clock=33336417 updates=1 update=138 draw=6807 present=785 map=12
[mgba] timing: frame scene=17 tick=5825 clock=33345195 updates=1 update=247 draw=6808 present=785 map=12
[mgba] timing: frame scene=17 tick=5826 clock=33353973 updates=1 update=138 draw=7167 present=786 map=12
[mgba] timing: frame scene=17 tick=5827 clock=33362751 updates=1 update=135 draw=7168 present=785 map=12
[mgba] timing: frame scene=17 tick=5828 clock=33371529 updates=1 update=138 draw=7167 present=786 map=12
[mgba] timing: frame scene=17 tick=5829 clock=33380307 updates=1 update=135 draw=7168 present=786 map=12
[mgba] timing: frame scene=17 tick=5830 clock=33389085 updates=1 update=138 draw=7167 present=786 map=12
[mgba] timing: frame scene=17 tick=5831 clock=33397863 updates=1 update=135 draw=7168 present=786 map=12
[mgba] timing: frame scene=17 tick=5832 clock=33406641 updates=1 update=163 draw=7167 present=785 map=12
[mgba] timing: END scene=17 ticks=95
[mgba] timing: START move=55 player=true scene=18 tick=5833
[mgba] timing: frame scene=18 tick=5834 clock=33424197 updates=1 update=125 draw=7764 present=785 map=12
[mgba] timing: frame scene=18 tick=5835 clock=33433109 updates=1 update=122 draw=8139 present=798 map=12
[mgba] timing: frame scene=18 tick=5836 clock=33442393 updates=1 update=122 draw=5076 present=785 map=12
[mgba] timing: frame scene=18 tick=5837 clock=33450533 updates=1 update=121 draw=5076 present=785 map=12
[mgba] timing: frame scene=18 tick=5838 clock=33459309 updates=1 update=122 draw=5076 present=785 map=12
[mgba] timing: frame scene=18 tick=5839 clock=33468087 updates=1 update=122 draw=5076 present=785 map=12
[mgba] timing: frame scene=18 tick=5840 clock=33476865 updates=1 update=122 draw=5076 present=786 map=12
[mgba] timing: frame scene=18 tick=5841 clock=33485643 updates=1 update=122 draw=5076 present=785 map=12
[mgba] timing: frame scene=18 tick=5842 clock=33494421 updates=1 update=122 draw=5076 present=785 map=12
[mgba] timing: frame scene=18 tick=5843 clock=33503199 updates=1 update=122 draw=5076 present=785 map=12
[mgba] timing: frame scene=18 tick=5844 clock=33511977 updates=1 update=251 draw=5076 present=786 map=12
[mgba] timing: frame scene=18 tick=5845 clock=33520755 updates=1 update=134 draw=9104 present=786 map=12
[mgba] timing: frame scene=18 tick=5846 clock=33533922 updates=1 update=135 draw=6655 present=785 map=12
[mgba] timing: frame scene=18 tick=5847 clock=33542700 updates=1 update=133 draw=6655 present=786 map=12
[mgba] timing: frame scene=18 tick=5848 clock=33551478 updates=1 update=134 draw=6655 present=785 map=12
[mgba] timing: frame scene=18 tick=5849 clock=33560256 updates=1 update=133 draw=6655 present=786 map=12
[mgba] timing: frame scene=18 tick=5850 clock=33569034 updates=1 update=134 draw=6655 present=785 map=12
[mgba] timing: frame scene=18 tick=5851 clock=33577812 updates=1 update=239 draw=6655 present=785 map=12
[mgba] timing: frame scene=18 tick=5852 clock=33586590 updates=1 update=134 draw=6650 present=786 map=12
[mgba] timing: frame scene=18 tick=5853 clock=33595368 updates=1 update=134 draw=6650 present=785 map=12
[mgba] timing: frame scene=18 tick=5854 clock=33604146 updates=1 update=134 draw=6651 present=785 map=12
[mgba] timing: frame scene=18 tick=5855 clock=33612924 updates=1 update=134 draw=6650 present=785 map=12
[mgba] timing: frame scene=18 tick=5856 clock=33621702 updates=1 update=134 draw=6651 present=785 map=12
[mgba] timing: frame scene=18 tick=5857 clock=33630480 updates=1 update=133 draw=6651 present=785 map=12
[mgba] timing: frame scene=18 tick=5858 clock=33639258 updates=1 update=239 draw=6651 present=785 map=12
[mgba] timing: frame scene=18 tick=5859 clock=33648036 updates=1 update=134 draw=6645 present=786 map=12
[mgba] timing: frame scene=18 tick=5860 clock=33656814 updates=1 update=134 draw=6646 present=785 map=12
[mgba] timing: frame scene=18 tick=5861 clock=33665592 updates=1 update=133 draw=6646 present=786 map=12
[mgba] timing: frame scene=18 tick=5862 clock=33674370 updates=1 update=134 draw=6646 present=785 map=12
[mgba] timing: frame scene=18 tick=5863 clock=33683148 updates=1 update=134 draw=6645 present=786 map=12
[mgba] timing: frame scene=18 tick=5864 clock=33691926 updates=1 update=134 draw=6646 present=785 map=12
[mgba] timing: frame scene=18 tick=5865 clock=33700704 updates=1 update=239 draw=6646 present=785 map=12
[mgba] timing: frame scene=18 tick=5866 clock=33709482 updates=1 update=134 draw=6642 present=785 map=12
[mgba] timing: frame scene=18 tick=5867 clock=33718260 updates=1 update=133 draw=6642 present=785 map=12
[mgba] timing: frame scene=18 tick=5868 clock=33727038 updates=1 update=134 draw=6642 present=785 map=12
[mgba] timing: frame scene=18 tick=5869 clock=33735816 updates=1 update=134 draw=6641 present=785 map=12
[mgba] timing: frame scene=18 tick=5870 clock=33744594 updates=1 update=134 draw=6641 present=786 map=12
[mgba] timing: frame scene=18 tick=5871 clock=33753372 updates=1 update=134 draw=6641 present=785 map=12
[mgba] timing: frame scene=18 tick=5872 clock=33762150 updates=1 update=248 draw=6641 present=786 map=12
[mgba] timing: frame scene=18 tick=5873 clock=33770928 updates=1 update=137 draw=6713 present=785 map=12
[mgba] timing: frame scene=18 tick=5874 clock=33779706 updates=1 update=138 draw=6712 present=785 map=12
[mgba] timing: frame scene=18 tick=5875 clock=33788484 updates=1 update=137 draw=6712 present=786 map=12
[mgba] timing: frame scene=18 tick=5876 clock=33797262 updates=1 update=138 draw=6712 present=785 map=12
[mgba] timing: frame scene=18 tick=5877 clock=33806040 updates=1 update=137 draw=6713 present=785 map=12
[mgba] timing: frame scene=18 tick=5878 clock=33814818 updates=1 update=138 draw=6712 present=786 map=12
[mgba] timing: frame scene=18 tick=5879 clock=33823596 updates=1 update=415 draw=6712 present=785 map=12
[mgba] timing: frame scene=18 tick=5880 clock=33832374 updates=1 update=164 draw=8814 present=785 map=12
[mgba] timing: frame scene=18 tick=5881 clock=33845541 updates=1 update=164 draw=8814 present=785 map=12
[mgba] timing: frame scene=18 tick=5882 clock=33855529 updates=1 update=163 draw=8814 present=785 map=12
[mgba] timing: frame scene=18 tick=5883 clock=33867486 updates=1 update=164 draw=8814 present=785 map=12
[mgba] timing: frame scene=18 tick=5884 clock=33877474 updates=1 update=164 draw=8813 present=785 map=12
[mgba] timing: frame scene=18 tick=5885 clock=33889431 updates=1 update=164 draw=8814 present=785 map=12
[mgba] timing: frame scene=18 tick=5886 clock=33899419 updates=1 update=525 draw=8814 present=785 map=12
[mgba] timing: frame scene=18 tick=5887 clock=33911376 updates=1 update=191 draw=11438 present=785 map=12
[mgba] timing: frame scene=18 tick=5888 clock=33924543 updates=1 update=191 draw=11438 present=786 map=12
[mgba] timing: frame scene=18 tick=5889 clock=33937710 updates=1 update=191 draw=11438 present=785 map=12
[mgba] timing: frame scene=18 tick=5890 clock=33950877 updates=1 update=191 draw=11438 present=786 map=12
[mgba] timing: frame scene=18 tick=5891 clock=33964044 updates=1 update=190 draw=11439 present=785 map=12
[mgba] timing: frame scene=18 tick=5892 clock=33977211 updates=1 update=191 draw=11438 present=786 map=12
[mgba] timing: frame scene=18 tick=5893 clock=33990378 updates=1 update=359 draw=11438 present=785 map=12
[mgba] timing: frame scene=18 tick=5894 clock=34003545 updates=1 update=165 draw=9035 present=785 map=12
[mgba] timing: frame scene=18 tick=5895 clock=34016712 updates=1 update=164 draw=9036 present=785 map=12
[mgba] timing: frame scene=18 tick=5896 clock=34029879 updates=1 update=165 draw=9035 present=785 map=12
[mgba] timing: frame scene=18 tick=5897 clock=34043046 updates=1 update=164 draw=9036 present=785 map=12
[mgba] timing: frame scene=18 tick=5898 clock=34056213 updates=1 update=165 draw=9035 present=785 map=12
[mgba] timing: frame scene=18 tick=5899 clock=34069380 updates=1 update=164 draw=9035 present=786 map=12
[mgba] timing: frame scene=18 tick=5900 clock=34082547 updates=1 update=305 draw=9035 present=785 map=12
[mgba] timing: frame scene=18 tick=5901 clock=34095714 updates=1 update=151 draw=7880 present=798 map=12
[mgba] timing: frame scene=18 tick=5902 clock=34104768 updates=1 update=150 draw=7880 present=798 map=12
[mgba] timing: frame scene=18 tick=5903 clock=34113820 updates=1 update=150 draw=7880 present=798 map=12
[mgba] timing: frame scene=18 tick=5904 clock=34122872 updates=1 update=150 draw=7893 present=786 map=12
[mgba] timing: frame scene=18 tick=5905 clock=34131925 updates=1 update=150 draw=7892 present=786 map=12
[mgba] timing: frame scene=18 tick=5906 clock=34143993 updates=1 update=151 draw=7880 present=799 map=12
[mgba] timing: frame scene=18 tick=5907 clock=34153047 updates=1 update=300 draw=7880 present=798 map=12
[mgba] timing: frame scene=18 tick=5908 clock=34162250 updates=1 update=150 draw=7880 present=798 map=12
[mgba] timing: frame scene=18 tick=5909 clock=34171303 updates=1 update=149 draw=7893 present=785 map=12
[mgba] timing: frame scene=18 tick=5910 clock=34180355 updates=1 update=150 draw=7893 present=785 map=12
[mgba] timing: frame scene=18 tick=5911 clock=34192272 updates=1 update=151 draw=7880 present=798 map=12
[mgba] timing: frame scene=18 tick=5912 clock=34201326 updates=1 update=150 draw=7880 present=798 map=12
[mgba] timing: frame scene=18 tick=5913 clock=34210378 updates=1 update=150 draw=7880 present=798 map=12
[mgba] timing: frame scene=18 tick=5914 clock=34219431 updates=1 update=164 draw=7894 present=785 map=12
[mgba] timing: END scene=18 ticks=81
[mgba] timing: START move=55 player=false scene=19 tick=5915
[mgba] timing: frame scene=19 tick=5916 clock=34236164 updates=1 update=124 draw=7741 present=785 map=12
[mgba] timing: frame scene=19 tick=5917 clock=34245052 updates=1 update=119 draw=8142 present=798 map=12
[mgba] timing: frame scene=19 tick=5918 clock=34254336 updates=1 update=120 draw=5074 present=785 map=12
[mgba] timing: frame scene=19 tick=5919 clock=34262498 updates=1 update=119 draw=5074 present=785 map=12
[mgba] timing: frame scene=19 tick=5920 clock=34271274 updates=1 update=121 draw=5073 present=785 map=12
[mgba] timing: frame scene=19 tick=5921 clock=34280052 updates=1 update=119 draw=5074 present=786 map=12
[mgba] timing: frame scene=19 tick=5922 clock=34288830 updates=1 update=121 draw=5073 present=785 map=12
[mgba] timing: frame scene=19 tick=5923 clock=34297608 updates=1 update=119 draw=5074 present=786 map=12
[mgba] timing: frame scene=19 tick=5924 clock=34306386 updates=1 update=121 draw=5073 present=786 map=12
[mgba] timing: frame scene=19 tick=5925 clock=34315164 updates=1 update=119 draw=5074 present=786 map=12
[mgba] timing: frame scene=19 tick=5926 clock=34323942 updates=1 update=251 draw=5073 present=785 map=12
[mgba] timing: frame scene=19 tick=5927 clock=34332720 updates=1 update=131 draw=9111 present=786 map=12
[mgba] timing: frame scene=19 tick=5928 clock=34345887 updates=1 update=134 draw=6671 present=785 map=12
[mgba] timing: frame scene=19 tick=5929 clock=34354665 updates=1 update=131 draw=6672 present=785 map=12
[mgba] timing: frame scene=19 tick=5930 clock=34363443 updates=1 update=133 draw=6670 present=786 map=12
[mgba] timing: frame scene=19 tick=5931 clock=34372221 updates=1 update=131 draw=6672 present=785 map=12
[mgba] timing: frame scene=19 tick=5932 clock=34380999 updates=1 update=133 draw=6670 present=786 map=12
[mgba] timing: frame scene=19 tick=5933 clock=34389777 updates=1 update=238 draw=6671 present=785 map=12
[mgba] timing: frame scene=19 tick=5934 clock=34398555 updates=1 update=133 draw=6666 present=785 map=12
[mgba] timing: frame scene=19 tick=5935 clock=34407333 updates=1 update=131 draw=6667 present=785 map=12
[mgba] timing: frame scene=19 tick=5936 clock=34416111 updates=1 update=133 draw=6666 present=785 map=12
[mgba] timing: frame scene=19 tick=5937 clock=34424889 updates=1 update=131 draw=6667 present=785 map=12
[mgba] timing: frame scene=19 tick=5938 clock=34433667 updates=1 update=133 draw=6666 present=785 map=12
[mgba] timing: frame scene=19 tick=5939 clock=34442445 updates=1 update=134 draw=6667 present=785 map=12
[mgba] timing: frame scene=19 tick=5940 clock=34451223 updates=1 update=240 draw=6666 present=785 map=12
[mgba] timing: frame scene=19 tick=5941 clock=34460001 updates=1 update=131 draw=6663 present=785 map=12
[mgba] timing: frame scene=19 tick=5942 clock=34468779 updates=1 update=133 draw=6662 present=785 map=12
[mgba] timing: frame scene=19 tick=5943 clock=34477557 updates=1 update=131 draw=6663 present=785 map=12
[mgba] timing: frame scene=19 tick=5944 clock=34486335 updates=1 update=133 draw=6662 present=785 map=12
[mgba] timing: frame scene=19 tick=5945 clock=34495113 updates=1 update=131 draw=6663 present=785 map=12
[mgba] timing: frame scene=19 tick=5946 clock=34503891 updates=1 update=133 draw=6661 present=786 map=12
[mgba] timing: frame scene=19 tick=5947 clock=34512669 updates=1 update=238 draw=6662 present=785 map=12
[mgba] timing: frame scene=19 tick=5948 clock=34521447 updates=1 update=133 draw=6657 present=785 map=12
[mgba] timing: frame scene=19 tick=5949 clock=34530225 updates=1 update=131 draw=6658 present=785 map=12
[mgba] timing: frame scene=19 tick=5950 clock=34539003 updates=1 update=133 draw=6657 present=785 map=12
[mgba] timing: frame scene=19 tick=5951 clock=34547781 updates=1 update=131 draw=6658 present=785 map=12
[mgba] timing: frame scene=19 tick=5952 clock=34556559 updates=1 update=133 draw=6657 present=785 map=12
[mgba] timing: frame scene=19 tick=5953 clock=34565337 updates=1 update=131 draw=6658 present=785 map=12
[mgba] timing: frame scene=19 tick=5954 clock=34574115 updates=1 update=249 draw=6657 present=785 map=12
[mgba] timing: frame scene=19 tick=5955 clock=34582893 updates=1 update=135 draw=6715 present=785 map=12
[mgba] timing: frame scene=19 tick=5956 clock=34591671 updates=1 update=136 draw=6714 present=786 map=12
[mgba] timing: frame scene=19 tick=5957 clock=34600449 updates=1 update=135 draw=6715 present=785 map=12
[mgba] timing: frame scene=19 tick=5958 clock=34609227 updates=1 update=136 draw=6714 present=786 map=12
[mgba] timing: frame scene=19 tick=5959 clock=34618005 updates=1 update=135 draw=6714 present=786 map=12
[mgba] timing: frame scene=19 tick=5960 clock=34626783 updates=1 update=137 draw=6713 present=786 map=12
[mgba] timing: frame scene=19 tick=5961 clock=34635561 updates=1 update=416 draw=6715 present=785 map=12
[mgba] timing: frame scene=19 tick=5962 clock=34644339 updates=1 update=162 draw=9059 present=785 map=12
[mgba] timing: frame scene=19 tick=5963 clock=34657506 updates=1 update=162 draw=9060 present=785 map=12
[mgba] timing: frame scene=19 tick=5964 clock=34670673 updates=1 update=164 draw=9058 present=786 map=12
[mgba] timing: frame scene=19 tick=5965 clock=34683840 updates=1 update=162 draw=9060 present=785 map=12
[mgba] timing: frame scene=19 tick=5966 clock=34697007 updates=1 update=164 draw=9058 present=786 map=12
[mgba] timing: frame scene=19 tick=5967 clock=34710174 updates=1 update=162 draw=9060 present=785 map=12
[mgba] timing: frame scene=19 tick=5968 clock=34723341 updates=1 update=534 draw=9059 present=785 map=12
[mgba] timing: frame scene=19 tick=5969 clock=34736508 updates=1 update=188 draw=11658 present=785 map=12
[mgba] timing: frame scene=19 tick=5970 clock=34749675 updates=1 update=190 draw=11656 present=786 map=12
[mgba] timing: frame scene=19 tick=5971 clock=34762842 updates=1 update=188 draw=11658 present=785 map=12
[mgba] timing: frame scene=19 tick=5972 clock=34776009 updates=1 update=190 draw=11656 present=785 map=12
[mgba] timing: frame scene=19 tick=5973 clock=34789176 updates=1 update=188 draw=11658 present=785 map=12
[mgba] timing: frame scene=19 tick=5974 clock=34802343 updates=1 update=190 draw=11656 present=786 map=12
[mgba] timing: frame scene=19 tick=5975 clock=34815510 updates=1 update=361 draw=11657 present=785 map=12
[mgba] timing: frame scene=19 tick=5976 clock=34828677 updates=1 update=164 draw=9280 present=785 map=12
[mgba] timing: frame scene=19 tick=5977 clock=34841844 updates=1 update=162 draw=9281 present=785 map=12
[mgba] timing: frame scene=19 tick=5978 clock=34855011 updates=1 update=164 draw=9280 present=785 map=12
[mgba] timing: frame scene=19 tick=5979 clock=34868178 updates=1 update=162 draw=9281 present=785 map=12
[mgba] timing: frame scene=19 tick=5980 clock=34881345 updates=1 update=164 draw=9280 present=785 map=12
[mgba] timing: frame scene=19 tick=5981 clock=34894512 updates=1 update=162 draw=9281 present=785 map=12
[mgba] timing: frame scene=19 tick=5982 clock=34907679 updates=1 update=307 draw=9280 present=786 map=12
[mgba] timing: frame scene=19 tick=5983 clock=34920846 updates=1 update=149 draw=7956 present=798 map=12
[mgba] timing: frame scene=19 tick=5984 clock=34929974 updates=1 update=148 draw=7956 present=798 map=12
[mgba] timing: frame scene=19 tick=5985 clock=34939101 updates=1 update=147 draw=7969 present=786 map=12
[mgba] timing: frame scene=19 tick=5986 clock=34948227 updates=1 update=149 draw=7969 present=785 map=12
[mgba] timing: frame scene=19 tick=5987 clock=34960347 updates=1 update=148 draw=7957 present=798 map=12
[mgba] timing: frame scene=19 tick=5988 clock=34969475 updates=1 update=148 draw=7956 present=798 map=12
[mgba] timing: frame scene=19 tick=5989 clock=34978602 updates=1 update=300 draw=7970 present=785 map=12
[mgba] timing: frame scene=19 tick=5990 clock=34987882 updates=1 update=148 draw=7969 present=785 map=12
[mgba] timing: frame scene=19 tick=5991 clock=34999848 updates=1 update=148 draw=7957 present=798 map=12
[mgba] timing: frame scene=19 tick=5992 clock=35008976 updates=1 update=148 draw=7956 present=798 map=12
[mgba] timing: frame scene=19 tick=5993 clock=35018103 updates=1 update=147 draw=7969 present=786 map=12
[mgba] timing: frame scene=19 tick=5994 clock=35027229 updates=1 update=149 draw=7968 present=786 map=12
[mgba] timing: frame scene=19 tick=5995 clock=35039349 updates=1 update=149 draw=7956 present=798 map=12
[mgba] timing: frame scene=19 tick=5996 clock=35048477 updates=1 update=163 draw=7945 present=799 map=12
[mgba] timing: END scene=19 ticks=81
[mgba] timing: START move=85 player=true scene=20 tick=5997
[mgba] timing: frame scene=20 tick=5998 clock=35065685 updates=1 update=123 draw=7754 present=785 map=12
[mgba] timing: frame scene=20 tick=5999 clock=35074585 updates=1 update=122 draw=8136 present=798 map=12
[mgba] timing: frame scene=20 tick=6000 clock=35083866 updates=1 update=121 draw=5068 present=786 map=12
[mgba] timing: frame scene=20 tick=6001 clock=35092019 updates=1 update=120 draw=5069 present=785 map=12
[mgba] timing: frame scene=20 tick=6002 clock=35100795 updates=1 update=122 draw=5068 present=785 map=12
[mgba] timing: frame scene=20 tick=6003 clock=35109573 updates=1 update=121 draw=5068 present=786 map=12
[mgba] timing: frame scene=20 tick=6004 clock=35118351 updates=1 update=122 draw=5068 present=785 map=12
[mgba] timing: frame scene=20 tick=6005 clock=35127129 updates=1 update=121 draw=5068 present=785 map=12
[mgba] timing: frame scene=20 tick=6006 clock=35135907 updates=1 update=122 draw=5068 present=785 map=12
[mgba] timing: frame scene=20 tick=6007 clock=35144685 updates=1 update=121 draw=5068 present=786 map=12
[mgba] timing: frame scene=20 tick=6008 clock=35153463 updates=1 update=274 draw=5071 present=785 map=12
[mgba] timing: frame scene=20 tick=6009 clock=35162241 updates=1 update=136 draw=9639 present=786 map=12
[mgba] timing: frame scene=20 tick=6010 clock=35175408 updates=1 update=249 draw=7169 present=785 map=12
[mgba] timing: frame scene=20 tick=6011 clock=35184186 updates=1 update=253 draw=6914 present=785 map=12
[mgba] timing: frame scene=20 tick=6012 clock=35192964 updates=1 update=407 draw=8120 present=798 map=12
[mgba] timing: frame scene=20 tick=6013 clock=35202514 updates=1 update=201 draw=13884 present=785 map=12
[mgba] timing: frame scene=20 tick=6014 clock=35219298 updates=1 update=260 draw=13884 present=785 map=12
[mgba] timing: frame scene=20 tick=6015 clock=35236854 updates=1 update=253 draw=6914 present=785 map=12
[mgba] timing: frame scene=20 tick=6016 clock=35245632 updates=1 update=150 draw=8119 present=799 map=12
[mgba] timing: frame scene=20 tick=6017 clock=35254924 updates=1 update=153 draw=17045 present=785 map=12
[mgba] timing: frame scene=20 tick=6018 clock=35273135 updates=1 update=113 draw=13908 present=785 map=12
[mgba] timing: frame scene=20 tick=6019 clock=35289522 updates=1 update=113 draw=13964 present=785 map=12
[mgba] timing: frame scene=20 tick=6020 clock=35307078 updates=1 update=114 draw=13857 present=785 map=12
[mgba] timing: frame scene=20 tick=6021 clock=35324634 updates=1 update=230 draw=13958 present=785 map=12
[mgba] timing: frame scene=20 tick=6022 clock=35342190 updates=1 update=254 draw=6895 present=785 map=12
[mgba] timing: frame scene=20 tick=6023 clock=35350968 updates=1 update=406 draw=8105 present=799 map=12
[mgba] timing: frame scene=20 tick=6024 clock=35360502 updates=1 update=202 draw=13827 present=785 map=12
[mgba] timing: frame scene=20 tick=6025 clock=35377302 updates=1 update=259 draw=13827 present=785 map=12
[mgba] timing: frame scene=20 tick=6026 clock=35394858 updates=1 update=254 draw=6906 present=786 map=12
[mgba] timing: frame scene=20 tick=6027 clock=35403636 updates=1 update=149 draw=8105 present=798 map=12
[mgba] timing: frame scene=20 tick=6028 clock=35412913 updates=1 update=250 draw=8118 present=785 map=12
[mgba] timing: frame scene=20 tick=6029 clock=35422290 updates=1 update=253 draw=6914 present=798 map=12
[mgba] timing: frame scene=20 tick=6030 clock=35430480 updates=1 update=406 draw=8133 present=785 map=12
[mgba] timing: frame scene=20 tick=6031 clock=35440029 updates=1 update=201 draw=13890 present=785 map=12
[mgba] timing: frame scene=20 tick=6032 clock=35456304 updates=1 update=164 draw=22802 present=785 map=12
[mgba] timing: frame scene=20 tick=6033 clock=35482638 updates=1 update=115 draw=13907 present=785 map=12
[mgba] timing: frame scene=20 tick=6034 clock=35500194 updates=1 update=114 draw=13963 present=785 map=12
[mgba] timing: frame scene=20 tick=6035 clock=35517750 updates=1 update=113 draw=13857 present=786 map=12
[mgba] timing: frame scene=20 tick=6036 clock=35535306 updates=1 update=231 draw=13957 present=786 map=12
[mgba] timing: frame scene=20 tick=6037 clock=35552862 updates=1 update=254 draw=6902 present=785 map=12
[mgba] timing: frame scene=20 tick=6038 clock=35561640 updates=1 update=150 draw=8119 present=799 map=12
[mgba] timing: frame scene=20 tick=6039 clock=35570932 updates=1 update=249 draw=8133 present=785 map=12
[mgba] timing: frame scene=20 tick=6040 clock=35580324 updates=1 update=253 draw=6906 present=798 map=12
[mgba] timing: frame scene=20 tick=6041 clock=35588506 updates=1 update=406 draw=8118 present=785 map=12
[mgba] timing: frame scene=20 tick=6042 clock=35598040 updates=1 update=202 draw=13826 present=785 map=12
[mgba] timing: frame scene=20 tick=6043 clock=35614308 updates=1 update=259 draw=13826 present=785 map=12
[mgba] timing: frame scene=20 tick=6044 clock=35631864 updates=1 update=254 draw=6906 present=786 map=12
[mgba] timing: frame scene=20 tick=6045 clock=35640642 updates=1 update=149 draw=8106 present=798 map=12
[mgba] timing: frame scene=20 tick=6046 clock=35649919 updates=1 update=250 draw=8119 present=785 map=12
[mgba] timing: frame scene=20 tick=6047 clock=35659298 updates=1 update=151 draw=15827 present=798 map=12
[mgba] timing: frame scene=20 tick=6048 clock=35676302 updates=1 update=117 draw=15740 present=785 map=12
[mgba] timing: frame scene=20 tick=6049 clock=35693310 updates=1 update=117 draw=15807 present=785 map=12
[mgba] timing: frame scene=20 tick=6050 clock=35710866 updates=1 update=118 draw=15701 present=785 map=12
[mgba] timing: frame scene=20 tick=6051 clock=35728422 updates=1 update=251 draw=15801 present=785 map=12
[mgba] timing: frame scene=20 tick=6052 clock=35745978 updates=1 update=407 draw=8120 present=798 map=12
[mgba] timing: frame scene=20 tick=6053 clock=35755528 updates=1 update=201 draw=13884 present=785 map=12
[mgba] timing: frame scene=20 tick=6054 clock=35772312 updates=1 update=260 draw=13884 present=785 map=12
[mgba] timing: frame scene=20 tick=6055 clock=35789868 updates=1 update=253 draw=6914 present=785 map=12
[mgba] timing: frame scene=20 tick=6056 clock=35798646 updates=1 update=150 draw=8119 present=799 map=12
[mgba] timing: frame scene=20 tick=6057 clock=35807938 updates=1 update=249 draw=8133 present=785 map=12
[mgba] timing: frame scene=20 tick=6058 clock=35817330 updates=1 update=253 draw=6906 present=799 map=12
[mgba] timing: frame scene=20 tick=6059 clock=35825512 updates=1 update=407 draw=8119 present=785 map=12
[mgba] timing: frame scene=20 tick=6060 clock=35835048 updates=1 update=202 draw=13826 present=785 map=12
[mgba] timing: frame scene=20 tick=6061 clock=35851314 updates=1 update=163 draw=13827 present=786 map=12
[mgba] timing: frame scene=20 tick=6062 clock=35868870 updates=1 update=122 draw=5083 present=785 map=12
[mgba] timing: frame scene=20 tick=6063 clock=35877648 updates=1 update=121 draw=5071 present=786 map=12
[mgba] timing: frame scene=20 tick=6064 clock=35886426 updates=1 update=122 draw=5071 present=785 map=12
[mgba] timing: frame scene=20 tick=6065 clock=35895204 updates=1 update=121 draw=5072 present=785 map=12
[mgba] timing: frame scene=20 tick=6066 clock=35903982 updates=1 update=121 draw=5072 present=785 map=12
[mgba] timing: frame scene=20 tick=6067 clock=35912760 updates=1 update=121 draw=5072 present=785 map=12
[mgba] timing: frame scene=20 tick=6068 clock=35921538 updates=1 update=122 draw=5071 present=785 map=12
[mgba] timing: frame scene=20 tick=6069 clock=35930316 updates=1 update=121 draw=5072 present=785 map=12
[mgba] timing: frame scene=20 tick=6070 clock=35939094 updates=1 update=121 draw=5072 present=785 map=12
[mgba] timing: frame scene=20 tick=6071 clock=35947872 updates=1 update=274 draw=5070 present=786 map=12
[mgba] timing: frame scene=20 tick=6072 clock=35956650 updates=1 update=137 draw=7157 present=785 map=12
[mgba] timing: frame scene=20 tick=6073 clock=35965428 updates=1 update=247 draw=7169 present=785 map=12
[mgba] timing: frame scene=20 tick=6074 clock=35974206 updates=1 update=253 draw=6914 present=786 map=12
[mgba] timing: frame scene=20 tick=6075 clock=35982984 updates=1 update=406 draw=8120 present=798 map=12
[mgba] timing: frame scene=20 tick=6076 clock=35992533 updates=1 update=202 draw=13884 present=785 map=12
[mgba] timing: frame scene=20 tick=6077 clock=36009318 updates=1 update=259 draw=13884 present=786 map=12
[mgba] timing: frame scene=20 tick=6078 clock=36026874 updates=1 update=254 draw=6914 present=785 map=12
[mgba] timing: frame scene=20 tick=6079 clock=36035652 updates=1 update=149 draw=8120 present=798 map=12
[mgba] timing: frame scene=20 tick=6080 clock=36044943 updates=1 update=154 draw=17045 present=785 map=12
[mgba] timing: frame scene=20 tick=6081 clock=36063154 updates=1 update=113 draw=13908 present=785 map=12
[mgba] timing: frame scene=20 tick=6082 clock=36079542 updates=1 update=114 draw=13963 present=785 map=12
[mgba] timing: frame scene=20 tick=6083 clock=36097098 updates=1 update=113 draw=13857 present=786 map=12
[mgba] timing: frame scene=20 tick=6084 clock=36114654 updates=1 update=231 draw=13957 present=786 map=12
[mgba] timing: frame scene=20 tick=6085 clock=36132210 updates=1 update=253 draw=6895 present=785 map=12
[mgba] timing: frame scene=20 tick=6086 clock=36140988 updates=1 update=407 draw=8105 present=798 map=12
[mgba] timing: frame scene=20 tick=6087 clock=36150523 updates=1 update=201 draw=13827 present=785 map=12
[mgba] timing: frame scene=20 tick=6088 clock=36167322 updates=1 update=260 draw=13827 present=785 map=12
[mgba] timing: frame scene=20 tick=6089 clock=36184878 updates=1 update=253 draw=6907 present=785 map=12
[mgba] timing: frame scene=20 tick=6090 clock=36193656 updates=1 update=150 draw=8105 present=798 map=12
[mgba] timing: frame scene=20 tick=6091 clock=36202934 updates=1 update=249 draw=8118 present=785 map=12
[mgba] timing: frame scene=20 tick=6092 clock=36212310 updates=1 update=253 draw=6914 present=798 map=12
[mgba] timing: frame scene=20 tick=6093 clock=36220500 updates=1 update=406 draw=8133 present=785 map=12
[mgba] timing: frame scene=20 tick=6094 clock=36230049 updates=1 update=201 draw=13890 present=785 map=12
[mgba] timing: frame scene=20 tick=6095 clock=36246324 updates=1 update=163 draw=22802 present=785 map=12
[mgba] timing: frame scene=20 tick=6096 clock=36272658 updates=1 update=115 draw=13908 present=785 map=12
[mgba] timing: frame scene=20 tick=6097 clock=36290214 updates=1 update=113 draw=13964 present=785 map=12
[mgba] timing: frame scene=20 tick=6098 clock=36307770 updates=1 update=114 draw=13857 present=785 map=12
[mgba] timing: frame scene=20 tick=6099 clock=36325326 updates=1 update=230 draw=13958 present=785 map=12
[mgba] timing: frame scene=20 tick=6100 clock=36342882 updates=1 update=254 draw=6902 present=785 map=12
[mgba] timing: frame scene=20 tick=6101 clock=36351660 updates=1 update=149 draw=8120 present=798 map=12
[mgba] timing: frame scene=20 tick=6102 clock=36360952 updates=1 update=249 draw=8133 present=785 map=12
[mgba] timing: frame scene=20 tick=6103 clock=36370344 updates=1 update=252 draw=6907 present=798 map=12
[mgba] timing: frame scene=20 tick=6104 clock=36378525 updates=1 update=407 draw=8118 present=785 map=12
[mgba] timing: frame scene=20 tick=6105 clock=36388060 updates=1 update=201 draw=13826 present=786 map=12
[mgba] timing: frame scene=20 tick=6106 clock=36404328 updates=1 update=260 draw=13826 present=785 map=12
[mgba] timing: frame scene=20 tick=6107 clock=36421884 updates=1 update=253 draw=6907 present=785 map=12
[mgba] timing: frame scene=20 tick=6108 clock=36430662 updates=1 update=150 draw=8106 present=798 map=12
[mgba] timing: frame scene=20 tick=6109 clock=36439940 updates=1 update=249 draw=8119 present=785 map=12
[mgba] timing: frame scene=20 tick=6110 clock=36449318 updates=1 update=152 draw=15827 present=798 map=12
[mgba] timing: frame scene=20 tick=6111 clock=36466322 updates=1 update=117 draw=15740 present=785 map=12
[mgba] timing: frame scene=20 tick=6112 clock=36483330 updates=1 update=118 draw=15807 present=785 map=12
[mgba] timing: frame scene=20 tick=6113 clock=36500886 updates=1 update=117 draw=15701 present=785 map=12
[mgba] timing: frame scene=20 tick=6114 clock=36518442 updates=1 update=252 draw=15801 present=785 map=12
[mgba] timing: frame scene=20 tick=6115 clock=36535998 updates=1 update=407 draw=8119 present=799 map=12
[mgba] timing: frame scene=20 tick=6116 clock=36545547 updates=1 update=202 draw=13884 present=785 map=12
[mgba] timing: frame scene=20 tick=6117 clock=36562332 updates=1 update=259 draw=13884 present=786 map=12
[mgba] timing: frame scene=20 tick=6118 clock=36579888 updates=1 update=254 draw=6914 present=785 map=12
[mgba] timing: frame scene=20 tick=6119 clock=36588666 updates=1 update=150 draw=8120 present=798 map=12
[mgba] timing: frame scene=20 tick=6120 clock=36597958 updates=1 update=250 draw=8132 present=786 map=12
[mgba] timing: frame scene=20 tick=6121 clock=36610611 updates=1 update=254 draw=6906 present=786 map=12
[mgba] timing: frame scene=20 tick=6122 clock=36619389 updates=1 update=407 draw=8106 present=798 map=12
[mgba] timing: frame scene=20 tick=6123 clock=36628924 updates=1 update=202 draw=13826 present=785 map=12
[mgba] timing: frame scene=20 tick=6124 clock=36645723 updates=1 update=174 draw=13827 present=786 map=12
[mgba] timing: END scene=20 ticks=127
[mgba] timing: START move=85 player=false scene=21 tick=6125
[mgba] timing: frame scene=21 tick=6126 clock=36672057 updates=1 update=125 draw=7757 present=785 map=12
[mgba] timing: frame scene=21 tick=6127 clock=36680962 updates=1 update=120 draw=8136 present=798 map=12
[mgba] timing: frame scene=21 tick=6128 clock=36690241 updates=1 update=120 draw=5079 present=785 map=12
[mgba] timing: frame scene=21 tick=6129 clock=36698393 updates=1 update=119 draw=5080 present=785 map=12
[mgba] timing: frame scene=21 tick=6130 clock=36707169 updates=1 update=120 draw=5079 present=785 map=12
[mgba] timing: frame scene=21 tick=6131 clock=36715947 updates=1 update=120 draw=5079 present=786 map=12
[mgba] timing: frame scene=21 tick=6132 clock=36724725 updates=1 update=120 draw=5079 present=785 map=12
[mgba] timing: frame scene=21 tick=6133 clock=36733503 updates=1 update=120 draw=5079 present=786 map=12
[mgba] timing: frame scene=21 tick=6134 clock=36742281 updates=1 update=120 draw=5079 present=785 map=12
[mgba] timing: frame scene=21 tick=6135 clock=36751059 updates=1 update=120 draw=5079 present=786 map=12
[mgba] timing: frame scene=21 tick=6136 clock=36759837 updates=1 update=277 draw=5080 present=785 map=12
[mgba] timing: frame scene=21 tick=6137 clock=36768615 updates=1 update=136 draw=9644 present=786 map=12
[mgba] timing: frame scene=21 tick=6138 clock=36781782 updates=1 update=252 draw=7171 present=786 map=12
[mgba] timing: frame scene=21 tick=6139 clock=36790560 updates=1 update=255 draw=6919 present=785 map=12
[mgba] timing: frame scene=21 tick=6140 clock=36799338 updates=1 update=414 draw=8120 present=798 map=12
[mgba] timing: frame scene=21 tick=6141 clock=36808894 updates=1 update=201 draw=14043 present=785 map=12
[mgba] timing: frame scene=21 tick=6142 clock=36825672 updates=1 update=262 draw=14042 present=786 map=12
[mgba] timing: frame scene=21 tick=6143 clock=36843228 updates=1 update=255 draw=6919 present=786 map=12
[mgba] timing: frame scene=21 tick=6144 clock=36852006 updates=1 update=148 draw=8119 present=799 map=12
[mgba] timing: frame scene=21 tick=6145 clock=36861296 updates=1 update=153 draw=17044 present=785 map=12
[mgba] timing: frame scene=21 tick=6146 clock=36879506 updates=1 update=112 draw=13917 present=786 map=12
[mgba] timing: frame scene=21 tick=6147 clock=36895896 updates=1 update=112 draw=13974 present=785 map=12
[mgba] timing: frame scene=21 tick=6148 clock=36913452 updates=1 update=113 draw=13866 present=786 map=12
[mgba] timing: frame scene=21 tick=6149 clock=36931008 updates=1 update=233 draw=13967 present=785 map=12
[mgba] timing: frame scene=21 tick=6150 clock=36948564 updates=1 update=256 draw=6889 present=786 map=12
[mgba] timing: frame scene=21 tick=6151 clock=36957342 updates=1 update=413 draw=8085 present=799 map=12
[mgba] timing: frame scene=21 tick=6152 clock=36966863 updates=1 update=201 draw=13979 present=785 map=12
[mgba] timing: frame scene=21 tick=6153 clock=36983676 updates=1 update=261 draw=13980 present=785 map=12
[mgba] timing: frame scene=21 tick=6154 clock=37001232 updates=1 update=256 draw=6901 present=785 map=12
[mgba] timing: frame scene=21 tick=6155 clock=37010010 updates=1 update=148 draw=8086 present=798 map=12
[mgba] timing: frame scene=21 tick=6156 clock=37019266 updates=1 update=252 draw=8098 present=785 map=12
[mgba] timing: frame scene=21 tick=6157 clock=37028626 updates=1 update=254 draw=6919 present=799 map=12
[mgba] timing: frame scene=21 tick=6158 clock=37036822 updates=1 update=414 draw=8132 present=786 map=12
[mgba] timing: frame scene=21 tick=6159 clock=37046378 updates=1 update=201 draw=14052 present=785 map=12
[mgba] timing: frame scene=21 tick=6160 clock=37062678 updates=1 update=163 draw=22962 present=785 map=12
[mgba] timing: frame scene=21 tick=6161 clock=37089012 updates=1 update=114 draw=13917 present=786 map=12
[mgba] timing: frame scene=21 tick=6162 clock=37106568 updates=1 update=112 draw=13973 present=785 map=12
[mgba] timing: frame scene=21 tick=6163 clock=37124124 updates=1 update=112 draw=13868 present=785 map=12
[mgba] timing: frame scene=21 tick=6164 clock=37141680 updates=1 update=233 draw=13967 present=785 map=12
[mgba] timing: frame scene=21 tick=6165 clock=37159236 updates=1 update=256 draw=6907 present=785 map=12
[mgba] timing: frame scene=21 tick=6166 clock=37168014 updates=1 update=148 draw=8119 present=799 map=12
[mgba] timing: frame scene=21 tick=6167 clock=37177304 updates=1 update=251 draw=8133 present=785 map=12
[mgba] timing: frame scene=21 tick=6168 clock=37186698 updates=1 update=255 draw=6901 present=798 map=12
[mgba] timing: frame scene=21 tick=6169 clock=37194877 updates=1 update=413 draw=8098 present=785 map=12
[mgba] timing: frame scene=21 tick=6170 clock=37204398 updates=1 update=200 draw=13964 present=786 map=12
[mgba] timing: frame scene=21 tick=6171 clock=37220682 updates=1 update=261 draw=13965 present=785 map=12
[mgba] timing: frame scene=21 tick=6172 clock=37238238 updates=1 update=256 draw=6901 present=786 map=12
[mgba] timing: frame scene=21 tick=6173 clock=37247016 updates=1 update=148 draw=8086 present=798 map=12
[mgba] timing: frame scene=21 tick=6174 clock=37256273 updates=1 update=252 draw=8098 present=785 map=12
[mgba] timing: frame scene=21 tick=6175 clock=37265633 updates=1 update=151 draw=15831 present=799 map=12
[mgba] timing: frame scene=21 tick=6176 clock=37282641 updates=1 update=117 draw=15743 present=786 map=12
[mgba] timing: frame scene=21 tick=6177 clock=37299684 updates=1 update=116 draw=15813 present=785 map=12
[mgba] timing: frame scene=21 tick=6178 clock=37317240 updates=1 update=116 draw=15706 present=785 map=12
[mgba] timing: frame scene=21 tick=6179 clock=37334796 updates=1 update=254 draw=15806 present=786 map=12
[mgba] timing: frame scene=21 tick=6180 clock=37352352 updates=1 update=415 draw=8119 present=798 map=12
[mgba] timing: frame scene=21 tick=6181 clock=37362190 updates=1 update=200 draw=14043 present=785 map=12
[mgba] timing: frame scene=21 tick=6182 clock=37378686 updates=1 update=262 draw=14042 present=786 map=12
[mgba] timing: frame scene=21 tick=6183 clock=37396242 updates=1 update=255 draw=6919 present=786 map=12
[mgba] timing: frame scene=21 tick=6184 clock=37405020 updates=1 update=148 draw=8119 present=799 map=12
[mgba] timing: frame scene=21 tick=6185 clock=37414310 updates=1 update=251 draw=8133 present=785 map=12
[mgba] timing: frame scene=21 tick=6186 clock=37423704 updates=1 update=256 draw=6901 present=798 map=12
[mgba] timing: frame scene=21 tick=6187 clock=37431883 updates=1 update=413 draw=8099 present=785 map=12
[mgba] timing: frame scene=21 tick=6188 clock=37441405 updates=1 update=201 draw=13968 present=785 map=12
[mgba] timing: frame scene=21 tick=6189 clock=37457688 updates=1 update=164 draw=13967 present=785 map=12
[mgba] timing: frame scene=21 tick=6190 clock=37475244 updates=1 update=120 draw=5090 present=786 map=12
[mgba] timing: frame scene=21 tick=6191 clock=37484022 updates=1 update=120 draw=5079 present=785 map=12
[mgba] timing: frame scene=21 tick=6192 clock=37492800 updates=1 update=120 draw=5078 present=786 map=12
[mgba] timing: frame scene=21 tick=6193 clock=37501578 updates=1 update=120 draw=5079 present=785 map=12
[mgba] timing: frame scene=21 tick=6194 clock=37510356 updates=1 update=120 draw=5078 present=786 map=12
[mgba] timing: frame scene=21 tick=6195 clock=37519134 updates=1 update=120 draw=5079 present=785 map=12
[mgba] timing: frame scene=21 tick=6196 clock=37527912 updates=1 update=120 draw=5078 present=786 map=12
[mgba] timing: frame scene=21 tick=6197 clock=37536690 updates=1 update=120 draw=5079 present=785 map=12
[mgba] timing: frame scene=21 tick=6198 clock=37545468 updates=1 update=120 draw=5078 present=786 map=12
[mgba] timing: frame scene=21 tick=6199 clock=37554246 updates=1 update=278 draw=5080 present=786 map=12
[mgba] timing: frame scene=21 tick=6200 clock=37563024 updates=1 update=136 draw=7160 present=785 map=12
[mgba] timing: frame scene=21 tick=6201 clock=37571802 updates=1 update=250 draw=7172 present=786 map=12
[mgba] timing: frame scene=21 tick=6202 clock=37580580 updates=1 update=256 draw=6918 present=785 map=12
[mgba] timing: frame scene=21 tick=6203 clock=37589358 updates=1 update=413 draw=8120 present=798 map=12
[mgba] timing: frame scene=21 tick=6204 clock=37598914 updates=1 update=200 draw=14042 present=786 map=12
[mgba] timing: frame scene=21 tick=6205 clock=37615692 updates=1 update=261 draw=14043 present=785 map=12
[mgba] timing: frame scene=21 tick=6206 clock=37633248 updates=1 update=256 draw=6919 present=785 map=12
[mgba] timing: frame scene=21 tick=6207 clock=37642026 updates=1 update=148 draw=8120 present=798 map=12
[mgba] timing: frame scene=21 tick=6208 clock=37651317 updates=1 update=153 draw=17043 present=785 map=12
[mgba] timing: frame scene=21 tick=6209 clock=37669526 updates=1 update=112 draw=13918 present=785 map=12
[mgba] timing: frame scene=21 tick=6210 clock=37685916 updates=1 update=113 draw=13972 present=786 map=12
[mgba] timing: frame scene=21 tick=6211 clock=37703472 updates=1 update=112 draw=13868 present=785 map=12
[mgba] timing: frame scene=21 tick=6212 clock=37721028 updates=1 update=233 draw=13967 present=785 map=12
[mgba] timing: frame scene=21 tick=6213 clock=37738584 updates=1 update=255 draw=6890 present=786 map=12
[mgba] timing: frame scene=21 tick=6214 clock=37747362 updates=1 update=414 draw=8085 present=798 map=12
[mgba] timing: frame scene=21 tick=6215 clock=37756884 updates=1 update=200 draw=13980 present=785 map=12
[mgba] timing: frame scene=21 tick=6216 clock=37773696 updates=1 update=262 draw=13979 present=786 map=12
[mgba] timing: frame scene=21 tick=6217 clock=37791252 updates=1 update=256 draw=6901 present=786 map=12
[mgba] timing: frame scene=21 tick=6218 clock=37800030 updates=1 update=148 draw=8085 present=798 map=12
[mgba] timing: frame scene=21 tick=6219 clock=37809286 updates=1 update=251 draw=8098 present=785 map=12
[mgba] timing: frame scene=21 tick=6220 clock=37818645 updates=1 update=255 draw=6919 present=798 map=12
[mgba] timing: frame scene=21 tick=6221 clock=37826841 updates=1 update=413 draw=8133 present=785 map=12
[mgba] timing: frame scene=21 tick=6222 clock=37836397 updates=1 update=201 draw=14051 present=785 map=12
[mgba] timing: frame scene=21 tick=6223 clock=37852698 updates=1 update=163 draw=22963 present=786 map=12
[mgba] timing: frame scene=21 tick=6224 clock=37879032 updates=1 update=114 draw=13917 present=785 map=12
[mgba] timing: frame scene=21 tick=6225 clock=37896588 updates=1 update=112 draw=13974 present=785 map=12
[mgba] timing: frame scene=21 tick=6226 clock=37914144 updates=1 update=113 draw=13866 present=786 map=12
[mgba] timing: frame scene=21 tick=6227 clock=37931700 updates=1 update=233 draw=13967 present=785 map=12
[mgba] timing: frame scene=21 tick=6228 clock=37949256 updates=1 update=256 draw=6907 present=785 map=12
[mgba] timing: frame scene=21 tick=6229 clock=37958034 updates=1 update=148 draw=8120 present=798 map=12
[mgba] timing: frame scene=21 tick=6230 clock=37967325 updates=1 update=252 draw=8132 present=785 map=12
[mgba] timing: frame scene=21 tick=6231 clock=37976719 updates=1 update=255 draw=6901 present=799 map=12
[mgba] timing: frame scene=21 tick=6232 clock=37984898 updates=1 update=414 draw=8098 present=785 map=12
[mgba] timing: frame scene=21 tick=6233 clock=37994420 updates=1 update=200 draw=13965 present=785 map=12
[mgba] timing: frame scene=21 tick=6234 clock=38010702 updates=1 update=262 draw=13964 present=785 map=12
[mgba] timing: frame scene=21 tick=6235 clock=38028258 updates=1 update=256 draw=6901 present=786 map=12
[mgba] timing: frame scene=21 tick=6236 clock=38037036 updates=1 update=148 draw=8086 present=798 map=12
[mgba] timing: frame scene=21 tick=6237 clock=38046293 updates=1 update=251 draw=8099 present=785 map=12
[mgba] timing: frame scene=21 tick=6238 clock=38055653 updates=1 update=150 draw=15830 present=799 map=12
[mgba] timing: frame scene=21 tick=6239 clock=38072659 updates=1 update=117 draw=15745 present=785 map=12
[mgba] timing: frame scene=21 tick=6240 clock=38089704 updates=1 update=117 draw=15811 present=785 map=12
[mgba] timing: frame scene=21 tick=6241 clock=38107260 updates=1 update=116 draw=15707 present=785 map=12
[mgba] timing: frame scene=21 tick=6242 clock=38124816 updates=1 update=254 draw=15805 present=786 map=12
[mgba] timing: frame scene=21 tick=6243 clock=38142372 updates=1 update=413 draw=8120 present=798 map=12
[mgba] timing: frame scene=21 tick=6244 clock=38151928 updates=1 update=201 draw=14042 present=785 map=12
[mgba] timing: frame scene=21 tick=6245 clock=38168706 updates=1 update=261 draw=14043 present=785 map=12
[mgba] timing: frame scene=21 tick=6246 clock=38186262 updates=1 update=256 draw=6919 present=785 map=12
[mgba] timing: frame scene=21 tick=6247 clock=38195040 updates=1 update=148 draw=8120 present=798 map=12
[mgba] timing: frame scene=21 tick=6248 clock=38204331 updates=1 update=252 draw=8132 present=785 map=12
[mgba] timing: frame scene=21 tick=6249 clock=38213725 updates=1 update=255 draw=6901 present=799 map=12
[mgba] timing: frame scene=21 tick=6250 clock=38221904 updates=1 update=414 draw=8099 present=785 map=12
[mgba] timing: frame scene=21 tick=6251 clock=38231427 updates=1 update=200 draw=13969 present=785 map=12
[mgba] timing: frame scene=21 tick=6252 clock=38247708 updates=1 update=174 draw=13967 present=785 map=12
[mgba] timing: END scene=21 ticks=127
[mgba] timing: START move=86 player=true scene=22 tick=6253
[mgba] timing: frame scene=22 tick=6254 clock=38274042 updates=1 update=124 draw=7752 present=785 map=12
[mgba] timing: frame scene=22 tick=6255 clock=38282941 updates=1 update=120 draw=8135 present=798 map=12
[mgba] timing: frame scene=22 tick=6256 clock=38292219 updates=1 update=120 draw=5080 present=785 map=12
[mgba] timing: frame scene=22 tick=6257 clock=38300378 updates=1 update=119 draw=5080 present=785 map=12
[mgba] timing: frame scene=22 tick=6258 clock=38309154 updates=1 update=120 draw=5080 present=785 map=12
[mgba] timing: frame scene=22 tick=6259 clock=38317932 updates=1 update=119 draw=5080 present=786 map=12
[mgba] timing: frame scene=22 tick=6260 clock=38326710 updates=1 update=120 draw=5080 present=785 map=12
[mgba] timing: frame scene=22 tick=6261 clock=38335488 updates=1 update=119 draw=5080 present=786 map=12
[mgba] timing: frame scene=22 tick=6262 clock=38344266 updates=1 update=120 draw=5080 present=785 map=12
[mgba] timing: frame scene=22 tick=6263 clock=38353044 updates=1 update=119 draw=5080 present=786 map=12
[mgba] timing: frame scene=22 tick=6264 clock=38361822 updates=1 update=273 draw=5082 present=785 map=12
[mgba] timing: frame scene=22 tick=6265 clock=38370600 updates=1 update=135 draw=9650 present=785 map=12
[mgba] timing: frame scene=22 tick=6266 clock=38383767 updates=1 update=137 draw=7181 present=785 map=12
[mgba] timing: frame scene=22 tick=6267 clock=38392545 updates=1 update=245 draw=7181 present=785 map=12
[mgba] timing: frame scene=22 tick=6268 clock=38401323 updates=1 update=136 draw=6926 present=785 map=12
[mgba] timing: frame scene=22 tick=6269 clock=38410101 updates=1 update=250 draw=6927 present=785 map=12
[mgba] timing: frame scene=22 tick=6270 clock=38418879 updates=1 update=148 draw=8132 present=798 map=12
[mgba] timing: frame scene=22 tick=6271 clock=38428182 updates=1 update=404 draw=8145 present=785 map=12
[mgba] timing: frame scene=22 tick=6272 clock=38440824 updates=1 update=202 draw=13896 present=785 map=12
[mgba] timing: frame scene=22 tick=6273 clock=38458380 updates=1 update=200 draw=13896 present=786 map=12
[mgba] timing: frame scene=22 tick=6274 clock=38475936 updates=1 update=257 draw=13897 present=785 map=12
[mgba] timing: frame scene=22 tick=6275 clock=38493492 updates=1 update=135 draw=6926 present=786 map=12
[mgba] timing: frame scene=22 tick=6276 clock=38502270 updates=1 update=252 draw=6926 present=785 map=12
[mgba] timing: frame scene=22 tick=6277 clock=38511048 updates=1 update=147 draw=8132 present=799 map=12
[mgba] timing: frame scene=22 tick=6278 clock=38520350 updates=1 update=148 draw=8145 present=785 map=12
[mgba] timing: frame scene=22 tick=6279 clock=38529653 updates=1 update=247 draw=8145 present=785 map=12
[mgba] timing: frame scene=22 tick=6280 clock=38541771 updates=1 update=137 draw=6919 present=785 map=12
[mgba] timing: frame scene=22 tick=6281 clock=38550549 updates=1 update=251 draw=6918 present=786 map=12
[mgba] timing: frame scene=22 tick=6282 clock=38559327 updates=1 update=148 draw=8118 present=798 map=12
[mgba] timing: frame scene=22 tick=6283 clock=38568615 updates=1 update=404 draw=8131 present=785 map=12
[mgba] timing: frame scene=22 tick=6284 clock=38578159 updates=1 update=201 draw=13839 present=785 map=12
[mgba] timing: frame scene=22 tick=6285 clock=38594439 updates=1 update=200 draw=13839 present=786 map=12
[mgba] timing: frame scene=22 tick=6286 clock=38611995 updates=1 update=258 draw=13839 present=785 map=12
[mgba] timing: frame scene=22 tick=6287 clock=38629551 updates=1 update=135 draw=6919 present=785 map=12
[mgba] timing: frame scene=22 tick=6288 clock=38638329 updates=1 update=252 draw=6918 present=786 map=12
[mgba] timing: frame scene=22 tick=6289 clock=38647107 updates=1 update=148 draw=8117 present=798 map=12
[mgba] timing: frame scene=22 tick=6290 clock=38656395 updates=1 update=148 draw=8130 present=785 map=12
[mgba] timing: frame scene=22 tick=6291 clock=38665683 updates=1 update=247 draw=8130 present=785 map=12
[mgba] timing: frame scene=22 tick=6292 clock=38677830 updates=1 update=136 draw=6927 present=785 map=12
[mgba] timing: frame scene=22 tick=6293 clock=38686608 updates=1 update=250 draw=6927 present=785 map=12
[mgba] timing: frame scene=22 tick=6294 clock=38695386 updates=1 update=148 draw=8132 present=798 map=12
[mgba] timing: frame scene=22 tick=6295 clock=38704689 updates=1 update=404 draw=8145 present=785 map=12
[mgba] timing: frame scene=22 tick=6296 clock=38717331 updates=1 update=202 draw=13902 present=785 map=12
[mgba] timing: frame scene=22 tick=6297 clock=38734887 updates=1 update=200 draw=13902 present=786 map=12
[mgba] timing: frame scene=22 tick=6298 clock=38752443 updates=1 update=258 draw=13902 present=785 map=12
[mgba] timing: frame scene=22 tick=6299 clock=38769999 updates=1 update=136 draw=6926 present=785 map=12
[mgba] timing: frame scene=22 tick=6300 clock=38778777 updates=1 update=252 draw=6926 present=785 map=12
[mgba] timing: frame scene=22 tick=6301 clock=38787555 updates=1 update=147 draw=8132 present=799 map=12
[mgba] timing: frame scene=22 tick=6302 clock=38796857 updates=1 update=148 draw=8145 present=785 map=12
[mgba] timing: frame scene=22 tick=6303 clock=38806160 updates=1 update=247 draw=8145 present=785 map=12
[mgba] timing: frame scene=22 tick=6304 clock=38818278 updates=1 update=137 draw=6919 present=785 map=12
[mgba] timing: frame scene=22 tick=6305 clock=38827056 updates=1 update=250 draw=6919 present=786 map=12
[mgba] timing: frame scene=22 tick=6306 clock=38835834 updates=1 update=148 draw=8117 present=799 map=12
[mgba] timing: frame scene=22 tick=6307 clock=38845122 updates=1 update=404 draw=8131 present=785 map=12
[mgba] timing: frame scene=22 tick=6308 clock=38854667 updates=1 update=200 draw=13838 present=785 map=12
[mgba] timing: frame scene=22 tick=6309 clock=38870946 updates=1 update=200 draw=13838 present=786 map=12
[mgba] timing: frame scene=22 tick=6310 clock=38888502 updates=1 update=258 draw=13838 present=785 map=12
[mgba] timing: frame scene=22 tick=6311 clock=38906058 updates=1 update=135 draw=6919 present=785 map=12
[mgba] timing: frame scene=22 tick=6312 clock=38914836 updates=1 update=251 draw=6919 present=786 map=12
[mgba] timing: frame scene=22 tick=6313 clock=38923614 updates=1 update=147 draw=8119 present=798 map=12
[mgba] timing: frame scene=22 tick=6314 clock=38932902 updates=1 update=148 draw=8131 present=786 map=12
[mgba] timing: frame scene=22 tick=6315 clock=38942191 updates=1 update=247 draw=8131 present=786 map=12
[mgba] timing: frame scene=22 tick=6316 clock=38954337 updates=1 update=137 draw=6926 present=785 map=12
[mgba] timing: frame scene=22 tick=6317 clock=38963115 updates=1 update=251 draw=6926 present=785 map=12
[mgba] timing: frame scene=22 tick=6318 clock=38971893 updates=1 update=148 draw=8132 present=798 map=12
[mgba] timing: frame scene=22 tick=6319 clock=38981196 updates=1 update=404 draw=8145 present=785 map=12
[mgba] timing: frame scene=22 tick=6320 clock=38993838 updates=1 update=202 draw=13896 present=785 map=12
[mgba] timing: frame scene=22 tick=6321 clock=39011394 updates=1 update=200 draw=13897 present=785 map=12
[mgba] timing: frame scene=22 tick=6322 clock=39028950 updates=1 update=257 draw=13897 present=785 map=12
[mgba] timing: frame scene=22 tick=6323 clock=39046506 updates=1 update=135 draw=6926 present=785 map=12
[mgba] timing: frame scene=22 tick=6324 clock=39055284 updates=1 update=251 draw=6927 present=785 map=12
[mgba] timing: frame scene=22 tick=6325 clock=39064062 updates=1 update=148 draw=8132 present=798 map=12
[mgba] timing: frame scene=22 tick=6326 clock=39073364 updates=1 update=148 draw=8145 present=785 map=12
[mgba] timing: frame scene=22 tick=6327 clock=39082667 updates=1 update=247 draw=8145 present=785 map=12
[mgba] timing: frame scene=22 tick=6328 clock=39094785 updates=1 update=137 draw=6918 present=786 map=12
[mgba] timing: frame scene=22 tick=6329 clock=39103563 updates=1 update=251 draw=6918 present=786 map=12
[mgba] timing: frame scene=22 tick=6330 clock=39112341 updates=1 update=148 draw=8118 present=799 map=12
[mgba] timing: frame scene=22 tick=6331 clock=39121630 updates=1 update=404 draw=8131 present=785 map=12
[mgba] timing: frame scene=22 tick=6332 clock=39131175 updates=1 update=200 draw=13838 present=786 map=12
[mgba] timing: frame scene=22 tick=6333 clock=39147453 updates=1 update=200 draw=13838 present=786 map=12
[mgba] timing: frame scene=22 tick=6334 clock=39165009 updates=1 update=162 draw=13838 present=785 map=12
[mgba] timing: frame scene=22 tick=6335 clock=39182565 updates=1 update=120 draw=5094 present=785 map=12
[mgba] timing: frame scene=22 tick=6336 clock=39191343 updates=1 update=120 draw=5082 present=786 map=12
[mgba] timing: frame scene=22 tick=6337 clock=39200121 updates=1 update=120 draw=5082 present=785 map=12
[mgba] timing: frame scene=22 tick=6338 clock=39208899 updates=1 update=120 draw=5082 present=786 map=12
[mgba] timing: frame scene=22 tick=6339 clock=39217677 updates=1 update=119 draw=5083 present=785 map=12
[mgba] timing: frame scene=22 tick=6340 clock=39226455 updates=1 update=120 draw=5082 present=786 map=12
[mgba] timing: frame scene=22 tick=6341 clock=39235233 updates=1 update=119 draw=5083 present=785 map=12
[mgba] timing: frame scene=22 tick=6342 clock=39244011 updates=1 update=120 draw=5082 present=786 map=12
[mgba] timing: frame scene=22 tick=6343 clock=39252789 updates=1 update=119 draw=5083 present=785 map=12
[mgba] timing: frame scene=22 tick=6344 clock=39261567 updates=1 update=305 draw=5078 present=786 map=12
[mgba] timing: frame scene=22 tick=6345 clock=39270345 updates=1 update=150 draw=10410 present=786 map=12
[mgba] timing: frame scene=22 tick=6346 clock=39283512 updates=1 update=149 draw=7960 present=799 map=12
[mgba] timing: frame scene=22 tick=6347 clock=39292644 updates=1 update=301 draw=7960 present=798 map=12
[mgba] timing: frame scene=22 tick=6348 clock=39301927 updates=1 update=148 draw=7898 present=786 map=12
[mgba] timing: frame scene=22 tick=6349 clock=39310983 updates=1 update=150 draw=7897 present=786 map=12
[mgba] timing: frame scene=22 tick=6350 clock=39323013 updates=1 update=153 draw=7891 present=798 map=12
[mgba] timing: frame scene=22 tick=6351 clock=39332080 updates=1 update=119 draw=5095 present=786 map=12
[mgba] timing: frame scene=22 tick=6352 clock=39340571 updates=1 update=119 draw=5084 present=785 map=12
[mgba] timing: frame scene=22 tick=6353 clock=39349347 updates=1 update=119 draw=5084 present=785 map=12
[mgba] timing: frame scene=22 tick=6354 clock=39358125 updates=1 update=120 draw=5083 present=786 map=12
[mgba] timing: frame scene=22 tick=6355 clock=39366903 updates=1 update=120 draw=5083 present=785 map=12
[mgba] timing: frame scene=22 tick=6356 clock=39375681 updates=1 update=120 draw=5084 present=785 map=12
[mgba] timing: frame scene=22 tick=6357 clock=39384459 updates=1 update=119 draw=5084 present=785 map=12
[mgba] timing: frame scene=22 tick=6358 clock=39393237 updates=1 update=120 draw=5083 present=786 map=12
[mgba] timing: frame scene=22 tick=6359 clock=39402015 updates=1 update=120 draw=5084 present=785 map=12
[mgba] timing: frame scene=22 tick=6360 clock=39410793 updates=1 update=294 draw=5077 present=785 map=12
[mgba] timing: frame scene=22 tick=6361 clock=39419571 updates=1 update=150 draw=7947 present=799 map=12
[mgba] timing: frame scene=22 tick=6362 clock=39428691 updates=1 update=148 draw=7960 present=798 map=12
[mgba] timing: frame scene=22 tick=6363 clock=39437822 updates=1 update=149 draw=7973 present=785 map=12
[mgba] timing: frame scene=22 tick=6364 clock=39446954 updates=1 update=147 draw=7973 present=786 map=12
[mgba] timing: frame scene=22 tick=6365 clock=39459072 updates=1 update=302 draw=7960 present=798 map=12
[mgba] timing: frame scene=22 tick=6366 clock=39468357 updates=1 update=147 draw=7886 present=798 map=12
[mgba] timing: frame scene=22 tick=6367 clock=39477413 updates=1 update=149 draw=7898 present=785 map=12
[mgba] timing: frame scene=22 tick=6368 clock=39486470 updates=1 update=148 draw=7898 present=785 map=12
[mgba] timing: frame scene=22 tick=6369 clock=39498573 updates=1 update=151 draw=7885 present=798 map=12
[mgba] timing: frame scene=22 tick=6370 clock=39507632 updates=1 update=160 draw=7892 present=798 map=12
[mgba] timing: END scene=22 ticks=117
[mgba] timing: START move=86 player=false scene=23 tick=6371
[mgba] timing: frame scene=23 tick=6372 clock=39524909 updates=1 update=124 draw=7765 present=786 map=12
[mgba] timing: frame scene=23 tick=6373 clock=39533821 updates=1 update=121 draw=8135 present=798 map=12
[mgba] timing: frame scene=23 tick=6374 clock=39543100 updates=1 update=120 draw=5080 present=785 map=12
[mgba] timing: frame scene=23 tick=6375 clock=39551243 updates=1 update=119 draw=5081 present=785 map=12
[mgba] timing: frame scene=23 tick=6376 clock=39560019 updates=1 update=120 draw=5080 present=786 map=12
[mgba] timing: frame scene=23 tick=6377 clock=39568797 updates=1 update=120 draw=5081 present=785 map=12
[mgba] timing: frame scene=23 tick=6378 clock=39577575 updates=1 update=120 draw=5080 present=786 map=12
[mgba] timing: frame scene=23 tick=6379 clock=39586353 updates=1 update=120 draw=5081 present=785 map=12
[mgba] timing: frame scene=23 tick=6380 clock=39595131 updates=1 update=120 draw=5080 present=786 map=12
[mgba] timing: frame scene=23 tick=6381 clock=39603909 updates=1 update=120 draw=5081 present=785 map=12
[mgba] timing: frame scene=23 tick=6382 clock=39612687 updates=1 update=274 draw=5082 present=786 map=12
[mgba] timing: frame scene=23 tick=6383 clock=39621465 updates=1 update=136 draw=9644 present=786 map=12
[mgba] timing: frame scene=23 tick=6384 clock=39634632 updates=1 update=137 draw=7175 present=785 map=12
[mgba] timing: frame scene=23 tick=6385 clock=39643410 updates=1 update=246 draw=7176 present=785 map=12
[mgba] timing: frame scene=23 tick=6386 clock=39652188 updates=1 update=136 draw=6921 present=785 map=12
[mgba] timing: frame scene=23 tick=6387 clock=39660966 updates=1 update=251 draw=6922 present=786 map=12
[mgba] timing: frame scene=23 tick=6388 clock=39669744 updates=1 update=148 draw=8122 present=798 map=12
[mgba] timing: frame scene=23 tick=6389 clock=39679037 updates=1 update=407 draw=8136 present=785 map=12
[mgba] timing: frame scene=23 tick=6390 clock=39688590 updates=1 update=200 draw=14045 present=786 map=12
[mgba] timing: frame scene=23 tick=6391 clock=39704856 updates=1 update=201 draw=14046 present=785 map=12
[mgba] timing: frame scene=23 tick=6392 clock=39722412 updates=1 update=259 draw=14045 present=785 map=12
[mgba] timing: frame scene=23 tick=6393 clock=39739968 updates=1 update=136 draw=6922 present=785 map=12
[mgba] timing: frame scene=23 tick=6394 clock=39748746 updates=1 update=253 draw=6921 present=785 map=12
[mgba] timing: frame scene=23 tick=6395 clock=39757524 updates=1 update=148 draw=8123 present=798 map=12
[mgba] timing: frame scene=23 tick=6396 clock=39766818 updates=1 update=148 draw=8135 present=785 map=12
[mgba] timing: frame scene=23 tick=6397 clock=39776111 updates=1 update=247 draw=8136 present=785 map=12
[mgba] timing: frame scene=23 tick=6398 clock=39788247 updates=1 update=137 draw=6904 present=785 map=12
[mgba] timing: frame scene=23 tick=6399 clock=39797025 updates=1 update=251 draw=6905 present=785 map=12
[mgba] timing: frame scene=23 tick=6400 clock=39805803 updates=1 update=148 draw=8088 present=798 map=12
[mgba] timing: frame scene=23 tick=6401 clock=39815062 updates=1 update=407 draw=8101 present=785 map=12
[mgba] timing: frame scene=23 tick=6402 clock=39824580 updates=1 update=200 draw=13982 present=785 map=12
[mgba] timing: frame scene=23 tick=6403 clock=39840915 updates=1 update=201 draw=13982 present=786 map=12
[mgba] timing: frame scene=23 tick=6404 clock=39858471 updates=1 update=259 draw=13982 present=785 map=12
[mgba] timing: frame scene=23 tick=6405 clock=39876027 updates=1 update=136 draw=6904 present=786 map=12
[mgba] timing: frame scene=23 tick=6406 clock=39884805 updates=1 update=253 draw=6903 present=786 map=12
[mgba] timing: frame scene=23 tick=6407 clock=39893583 updates=1 update=148 draw=8088 present=799 map=12
[mgba] timing: frame scene=23 tick=6408 clock=39902842 updates=1 update=148 draw=8088 present=798 map=12
[mgba] timing: frame scene=23 tick=6409 clock=39912100 updates=1 update=248 draw=8101 present=786 map=12
[mgba] timing: frame scene=23 tick=6410 clock=39924306 updates=1 update=137 draw=6921 present=785 map=12
[mgba] timing: frame scene=23 tick=6411 clock=39933084 updates=1 update=252 draw=6922 present=785 map=12
[mgba] timing: frame scene=23 tick=6412 clock=39941862 updates=1 update=148 draw=8122 present=799 map=12
[mgba] timing: frame scene=23 tick=6413 clock=39951155 updates=1 update=407 draw=8136 present=785 map=12
[mgba] timing: frame scene=23 tick=6414 clock=39960708 updates=1 update=201 draw=14054 present=785 map=12
[mgba] timing: frame scene=23 tick=6415 clock=39976974 updates=1 update=201 draw=14055 present=785 map=12
[mgba] timing: frame scene=23 tick=6416 clock=39994530 updates=1 update=259 draw=14054 present=785 map=12
[mgba] timing: frame scene=23 tick=6417 clock=40012086 updates=1 update=136 draw=6922 present=785 map=12
[mgba] timing: frame scene=23 tick=6418 clock=40020864 updates=1 update=253 draw=6921 present=785 map=12
[mgba] timing: frame scene=23 tick=6419 clock=40029642 updates=1 update=149 draw=8123 present=798 map=12
[mgba] timing: frame scene=23 tick=6420 clock=40038937 updates=1 update=148 draw=8135 present=785 map=12
[mgba] timing: frame scene=23 tick=6421 clock=40051587 updates=1 update=249 draw=8123 present=798 map=12
[mgba] timing: frame scene=23 tick=6422 clock=40060982 updates=1 update=135 draw=6904 present=785 map=12
[mgba] timing: frame scene=23 tick=6423 clock=40069145 updates=1 update=251 draw=6904 present=786 map=12
[mgba] timing: frame scene=23 tick=6424 clock=40077921 updates=1 update=148 draw=8088 present=798 map=12
[mgba] timing: frame scene=23 tick=6425 clock=40087180 updates=1 update=407 draw=8101 present=785 map=12
[mgba] timing: frame scene=23 tick=6426 clock=40096698 updates=1 update=200 draw=13967 present=785 map=12
[mgba] timing: frame scene=23 tick=6427 clock=40113033 updates=1 update=201 draw=13967 present=786 map=12
[mgba] timing: frame scene=23 tick=6428 clock=40130589 updates=1 update=259 draw=13967 present=785 map=12
[mgba] timing: frame scene=23 tick=6429 clock=40148145 updates=1 update=136 draw=6904 present=786 map=12
[mgba] timing: frame scene=23 tick=6430 clock=40156923 updates=1 update=253 draw=6904 present=785 map=12
[mgba] timing: frame scene=23 tick=6431 clock=40165701 updates=1 update=148 draw=8089 present=798 map=12
[mgba] timing: frame scene=23 tick=6432 clock=40174961 updates=1 update=148 draw=8088 present=798 map=12
[mgba] timing: frame scene=23 tick=6433 clock=40184220 updates=1 update=248 draw=8102 present=785 map=12
[mgba] timing: frame scene=23 tick=6434 clock=40196424 updates=1 update=137 draw=6921 present=785 map=12
[mgba] timing: frame scene=23 tick=6435 clock=40205202 updates=1 update=251 draw=6922 present=786 map=12
[mgba] timing: frame scene=23 tick=6436 clock=40213980 updates=1 update=148 draw=8122 present=799 map=12
[mgba] timing: frame scene=23 tick=6437 clock=40223273 updates=1 update=407 draw=8136 present=785 map=12
[mgba] timing: frame scene=23 tick=6438 clock=40232826 updates=1 update=201 draw=14045 present=785 map=12
[mgba] timing: frame scene=23 tick=6439 clock=40249092 updates=1 update=201 draw=14046 present=785 map=12
[mgba] timing: frame scene=23 tick=6440 clock=40266648 updates=1 update=259 draw=14045 present=785 map=12
[mgba] timing: frame scene=23 tick=6441 clock=40284204 updates=1 update=136 draw=6922 present=785 map=12
[mgba] timing: frame scene=23 tick=6442 clock=40292982 updates=1 update=253 draw=6921 present=785 map=12
[mgba] timing: frame scene=23 tick=6443 clock=40301760 updates=1 update=148 draw=8123 present=798 map=12
[mgba] timing: frame scene=23 tick=6444 clock=40311054 updates=1 update=148 draw=8135 present=785 map=12
[mgba] timing: frame scene=23 tick=6445 clock=40320347 updates=1 update=248 draw=8135 present=786 map=12
[mgba] timing: frame scene=23 tick=6446 clock=40332483 updates=1 update=137 draw=6904 present=785 map=12
[mgba] timing: frame scene=23 tick=6447 clock=40341261 updates=1 update=252 draw=6904 present=786 map=12
[mgba] timing: frame scene=23 tick=6448 clock=40350039 updates=1 update=148 draw=8089 present=798 map=12
[mgba] timing: frame scene=23 tick=6449 clock=40359298 updates=1 update=407 draw=8102 present=786 map=12
[mgba] timing: frame scene=23 tick=6450 clock=40368817 updates=1 update=201 draw=13971 present=785 map=12
[mgba] timing: frame scene=23 tick=6451 clock=40385151 updates=1 update=201 draw=13972 present=785 map=12
[mgba] timing: frame scene=23 tick=6452 clock=40402707 updates=1 update=162 draw=13971 present=785 map=12
[mgba] timing: frame scene=23 tick=6453 clock=40420263 updates=1 update=120 draw=5095 present=785 map=12
[mgba] timing: frame scene=23 tick=6454 clock=40429041 updates=1 update=120 draw=5083 present=785 map=12
[mgba] timing: frame scene=23 tick=6455 clock=40437819 updates=1 update=120 draw=5083 present=785 map=12
[mgba] timing: frame scene=23 tick=6456 clock=40446597 updates=1 update=120 draw=5083 present=785 map=12
[mgba] timing: frame scene=23 tick=6457 clock=40455375 updates=1 update=120 draw=5083 present=786 map=12
[mgba] timing: frame scene=23 tick=6458 clock=40464153 updates=1 update=120 draw=5083 present=785 map=12
[mgba] timing: frame scene=23 tick=6459 clock=40472931 updates=1 update=120 draw=5083 present=786 map=12
[mgba] timing: frame scene=23 tick=6460 clock=40481709 updates=1 update=120 draw=5082 present=786 map=12
[mgba] timing: frame scene=23 tick=6461 clock=40490487 updates=1 update=120 draw=5083 present=786 map=12
[mgba] timing: frame scene=23 tick=6462 clock=40499265 updates=1 update=307 draw=5078 present=786 map=12
[mgba] timing: frame scene=23 tick=6463 clock=40508043 updates=1 update=150 draw=10399 present=785 map=12
[mgba] timing: frame scene=23 tick=6464 clock=40521210 updates=1 update=149 draw=7948 present=798 map=12
[mgba] timing: frame scene=23 tick=6465 clock=40530330 updates=1 update=303 draw=7948 present=798 map=12
[mgba] timing: frame scene=23 tick=6466 clock=40539604 updates=1 update=147 draw=7883 present=785 map=12
[mgba] timing: frame scene=23 tick=6467 clock=40548644 updates=1 update=149 draw=7882 present=785 map=12
[mgba] timing: frame scene=23 tick=6468 clock=40560711 updates=1 update=153 draw=7875 present=798 map=12
[mgba] timing: frame scene=23 tick=6469 clock=40569762 updates=1 update=120 draw=5096 present=785 map=12
[mgba] timing: frame scene=23 tick=6470 clock=40578269 updates=1 update=120 draw=5083 present=785 map=12
[mgba] timing: frame scene=23 tick=6471 clock=40587045 updates=1 update=120 draw=5084 present=786 map=12
[mgba] timing: frame scene=23 tick=6472 clock=40595823 updates=1 update=120 draw=5084 present=785 map=12
[mgba] timing: frame scene=23 tick=6473 clock=40604601 updates=1 update=120 draw=5084 present=786 map=12
[mgba] timing: frame scene=23 tick=6474 clock=40613379 updates=1 update=120 draw=5084 present=785 map=12
[mgba] timing: frame scene=23 tick=6475 clock=40622157 updates=1 update=120 draw=5084 present=786 map=12
[mgba] timing: frame scene=23 tick=6476 clock=40630935 updates=1 update=120 draw=5084 present=785 map=12
[mgba] timing: frame scene=23 tick=6477 clock=40639713 updates=1 update=120 draw=5084 present=786 map=12
[mgba] timing: frame scene=23 tick=6478 clock=40648491 updates=1 update=296 draw=5077 present=785 map=12
[mgba] timing: frame scene=23 tick=6479 clock=40657269 updates=1 update=151 draw=7935 present=798 map=12
[mgba] timing: frame scene=23 tick=6480 clock=40666378 updates=1 update=148 draw=7948 present=798 map=12
[mgba] timing: frame scene=23 tick=6481 clock=40675775 updates=1 update=150 draw=7960 present=785 map=12
[mgba] timing: frame scene=23 tick=6482 clock=40684895 updates=1 update=148 draw=7961 present=785 map=12
[mgba] timing: frame scene=23 tick=6483 clock=40696770 updates=1 update=304 draw=7948 present=798 map=12
[mgba] timing: frame scene=23 tick=6484 clock=40706045 updates=1 update=148 draw=7869 present=798 map=12
[mgba] timing: frame scene=23 tick=6485 clock=40715085 updates=1 update=149 draw=7882 present=785 map=12
[mgba] timing: frame scene=23 tick=6486 clock=40724126 updates=1 update=148 draw=7882 present=785 map=12
[mgba] timing: frame scene=23 tick=6487 clock=40733166 updates=1 update=150 draw=7881 present=785 map=12
[mgba] timing: frame scene=23 tick=6488 clock=40745049 updates=1 update=162 draw=7876 present=798 map=12
[mgba] timing: END scene=23 ticks=117
[mgba] timing: START move=150 player=true scene=24 tick=6489
[mgba] timing: frame scene=24 tick=6490 clock=40762607 updates=1 update=135 draw=7759 present=785 map=12
[mgba] timing: frame scene=24 tick=6491 clock=40771523 updates=1 update=114 draw=8139 present=798 map=12
[mgba] timing: frame scene=24 tick=6492 clock=40780799 updates=1 update=113 draw=5070 present=785 map=12
[mgba] timing: frame scene=24 tick=6493 clock=40788941 updates=1 update=112 draw=5070 present=785 map=12
[mgba] timing: frame scene=24 tick=6494 clock=40797717 updates=1 update=114 draw=5069 present=786 map=12
[mgba] timing: frame scene=24 tick=6495 clock=40806495 updates=1 update=113 draw=5495 present=786 map=12
[mgba] timing: frame scene=24 tick=6496 clock=40815273 updates=1 update=114 draw=4910 present=786 map=12
[mgba] timing: frame scene=24 tick=6497 clock=40824051 updates=1 update=113 draw=4911 present=785 map=12
[mgba] timing: frame scene=24 tick=6498 clock=40832829 updates=1 update=114 draw=5313 present=785 map=12
[mgba] timing: frame scene=24 tick=6499 clock=40841607 updates=1 update=113 draw=4742 present=785 map=12
[mgba] timing: frame scene=24 tick=6500 clock=40850385 updates=1 update=113 draw=4742 present=786 map=12
[mgba] timing: frame scene=24 tick=6501 clock=40859163 updates=1 update=113 draw=5064 present=785 map=12
[mgba] timing: frame scene=24 tick=6502 clock=40867941 updates=1 update=114 draw=4579 present=785 map=12
[mgba] timing: frame scene=24 tick=6503 clock=40876719 updates=1 update=113 draw=4580 present=785 map=12
[mgba] timing: frame scene=24 tick=6504 clock=40885497 updates=1 update=114 draw=4820 present=785 map=12
[mgba] timing: frame scene=24 tick=6505 clock=40894275 updates=1 update=113 draw=4427 present=785 map=12
[mgba] timing: frame scene=24 tick=6506 clock=40899825 updates=1 update=113 draw=4427 present=786 map=12
[mgba] timing: frame scene=24 tick=6507 clock=40907444 updates=1 update=112 draw=4587 present=785 map=12
[mgba] timing: frame scene=24 tick=6508 clock=40916220 updates=1 update=114 draw=4289 present=786 map=12
[mgba] timing: frame scene=24 tick=6509 clock=40921634 updates=1 update=112 draw=4290 present=785 map=12
[mgba] timing: frame scene=24 tick=6510 clock=40929389 updates=1 update=113 draw=4368 present=786 map=12
[mgba] timing: frame scene=24 tick=6511 clock=40934881 updates=1 update=112 draw=4156 present=785 map=12
[mgba] timing: frame scene=24 tick=6512 clock=40942556 updates=1 update=113 draw=4143 present=798 map=12
[mgba] timing: frame scene=24 tick=6513 clock=40947835 updates=1 update=112 draw=4791 present=785 map=12
[mgba] timing: frame scene=24 tick=6514 clock=40955723 updates=1 update=113 draw=5072 present=785 map=12
[mgba] timing: frame scene=24 tick=6515 clock=40964499 updates=1 update=113 draw=5072 present=785 map=12
[mgba] timing: frame scene=24 tick=6516 clock=40973277 updates=1 update=114 draw=5495 present=786 map=12
[mgba] timing: frame scene=24 tick=6517 clock=40982055 updates=1 update=113 draw=4911 present=785 map=12
[mgba] timing: frame scene=24 tick=6518 clock=40990833 updates=1 update=114 draw=4910 present=786 map=12
[mgba] timing: frame scene=24 tick=6519 clock=40999611 updates=1 update=113 draw=5313 present=785 map=12
[mgba] timing: frame scene=24 tick=6520 clock=41008389 updates=1 update=114 draw=4741 present=786 map=12
[mgba] timing: frame scene=24 tick=6521 clock=41017167 updates=1 update=113 draw=4742 present=785 map=12
[mgba] timing: frame scene=24 tick=6522 clock=41025945 updates=1 update=113 draw=5064 present=785 map=12
[mgba] timing: frame scene=24 tick=6523 clock=41034723 updates=1 update=113 draw=4580 present=785 map=12
[mgba] timing: frame scene=24 tick=6524 clock=41043501 updates=1 update=114 draw=4579 present=786 map=12
[mgba] timing: frame scene=24 tick=6525 clock=41052279 updates=1 update=113 draw=4820 present=785 map=12
[mgba] timing: frame scene=24 tick=6526 clock=41061057 updates=1 update=113 draw=4427 present=786 map=12
[mgba] timing: frame scene=24 tick=6527 clock=41066607 updates=1 update=113 draw=4427 present=785 map=12
[mgba] timing: frame scene=24 tick=6528 clock=41074226 updates=1 update=113 draw=4587 present=785 map=12
[mgba] timing: frame scene=24 tick=6529 clock=41083002 updates=1 update=113 draw=4290 present=785 map=12
[mgba] timing: frame scene=24 tick=6530 clock=41088415 updates=1 update=113 draw=4290 present=785 map=12
[mgba] timing: frame scene=24 tick=6531 clock=41096171 updates=1 update=112 draw=4369 present=785 map=12
[mgba] timing: frame scene=24 tick=6532 clock=41101662 updates=1 update=113 draw=4156 present=785 map=12
[mgba] timing: frame scene=24 tick=6533 clock=41109338 updates=1 update=112 draw=4143 present=798 map=12
[mgba] timing: frame scene=24 tick=6534 clock=41114616 updates=1 update=113 draw=4790 present=786 map=12
[mgba] timing: frame scene=24 tick=6535 clock=41122505 updates=1 update=112 draw=5072 present=785 map=12
[mgba] timing: frame scene=24 tick=6536 clock=41131281 updates=1 update=114 draw=5071 present=786 map=12
[mgba] timing: frame scene=24 tick=6537 clock=41140059 updates=1 update=113 draw=5496 present=785 map=12
[mgba] timing: frame scene=24 tick=6538 clock=41148837 updates=1 update=114 draw=4910 present=786 map=12
[mgba] timing: frame scene=24 tick=6539 clock=41157615 updates=1 update=114 draw=4911 present=785 map=12
[mgba] timing: frame scene=24 tick=6540 clock=41166393 updates=1 update=114 draw=5313 present=785 map=12
[mgba] timing: frame scene=24 tick=6541 clock=41175171 updates=1 update=113 draw=4742 present=785 map=12
[mgba] timing: frame scene=24 tick=6542 clock=41183949 updates=1 update=113 draw=4742 present=786 map=12
[mgba] timing: frame scene=24 tick=6543 clock=41192727 updates=1 update=113 draw=5063 present=786 map=12
[mgba] timing: frame scene=24 tick=6544 clock=41201505 updates=1 update=114 draw=4579 present=786 map=12
[mgba] timing: frame scene=24 tick=6545 clock=41210283 updates=1 update=113 draw=4580 present=785 map=12
[mgba] timing: frame scene=24 tick=6546 clock=41219061 updates=1 update=114 draw=4820 present=785 map=12
[mgba] timing: frame scene=24 tick=6547 clock=41227839 updates=1 update=113 draw=4427 present=785 map=12
[mgba] timing: frame scene=24 tick=6548 clock=41233389 updates=1 update=113 draw=4427 present=786 map=12
[mgba] timing: frame scene=24 tick=6549 clock=41241008 updates=1 update=112 draw=4587 present=785 map=12
[mgba] timing: frame scene=24 tick=6550 clock=41249784 updates=1 update=114 draw=4289 present=786 map=12
[mgba] timing: frame scene=24 tick=6551 clock=41255197 updates=1 update=113 draw=4290 present=785 map=12
[mgba] timing: frame scene=24 tick=6552 clock=41262953 updates=1 update=113 draw=4368 present=786 map=12
[mgba] timing: frame scene=24 tick=6553 clock=41268444 updates=1 update=113 draw=4156 present=785 map=12
[mgba] timing: frame scene=24 tick=6554 clock=41276120 updates=1 update=113 draw=4143 present=798 map=12
[mgba] timing: frame scene=24 tick=6555 clock=41281399 updates=1 update=112 draw=4791 present=785 map=12
[mgba] timing: frame scene=24 tick=6556 clock=41289287 updates=1 update=113 draw=5072 present=785 map=12
[mgba] timing: frame scene=24 tick=6557 clock=41298063 updates=1 update=113 draw=5072 present=785 map=12
[mgba] timing: frame scene=24 tick=6558 clock=41306841 updates=1 update=114 draw=5495 present=785 map=12
[mgba] timing: frame scene=24 tick=6559 clock=41315619 updates=1 update=113 draw=4911 present=785 map=12
[mgba] timing: frame scene=24 tick=6560 clock=41324397 updates=1 update=114 draw=4910 present=786 map=12
[mgba] timing: frame scene=24 tick=6561 clock=41333175 updates=1 update=113 draw=5313 present=785 map=12
[mgba] timing: frame scene=24 tick=6562 clock=41341953 updates=1 update=113 draw=4742 present=786 map=12
[mgba] timing: frame scene=24 tick=6563 clock=41350731 updates=1 update=113 draw=4742 present=785 map=12
[mgba] timing: frame scene=24 tick=6564 clock=41359509 updates=1 update=114 draw=5063 present=785 map=12
[mgba] timing: frame scene=24 tick=6565 clock=41368287 updates=1 update=113 draw=4580 present=785 map=12
[mgba] timing: frame scene=24 tick=6566 clock=41377065 updates=1 update=114 draw=4579 present=785 map=12
[mgba] timing: frame scene=24 tick=6567 clock=41385843 updates=1 update=113 draw=4820 present=786 map=12
[mgba] timing: frame scene=24 tick=6568 clock=41394621 updates=1 update=114 draw=4427 present=785 map=12
[mgba] timing: frame scene=24 tick=6569 clock=41400172 updates=1 update=112 draw=4427 present=786 map=12
[mgba] timing: frame scene=24 tick=6570 clock=41407790 updates=1 update=113 draw=4587 present=785 map=12
[mgba] timing: frame scene=24 tick=6571 clock=41416566 updates=1 update=113 draw=4290 present=785 map=12
[mgba] timing: frame scene=24 tick=6572 clock=41421979 updates=1 update=113 draw=4290 present=785 map=12
[mgba] timing: frame scene=24 tick=6573 clock=41429735 updates=1 update=112 draw=4369 present=785 map=12
[mgba] timing: frame scene=24 tick=6574 clock=41435226 updates=1 update=113 draw=4156 present=785 map=12
[mgba] timing: frame scene=24 tick=6575 clock=41442902 updates=1 update=112 draw=4143 present=798 map=12
[mgba] timing: frame scene=24 tick=6576 clock=41448180 updates=1 update=113 draw=4790 present=786 map=12
[mgba] timing: frame scene=24 tick=6577 clock=41456069 updates=1 update=112 draw=5072 present=785 map=12
[mgba] timing: frame scene=24 tick=6578 clock=41464845 updates=1 update=114 draw=5071 present=786 map=12
[mgba] timing: frame scene=24 tick=6579 clock=41473623 updates=1 update=113 draw=5496 present=785 map=12
[mgba] timing: frame scene=24 tick=6580 clock=41482401 updates=1 update=114 draw=4910 present=786 map=12
[mgba] timing: frame scene=24 tick=6581 clock=41491179 updates=1 update=113 draw=4911 present=785 map=12
[mgba] timing: frame scene=24 tick=6582 clock=41499957 updates=1 update=114 draw=5313 present=785 map=12
[mgba] timing: frame scene=24 tick=6583 clock=41508735 updates=1 update=113 draw=4742 present=785 map=12
[mgba] timing: frame scene=24 tick=6584 clock=41517513 updates=1 update=114 draw=4742 present=785 map=12
[mgba] timing: frame scene=24 tick=6585 clock=41526291 updates=1 update=113 draw=5063 present=786 map=12
[mgba] timing: frame scene=24 tick=6586 clock=41535069 updates=1 update=114 draw=4579 present=786 map=12
[mgba] timing: frame scene=24 tick=6587 clock=41543847 updates=1 update=113 draw=4580 present=785 map=12
[mgba] timing: frame scene=24 tick=6588 clock=41552625 updates=1 update=114 draw=4820 present=785 map=12
[mgba] timing: frame scene=24 tick=6589 clock=41561403 updates=1 update=113 draw=4427 present=785 map=12
[mgba] timing: frame scene=24 tick=6590 clock=41566953 updates=1 update=113 draw=4427 present=786 map=12
[mgba] timing: frame scene=24 tick=6591 clock=41574572 updates=1 update=112 draw=4587 present=785 map=12
[mgba] timing: frame scene=24 tick=6592 clock=41583348 updates=1 update=114 draw=4289 present=786 map=12
[mgba] timing: frame scene=24 tick=6593 clock=41588762 updates=1 update=112 draw=4290 present=785 map=12
[mgba] timing: frame scene=24 tick=6594 clock=41596517 updates=1 update=113 draw=4368 present=786 map=12
[mgba] timing: frame scene=24 tick=6595 clock=41602009 updates=1 update=112 draw=4156 present=785 map=12
[mgba] timing: frame scene=24 tick=6596 clock=41609684 updates=1 update=113 draw=4143 present=798 map=12
[mgba] timing: frame scene=24 tick=6597 clock=41614963 updates=1 update=112 draw=4790 present=786 map=12
[mgba] timing: frame scene=24 tick=6598 clock=41622851 updates=1 update=134 draw=5096 present=785 map=12
[mgba] timing: END scene=24 ticks=109
[mgba] timing: START move=150 player=false scene=25 tick=6599
[mgba] timing: frame scene=25 tick=6600 clock=41636016 updates=1 update=136 draw=7715 present=786 map=12
[mgba] timing: frame scene=25 tick=6601 clock=41645165 updates=1 update=113 draw=8135 present=798 map=12
[mgba] timing: frame scene=25 tick=6602 clock=41654436 updates=1 update=113 draw=5067 present=786 map=12
[mgba] timing: frame scene=25 tick=6603 clock=41662352 updates=1 update=112 draw=5068 present=785 map=12
[mgba] timing: frame scene=25 tick=6604 clock=41671128 updates=1 update=114 draw=5067 present=785 map=12
[mgba] timing: frame scene=25 tick=6605 clock=41679906 updates=1 update=113 draw=5281 present=786 map=12
[mgba] timing: frame scene=25 tick=6606 clock=41688684 updates=1 update=114 draw=5065 present=785 map=12
[mgba] timing: frame scene=25 tick=6607 clock=41697462 updates=1 update=113 draw=5065 present=786 map=12
[mgba] timing: frame scene=25 tick=6608 clock=41706240 updates=1 update=114 draw=5281 present=785 map=12
[mgba] timing: frame scene=25 tick=6609 clock=41715018 updates=1 update=113 draw=5062 present=785 map=12
[mgba] timing: frame scene=25 tick=6610 clock=41723796 updates=1 update=114 draw=5061 present=785 map=12
[mgba] timing: frame scene=25 tick=6611 clock=41732574 updates=1 update=113 draw=5235 present=786 map=12
[mgba] timing: frame scene=25 tick=6612 clock=41741352 updates=1 update=114 draw=4946 present=785 map=12
[mgba] timing: frame scene=25 tick=6613 clock=41750130 updates=1 update=113 draw=4947 present=785 map=12
[mgba] timing: frame scene=25 tick=6614 clock=41758908 updates=1 update=114 draw=5077 present=786 map=12
[mgba] timing: frame scene=25 tick=6615 clock=41767686 updates=1 update=113 draw=4829 present=786 map=12
[mgba] timing: frame scene=25 tick=6616 clock=41776464 updates=1 update=114 draw=4828 present=786 map=12
[mgba] timing: frame scene=25 tick=6617 clock=41785242 updates=1 update=113 draw=4945 present=785 map=12
[mgba] timing: frame scene=25 tick=6618 clock=41794020 updates=1 update=114 draw=4712 present=785 map=12
[mgba] timing: frame scene=25 tick=6619 clock=41802798 updates=1 update=113 draw=4713 present=785 map=12
[mgba] timing: frame scene=25 tick=6620 clock=41811576 updates=1 update=114 draw=4769 present=785 map=12
[mgba] timing: frame scene=25 tick=6621 clock=41820354 updates=1 update=113 draw=4607 present=785 map=12
[mgba] timing: frame scene=25 tick=6622 clock=41829132 updates=1 update=114 draw=4606 present=785 map=12
[mgba] timing: frame scene=25 tick=6623 clock=41837910 updates=1 update=113 draw=5110 present=785 map=12
[mgba] timing: frame scene=25 tick=6624 clock=41846688 updates=1 update=114 draw=5069 present=785 map=12
[mgba] timing: frame scene=25 tick=6625 clock=41855466 updates=1 update=113 draw=5070 present=785 map=12
[mgba] timing: frame scene=25 tick=6626 clock=41864244 updates=1 update=114 draw=5281 present=785 map=12
[mgba] timing: frame scene=25 tick=6627 clock=41873022 updates=1 update=113 draw=5065 present=786 map=12
[mgba] timing: frame scene=25 tick=6628 clock=41881800 updates=1 update=114 draw=5065 present=785 map=12
[mgba] timing: frame scene=25 tick=6629 clock=41890578 updates=1 update=113 draw=5281 present=786 map=12
[mgba] timing: frame scene=25 tick=6630 clock=41899356 updates=1 update=114 draw=5061 present=785 map=12
[mgba] timing: frame scene=25 tick=6631 clock=41908134 updates=1 update=113 draw=5062 present=785 map=12
[mgba] timing: frame scene=25 tick=6632 clock=41916912 updates=1 update=114 draw=5234 present=786 map=12
[mgba] timing: frame scene=25 tick=6633 clock=41925690 updates=1 update=113 draw=4947 present=785 map=12
[mgba] timing: frame scene=25 tick=6634 clock=41934468 updates=1 update=114 draw=4946 present=786 map=12
[mgba] timing: frame scene=25 tick=6635 clock=41943246 updates=1 update=113 draw=5078 present=786 map=12
[mgba] timing: frame scene=25 tick=6636 clock=41952024 updates=1 update=114 draw=4829 present=785 map=12
[mgba] timing: frame scene=25 tick=6637 clock=41960802 updates=1 update=113 draw=4829 present=786 map=12
[mgba] timing: frame scene=25 tick=6638 clock=41969580 updates=1 update=114 draw=4944 present=785 map=12
[mgba] timing: frame scene=25 tick=6639 clock=41978358 updates=1 update=113 draw=4713 present=785 map=12
[mgba] timing: frame scene=25 tick=6640 clock=41987136 updates=1 update=114 draw=4712 present=785 map=12
[mgba] timing: frame scene=25 tick=6641 clock=41995914 updates=1 update=113 draw=4769 present=786 map=12
[mgba] timing: frame scene=25 tick=6642 clock=42004692 updates=1 update=114 draw=4606 present=785 map=12
[mgba] timing: frame scene=25 tick=6643 clock=42013470 updates=1 update=113 draw=4607 present=785 map=12
[mgba] timing: frame scene=25 tick=6644 clock=42022248 updates=1 update=114 draw=5109 present=785 map=12
[mgba] timing: frame scene=25 tick=6645 clock=42031026 updates=1 update=113 draw=5070 present=785 map=12
[mgba] timing: frame scene=25 tick=6646 clock=42039804 updates=1 update=114 draw=5069 present=785 map=12
[mgba] timing: frame scene=25 tick=6647 clock=42048582 updates=1 update=113 draw=5281 present=786 map=12
[mgba] timing: frame scene=25 tick=6648 clock=42057360 updates=1 update=114 draw=5065 present=785 map=12
[mgba] timing: frame scene=25 tick=6649 clock=42066138 updates=1 update=113 draw=5066 present=785 map=12
[mgba] timing: frame scene=25 tick=6650 clock=42074916 updates=1 update=114 draw=5281 present=785 map=12
[mgba] timing: frame scene=25 tick=6651 clock=42083694 updates=1 update=113 draw=5062 present=785 map=12
[mgba] timing: frame scene=25 tick=6652 clock=42092472 updates=1 update=114 draw=5061 present=785 map=12
[mgba] timing: frame scene=25 tick=6653 clock=42101250 updates=1 update=113 draw=5235 present=786 map=12
[mgba] timing: frame scene=25 tick=6654 clock=42110028 updates=1 update=114 draw=4946 present=786 map=12
[mgba] timing: frame scene=25 tick=6655 clock=42118806 updates=1 update=113 draw=4947 present=785 map=12
[mgba] timing: frame scene=25 tick=6656 clock=42127584 updates=1 update=114 draw=5077 present=786 map=12
[mgba] timing: frame scene=25 tick=6657 clock=42136362 updates=1 update=113 draw=4829 present=786 map=12
[mgba] timing: frame scene=25 tick=6658 clock=42145140 updates=1 update=114 draw=4829 present=785 map=12
[mgba] timing: frame scene=25 tick=6659 clock=42153918 updates=1 update=114 draw=4944 present=786 map=12
[mgba] timing: frame scene=25 tick=6660 clock=42162696 updates=1 update=114 draw=4712 present=785 map=12
[mgba] timing: frame scene=25 tick=6661 clock=42171474 updates=1 update=113 draw=4713 present=785 map=12
[mgba] timing: frame scene=25 tick=6662 clock=42180252 updates=1 update=114 draw=4769 present=785 map=12
[mgba] timing: frame scene=25 tick=6663 clock=42189030 updates=1 update=113 draw=4607 present=785 map=12
[mgba] timing: frame scene=25 tick=6664 clock=42197808 updates=1 update=114 draw=4606 present=786 map=12
[mgba] timing: frame scene=25 tick=6665 clock=42206586 updates=1 update=113 draw=5109 present=786 map=12
[mgba] timing: frame scene=25 tick=6666 clock=42215364 updates=1 update=114 draw=5069 present=785 map=12
[mgba] timing: frame scene=25 tick=6667 clock=42224142 updates=1 update=113 draw=5070 present=785 map=12
[mgba] timing: frame scene=25 tick=6668 clock=42232920 updates=1 update=114 draw=5281 present=785 map=12
[mgba] timing: frame scene=25 tick=6669 clock=42241698 updates=1 update=113 draw=5066 present=785 map=12
[mgba] timing: frame scene=25 tick=6670 clock=42250476 updates=1 update=114 draw=5065 present=785 map=12
[mgba] timing: frame scene=25 tick=6671 clock=42259254 updates=1 update=113 draw=5281 present=786 map=12
[mgba] timing: frame scene=25 tick=6672 clock=42268032 updates=1 update=114 draw=5061 present=785 map=12
[mgba] timing: frame scene=25 tick=6673 clock=42276810 updates=1 update=113 draw=5062 present=785 map=12
[mgba] timing: frame scene=25 tick=6674 clock=42285588 updates=1 update=114 draw=5234 present=786 map=12
[mgba] timing: frame scene=25 tick=6675 clock=42294366 updates=1 update=113 draw=4947 present=785 map=12
[mgba] timing: frame scene=25 tick=6676 clock=42303144 updates=1 update=114 draw=4946 present=785 map=12
[mgba] timing: frame scene=25 tick=6677 clock=42311922 updates=1 update=113 draw=5078 present=785 map=12
[mgba] timing: frame scene=25 tick=6678 clock=42320700 updates=1 update=114 draw=4828 present=786 map=12
[mgba] timing: frame scene=25 tick=6679 clock=42329478 updates=1 update=113 draw=4829 present=786 map=12
[mgba] timing: frame scene=25 tick=6680 clock=42338256 updates=1 update=114 draw=4944 present=785 map=12
[mgba] timing: frame scene=25 tick=6681 clock=42347034 updates=1 update=113 draw=4713 present=785 map=12
[mgba] timing: frame scene=25 tick=6682 clock=42355812 updates=1 update=114 draw=4712 present=785 map=12
[mgba] timing: frame scene=25 tick=6683 clock=42364590 updates=1 update=113 draw=4770 present=785 map=12
[mgba] timing: frame scene=25 tick=6684 clock=42373368 updates=1 update=114 draw=4606 present=786 map=12
[mgba] timing: frame scene=25 tick=6685 clock=42382146 updates=1 update=113 draw=4607 present=785 map=12
[mgba] timing: frame scene=25 tick=6686 clock=42390924 updates=1 update=114 draw=5109 present=785 map=12
[mgba] timing: frame scene=25 tick=6687 clock=42399702 updates=1 update=113 draw=5070 present=785 map=12
[mgba] timing: frame scene=25 tick=6688 clock=42408480 updates=1 update=114 draw=5069 present=785 map=12
[mgba] timing: frame scene=25 tick=6689 clock=42417258 updates=1 update=113 draw=5281 present=785 map=12
[mgba] timing: frame scene=25 tick=6690 clock=42426036 updates=1 update=114 draw=5065 present=785 map=12
[mgba] timing: frame scene=25 tick=6691 clock=42434814 updates=1 update=113 draw=5065 present=786 map=12
[mgba] timing: frame scene=25 tick=6692 clock=42443592 updates=1 update=114 draw=5280 present=786 map=12
[mgba] timing: frame scene=25 tick=6693 clock=42452370 updates=1 update=113 draw=5062 present=785 map=12
[mgba] timing: frame scene=25 tick=6694 clock=42461148 updates=1 update=114 draw=5061 present=785 map=12
[mgba] timing: frame scene=25 tick=6695 clock=42469926 updates=1 update=113 draw=5235 present=786 map=12
[mgba] timing: frame scene=25 tick=6696 clock=42478704 updates=1 update=114 draw=4946 present=785 map=12
[mgba] timing: frame scene=25 tick=6697 clock=42487482 updates=1 update=113 draw=4947 present=785 map=12
[mgba] timing: frame scene=25 tick=6698 clock=42496260 updates=1 update=114 draw=5077 present=786 map=12
[mgba] timing: frame scene=25 tick=6699 clock=42505038 updates=1 update=113 draw=4829 present=786 map=12
[mgba] timing: frame scene=25 tick=6700 clock=42513816 updates=1 update=114 draw=4829 present=785 map=12
[mgba] timing: frame scene=25 tick=6701 clock=42522594 updates=1 update=113 draw=4944 present=786 map=12
[mgba] timing: frame scene=25 tick=6702 clock=42531372 updates=1 update=114 draw=4712 present=785 map=12
[mgba] timing: frame scene=25 tick=6703 clock=42540150 updates=1 update=113 draw=4713 present=785 map=12
[mgba] timing: frame scene=25 tick=6704 clock=42548928 updates=1 update=114 draw=4769 present=785 map=12
[mgba] timing: frame scene=25 tick=6705 clock=42557706 updates=1 update=113 draw=4607 present=785 map=12
[mgba] timing: frame scene=25 tick=6706 clock=42566484 updates=1 update=114 draw=4606 present=785 map=12
[mgba] timing: frame scene=25 tick=6707 clock=42575262 updates=1 update=113 draw=5109 present=786 map=12
[mgba] timing: frame scene=25 tick=6708 clock=42584040 updates=1 update=135 draw=5096 present=785 map=12
[mgba] timing: END scene=25 ticks=109
[mgba] timing: START move=104 player=true scene=26 tick=6709
[mgba] timing: frame scene=26 tick=6710 clock=42597207 updates=1 update=148 draw=16640 present=799 map=12
[mgba] timing: frame scene=26 tick=6711 clock=42615021 updates=1 update=111 draw=16959 present=799 map=12
[mgba] timing: frame scene=26 tick=6712 clock=42633117 updates=1 update=112 draw=13904 present=785 map=12
[mgba] timing: frame scene=26 tick=6713 clock=42649875 updates=1 update=111 draw=13904 present=785 map=12
[mgba] timing: frame scene=26 tick=6714 clock=42667431 updates=1 update=112 draw=13903 present=786 map=12
[mgba] timing: frame scene=26 tick=6715 clock=42684987 updates=1 update=111 draw=13904 present=785 map=12
[mgba] timing: frame scene=26 tick=6716 clock=42702543 updates=1 update=112 draw=13904 present=785 map=12
[mgba] timing: frame scene=26 tick=6717 clock=42720099 updates=1 update=111 draw=13904 present=785 map=12
[mgba] timing: frame scene=26 tick=6718 clock=42737655 updates=1 update=112 draw=13903 present=786 map=12
[mgba] timing: frame scene=26 tick=6719 clock=42755211 updates=1 update=112 draw=13904 present=785 map=12
[mgba] timing: frame scene=26 tick=6720 clock=42772767 updates=1 update=129 draw=13903 present=786 map=12
[mgba] timing: frame scene=26 tick=6721 clock=42790323 updates=1 update=111 draw=13904 present=785 map=12
[mgba] timing: frame scene=26 tick=6722 clock=42807879 updates=1 update=112 draw=13903 present=786 map=12
[mgba] timing: frame scene=26 tick=6723 clock=42825435 updates=1 update=111 draw=13904 present=785 map=12
[mgba] timing: frame scene=26 tick=6724 clock=42842991 updates=1 update=112 draw=13903 present=786 map=12
[mgba] timing: frame scene=26 tick=6725 clock=42860547 updates=1 update=111 draw=13904 present=785 map=12
[mgba] timing: frame scene=26 tick=6726 clock=42878103 updates=1 update=112 draw=13904 present=785 map=12
[mgba] timing: frame scene=26 tick=6727 clock=42895659 updates=1 update=111 draw=13904 present=785 map=12
[mgba] timing: frame scene=26 tick=6728 clock=42913215 updates=1 update=112 draw=13903 present=786 map=12
[mgba] timing: frame scene=26 tick=6729 clock=42930771 updates=1 update=111 draw=13904 present=785 map=12
[mgba] timing: frame scene=26 tick=6730 clock=42948327 updates=1 update=137 draw=13991 present=785 map=12
[mgba] timing: frame scene=26 tick=6731 clock=42965883 updates=1 update=112 draw=13904 present=785 map=12
[mgba] timing: frame scene=26 tick=6732 clock=42983439 updates=1 update=112 draw=13972 present=785 map=12
[mgba] timing: frame scene=26 tick=6733 clock=43000995 updates=1 update=112 draw=13866 present=785 map=12
[mgba] timing: frame scene=26 tick=6734 clock=43018551 updates=1 update=138 draw=14034 present=785 map=12
[mgba] timing: frame scene=26 tick=6735 clock=43036107 updates=1 update=112 draw=13904 present=785 map=12
[mgba] timing: frame scene=26 tick=6736 clock=43053663 updates=1 update=112 draw=13972 present=785 map=12
[mgba] timing: frame scene=26 tick=6737 clock=43071219 updates=1 update=112 draw=13865 present=786 map=12
[mgba] timing: frame scene=26 tick=6738 clock=43088775 updates=1 update=152 draw=14050 present=785 map=12
[mgba] timing: frame scene=26 tick=6739 clock=43106331 updates=1 update=112 draw=6023 present=785 map=12
[mgba] timing: frame scene=26 tick=6740 clock=43115109 updates=1 update=112 draw=5494 present=785 map=12
[mgba] timing: frame scene=26 tick=6741 clock=43123887 updates=1 update=112 draw=5493 present=786 map=12
[mgba] timing: frame scene=26 tick=6742 clock=43132665 updates=1 update=112 draw=6060 present=785 map=12
[mgba] timing: frame scene=26 tick=6743 clock=43141443 updates=1 update=112 draw=5081 present=785 map=12
[mgba] timing: frame scene=26 tick=6744 clock=43150221 updates=1 update=112 draw=5081 present=785 map=12
[mgba] timing: frame scene=26 tick=6745 clock=43158999 updates=1 update=112 draw=5654 present=785 map=12
[mgba] timing: frame scene=26 tick=6746 clock=43167777 updates=1 update=112 draw=5081 present=786 map=12
[mgba] timing: frame scene=26 tick=6747 clock=43176555 updates=1 update=112 draw=5081 present=785 map=12
[mgba] timing: frame scene=26 tick=6748 clock=43185333 updates=1 update=112 draw=5655 present=785 map=12
[mgba] timing: frame scene=26 tick=6749 clock=43194111 updates=1 update=112 draw=5081 present=785 map=12
[mgba] timing: frame scene=26 tick=6750 clock=43202889 updates=1 update=112 draw=5081 present=785 map=12
[mgba] timing: frame scene=26 tick=6751 clock=43211667 updates=1 update=112 draw=5654 present=785 map=12
[mgba] timing: frame scene=26 tick=6752 clock=43220445 updates=1 update=112 draw=5081 present=786 map=12
[mgba] timing: frame scene=26 tick=6753 clock=43229223 updates=1 update=112 draw=5081 present=785 map=12
[mgba] timing: frame scene=26 tick=6754 clock=43238001 updates=1 update=112 draw=5655 present=785 map=12
[mgba] timing: frame scene=26 tick=6755 clock=43246779 updates=1 update=112 draw=5080 present=786 map=12
[mgba] timing: frame scene=26 tick=6756 clock=43255557 updates=1 update=112 draw=5081 present=785 map=12
[mgba] timing: frame scene=26 tick=6757 clock=43264335 updates=1 update=112 draw=5654 present=785 map=12
[mgba] timing: frame scene=26 tick=6758 clock=43273113 updates=1 update=112 draw=5081 present=786 map=12
[mgba] timing: frame scene=26 tick=6759 clock=43281891 updates=1 update=112 draw=5081 present=785 map=12
[mgba] timing: frame scene=26 tick=6760 clock=43290669 updates=1 update=112 draw=5655 present=785 map=12
[mgba] timing: frame scene=26 tick=6761 clock=43299447 updates=1 update=112 draw=5081 present=785 map=12
[mgba] timing: frame scene=26 tick=6762 clock=43308225 updates=1 update=112 draw=5081 present=786 map=12
[mgba] timing: frame scene=26 tick=6763 clock=43317003 updates=1 update=112 draw=5654 present=785 map=12
[mgba] timing: frame scene=26 tick=6764 clock=43325781 updates=1 update=112 draw=5081 present=786 map=12
[mgba] timing: frame scene=26 tick=6765 clock=43334559 updates=1 update=112 draw=5081 present=785 map=12
[mgba] timing: frame scene=26 tick=6766 clock=43343337 updates=1 update=112 draw=5655 present=785 map=12
[mgba] timing: frame scene=26 tick=6767 clock=43352115 updates=1 update=112 draw=5081 present=785 map=12
[mgba] timing: frame scene=26 tick=6768 clock=43360893 updates=1 update=112 draw=5081 present=785 map=12
[mgba] timing: frame scene=26 tick=6769 clock=43369671 updates=1 update=112 draw=5654 present=785 map=12
[mgba] timing: frame scene=26 tick=6770 clock=43378449 updates=1 update=112 draw=5081 present=786 map=12
[mgba] timing: frame scene=26 tick=6771 clock=43387227 updates=1 update=112 draw=5081 present=785 map=12
[mgba] timing: frame scene=26 tick=6772 clock=43396005 updates=1 update=112 draw=5655 present=785 map=12
[mgba] timing: frame scene=26 tick=6773 clock=43404783 updates=1 update=112 draw=5081 present=785 map=12
[mgba] timing: frame scene=26 tick=6774 clock=43413561 updates=1 update=112 draw=5081 present=785 map=12
[mgba] timing: frame scene=26 tick=6775 clock=43422339 updates=1 update=112 draw=5654 present=785 map=12
[mgba] timing: frame scene=26 tick=6776 clock=43431117 updates=1 update=112 draw=5081 present=786 map=12
[mgba] timing: frame scene=26 tick=6777 clock=43439895 updates=1 update=112 draw=5081 present=785 map=12
[mgba] timing: frame scene=26 tick=6778 clock=43448673 updates=1 update=112 draw=5655 present=785 map=12
[mgba] timing: frame scene=26 tick=6779 clock=43457451 updates=1 update=113 draw=5080 present=786 map=12
[mgba] timing: frame scene=26 tick=6780 clock=43466229 updates=1 update=112 draw=5081 present=785 map=12
[mgba] timing: frame scene=26 tick=6781 clock=43475007 updates=1 update=112 draw=5654 present=785 map=12
[mgba] timing: frame scene=26 tick=6782 clock=43483785 updates=1 update=112 draw=5081 present=786 map=12
[mgba] timing: frame scene=26 tick=6783 clock=43492563 updates=1 update=112 draw=5081 present=785 map=12
[mgba] timing: frame scene=26 tick=6784 clock=43501341 updates=1 update=112 draw=5655 present=785 map=12
[mgba] timing: frame scene=26 tick=6785 clock=43510119 updates=1 update=112 draw=5081 present=785 map=12
[mgba] timing: frame scene=26 tick=6786 clock=43518897 updates=1 update=112 draw=5081 present=786 map=12
[mgba] timing: frame scene=26 tick=6787 clock=43527675 updates=1 update=112 draw=5654 present=785 map=12
[mgba] timing: frame scene=26 tick=6788 clock=43536453 updates=1 update=112 draw=5081 present=786 map=12
[mgba] timing: frame scene=26 tick=6789 clock=43545231 updates=1 update=112 draw=5081 present=785 map=12
[mgba] timing: frame scene=26 tick=6790 clock=43554009 updates=1 update=112 draw=5655 present=785 map=12
[mgba] timing: frame scene=26 tick=6791 clock=43562787 updates=1 update=112 draw=5081 present=785 map=12
[mgba] timing: frame scene=26 tick=6792 clock=43571565 updates=1 update=112 draw=5081 present=785 map=12
[mgba] timing: frame scene=26 tick=6793 clock=43580343 updates=1 update=112 draw=5654 present=785 map=12
[mgba] timing: frame scene=26 tick=6794 clock=43589121 updates=1 update=112 draw=5081 present=785 map=12
[mgba] timing: frame scene=26 tick=6795 clock=43597899 updates=1 update=112 draw=5081 present=785 map=12
[mgba] timing: frame scene=26 tick=6796 clock=43606677 updates=1 update=112 draw=5655 present=785 map=12
[mgba] timing: frame scene=26 tick=6797 clock=43615455 updates=1 update=112 draw=5080 present=786 map=12
[mgba] timing: frame scene=26 tick=6798 clock=43624233 updates=1 update=112 draw=5081 present=786 map=12
[mgba] timing: frame scene=26 tick=6799 clock=43633011 updates=1 update=112 draw=5654 present=785 map=12
[mgba] timing: frame scene=26 tick=6800 clock=43641789 updates=1 update=112 draw=5081 present=786 map=12
[mgba] timing: frame scene=26 tick=6801 clock=43650567 updates=1 update=112 draw=5081 present=785 map=12
[mgba] timing: frame scene=26 tick=6802 clock=43659345 updates=1 update=112 draw=5655 present=785 map=12
[mgba] timing: frame scene=26 tick=6803 clock=43668123 updates=1 update=112 draw=5081 present=785 map=12
[mgba] timing: frame scene=26 tick=6804 clock=43676901 updates=1 update=112 draw=5081 present=786 map=12
[mgba] timing: frame scene=26 tick=6805 clock=43685679 updates=1 update=112 draw=5654 present=785 map=12
[mgba] timing: frame scene=26 tick=6806 clock=43694457 updates=1 update=112 draw=5081 present=786 map=12
[mgba] timing: frame scene=26 tick=6807 clock=43703235 updates=1 update=112 draw=5081 present=785 map=12
[mgba] timing: frame scene=26 tick=6808 clock=43712013 updates=1 update=112 draw=5655 present=785 map=12
[mgba] timing: frame scene=26 tick=6809 clock=43720791 updates=1 update=112 draw=5081 present=785 map=12
[mgba] timing: frame scene=26 tick=6810 clock=43729569 updates=1 update=112 draw=5081 present=785 map=12
[mgba] timing: frame scene=26 tick=6811 clock=43738347 updates=1 update=112 draw=5654 present=785 map=12
[mgba] timing: frame scene=26 tick=6812 clock=43747125 updates=1 update=112 draw=5081 present=785 map=12
[mgba] timing: frame scene=26 tick=6813 clock=43755903 updates=1 update=112 draw=5081 present=785 map=12
[mgba] timing: frame scene=26 tick=6814 clock=43764681 updates=1 update=112 draw=5655 present=785 map=12
[mgba] timing: frame scene=26 tick=6815 clock=43773459 updates=1 update=112 draw=5081 present=785 map=12
[mgba] timing: frame scene=26 tick=6816 clock=43782237 updates=1 update=112 draw=5081 present=785 map=12
[mgba] timing: frame scene=26 tick=6817 clock=43791015 updates=1 update=112 draw=5654 present=785 map=12
[mgba] timing: frame scene=26 tick=6818 clock=43799793 updates=1 update=112 draw=5081 present=785 map=12
[mgba] timing: frame scene=26 tick=6819 clock=43808571 updates=1 update=112 draw=5081 present=785 map=12
[mgba] timing: frame scene=26 tick=6820 clock=43817349 updates=1 update=112 draw=5655 present=785 map=12
[mgba] timing: frame scene=26 tick=6821 clock=43826127 updates=1 update=112 draw=5081 present=785 map=12
[mgba] timing: frame scene=26 tick=6822 clock=43834905 updates=1 update=112 draw=5081 present=785 map=12
[mgba] timing: frame scene=26 tick=6823 clock=43843683 updates=1 update=112 draw=5654 present=785 map=12
[mgba] timing: frame scene=26 tick=6824 clock=43852461 updates=1 update=112 draw=5081 present=786 map=12
[mgba] timing: frame scene=26 tick=6825 clock=43861239 updates=1 update=112 draw=5081 present=785 map=12
[mgba] timing: frame scene=26 tick=6826 clock=43870017 updates=1 update=112 draw=5655 present=785 map=12
[mgba] timing: frame scene=26 tick=6827 clock=43878795 updates=1 update=112 draw=5081 present=785 map=12
[mgba] timing: frame scene=26 tick=6828 clock=43887573 updates=1 update=112 draw=5081 present=785 map=12
[mgba] timing: frame scene=26 tick=6829 clock=43896351 updates=1 update=112 draw=5654 present=785 map=12
[mgba] timing: frame scene=26 tick=6830 clock=43905129 updates=1 update=112 draw=5081 present=786 map=12
[mgba] timing: frame scene=26 tick=6831 clock=43913907 updates=1 update=112 draw=5081 present=785 map=12
[mgba] timing: frame scene=26 tick=6832 clock=43922685 updates=1 update=112 draw=5655 present=785 map=12
[mgba] timing: frame scene=26 tick=6833 clock=43931463 updates=1 update=112 draw=5080 present=785 map=12
[mgba] timing: frame scene=26 tick=6834 clock=43940241 updates=1 update=132 draw=5080 present=786 map=12
[mgba] timing: frame scene=26 tick=6835 clock=43949019 updates=1 update=112 draw=5653 present=785 map=12
[mgba] timing: frame scene=26 tick=6836 clock=43957797 updates=1 update=112 draw=5081 present=785 map=12
[mgba] timing: frame scene=26 tick=6837 clock=43966575 updates=1 update=124 draw=5079 present=785 map=12
[mgba] timing: frame scene=26 tick=6838 clock=43975353 updates=1 update=120 draw=5079 present=785 map=12
[mgba] timing: frame scene=26 tick=6839 clock=43984131 updates=1 update=120 draw=5079 present=785 map=12
[mgba] timing: frame scene=26 tick=6840 clock=43992909 updates=1 update=120 draw=5079 present=785 map=12
[mgba] timing: frame scene=26 tick=6841 clock=44001687 updates=1 update=119 draw=5079 present=785 map=12
[mgba] timing: frame scene=26 tick=6842 clock=44010465 updates=1 update=120 draw=5079 present=785 map=12
[mgba] timing: frame scene=26 tick=6843 clock=44019243 updates=1 update=119 draw=5079 present=785 map=12
[mgba] timing: frame scene=26 tick=6844 clock=44028021 updates=1 update=120 draw=5079 present=785 map=12
[mgba] timing: frame scene=26 tick=6845 clock=44036799 updates=1 update=120 draw=5078 present=785 map=12
[mgba] timing: frame scene=26 tick=6846 clock=44045577 updates=1 update=120 draw=5079 present=785 map=12
[mgba] timing: frame scene=26 tick=6847 clock=44054355 updates=1 update=294 draw=5080 present=785 map=12
[mgba] timing: frame scene=26 tick=6848 clock=44063133 updates=1 update=146 draw=10380 present=785 map=12
[mgba] timing: frame scene=26 tick=6849 clock=44076300 updates=1 update=146 draw=7908 present=799 map=12
[mgba] timing: frame scene=26 tick=6850 clock=44085378 updates=1 update=145 draw=7908 present=798 map=12
[mgba] timing: frame scene=26 tick=6851 clock=44094454 updates=1 update=145 draw=7908 present=798 map=12
[mgba] timing: frame scene=26 tick=6852 clock=44103530 updates=1 update=146 draw=7921 present=785 map=12
[mgba] timing: frame scene=26 tick=6853 clock=44112607 updates=1 update=145 draw=7921 present=785 map=12
[mgba] timing: frame scene=26 tick=6854 clock=44124579 updates=1 update=222 draw=7908 present=799 map=12
[mgba] timing: frame scene=26 tick=6855 clock=44133733 updates=1 update=120 draw=5092 present=785 map=12
[mgba] timing: frame scene=26 tick=6856 clock=44142137 updates=1 update=121 draw=5080 present=785 map=12
[mgba] timing: frame scene=26 tick=6857 clock=44150913 updates=1 update=121 draw=5080 present=785 map=12
[mgba] timing: frame scene=26 tick=6858 clock=44159691 updates=1 update=122 draw=5079 present=786 map=12
[mgba] timing: frame scene=26 tick=6859 clock=44168469 updates=1 update=121 draw=5080 present=785 map=12
[mgba] timing: frame scene=26 tick=6860 clock=44177247 updates=1 update=122 draw=5079 present=786 map=12
[mgba] timing: frame scene=26 tick=6861 clock=44186025 updates=1 update=284 draw=5080 present=785 map=12
[mgba] timing: frame scene=26 tick=6862 clock=44194803 updates=1 update=145 draw=7897 present=798 map=12
[mgba] timing: frame scene=26 tick=6863 clock=44203868 updates=1 update=145 draw=7908 present=798 map=12
[mgba] timing: frame scene=26 tick=6864 clock=44212944 updates=1 update=145 draw=7909 present=798 map=12
[mgba] timing: frame scene=26 tick=6865 clock=44222021 updates=1 update=144 draw=7922 present=785 map=12
[mgba] timing: frame scene=26 tick=6866 clock=44231097 updates=1 update=145 draw=7921 present=786 map=12
[mgba] timing: frame scene=26 tick=6867 clock=44243082 updates=1 update=146 draw=7908 present=799 map=12
[mgba] timing: frame scene=26 tick=6868 clock=44252159 updates=1 update=221 draw=7909 present=798 map=12
[mgba] timing: frame scene=26 tick=6869 clock=44261312 updates=1 update=120 draw=5092 present=785 map=12
[mgba] timing: frame scene=26 tick=6870 clock=44269418 updates=1 update=121 draw=5080 present=785 map=12
[mgba] timing: frame scene=26 tick=6871 clock=44278194 updates=1 update=121 draw=5080 present=785 map=12
[mgba] timing: frame scene=26 tick=6872 clock=44286972 updates=1 update=122 draw=5079 present=786 map=12
[mgba] timing: frame scene=26 tick=6873 clock=44295750 updates=1 update=121 draw=5080 present=785 map=12
[mgba] timing: frame scene=26 tick=6874 clock=44304528 updates=1 update=122 draw=5079 present=786 map=12
[mgba] timing: frame scene=26 tick=6875 clock=44313306 updates=1 update=284 draw=5080 present=785 map=12
[mgba] timing: frame scene=26 tick=6876 clock=44322084 updates=1 update=145 draw=7897 present=798 map=12
[mgba] timing: frame scene=26 tick=6877 clock=44331149 updates=1 update=145 draw=7908 present=798 map=12
[mgba] timing: frame scene=26 tick=6878 clock=44340225 updates=1 update=145 draw=7909 present=798 map=12
[mgba] timing: frame scene=26 tick=6879 clock=44349302 updates=1 update=144 draw=7922 present=785 map=12
[mgba] timing: frame scene=26 tick=6880 clock=44358378 updates=1 update=145 draw=7921 present=786 map=12
[mgba] timing: frame scene=26 tick=6881 clock=44370363 updates=1 update=146 draw=7908 present=799 map=12
[mgba] timing: frame scene=26 tick=6882 clock=44379440 updates=1 update=221 draw=7909 present=798 map=12
[mgba] timing: frame scene=26 tick=6883 clock=44388593 updates=1 update=120 draw=5092 present=785 map=12
[mgba] timing: frame scene=26 tick=6884 clock=44396699 updates=1 update=121 draw=5080 present=785 map=12
[mgba] timing: frame scene=26 tick=6885 clock=44405475 updates=1 update=121 draw=5080 present=785 map=12
[mgba] timing: frame scene=26 tick=6886 clock=44414253 updates=1 update=122 draw=5079 present=786 map=12
[mgba] timing: frame scene=26 tick=6887 clock=44423031 updates=1 update=121 draw=5080 present=785 map=12
[mgba] timing: frame scene=26 tick=6888 clock=44431809 updates=1 update=122 draw=5079 present=786 map=12
[mgba] timing: frame scene=26 tick=6889 clock=44440587 updates=1 update=156 draw=5103 present=785 map=12
[mgba] timing: END scene=26 ticks=180
[mgba] timing: START move=104 player=false scene=27 tick=6890
[mgba] timing: frame scene=27 tick=6891 clock=44453754 updates=1 update=147 draw=16668 present=798 map=12
[mgba] timing: frame scene=27 tick=6892 clock=44471595 updates=1 update=113 draw=16961 present=798 map=12
[mgba] timing: frame scene=27 tick=6893 clock=44489696 updates=1 update=111 draw=13905 present=786 map=12
[mgba] timing: frame scene=27 tick=6894 clock=44506422 updates=1 update=112 draw=13906 present=785 map=12
[mgba] timing: frame scene=27 tick=6895 clock=44523978 updates=1 update=111 draw=13906 present=785 map=12
[mgba] timing: frame scene=27 tick=6896 clock=44541534 updates=1 update=112 draw=13906 present=785 map=12
[mgba] timing: frame scene=27 tick=6897 clock=44559090 updates=1 update=111 draw=13906 present=785 map=12
[mgba] timing: frame scene=27 tick=6898 clock=44576646 updates=1 update=112 draw=13906 present=785 map=12
[mgba] timing: frame scene=27 tick=6899 clock=44594202 updates=1 update=112 draw=13906 present=785 map=12
[mgba] timing: frame scene=27 tick=6900 clock=44611758 updates=1 update=112 draw=13906 present=785 map=12
[mgba] timing: frame scene=27 tick=6901 clock=44629314 updates=1 update=128 draw=13906 present=785 map=12
[mgba] timing: frame scene=27 tick=6902 clock=44646870 updates=1 update=112 draw=13906 present=785 map=12
[mgba] timing: frame scene=27 tick=6903 clock=44664426 updates=1 update=111 draw=13906 present=785 map=12
[mgba] timing: frame scene=27 tick=6904 clock=44681982 updates=1 update=112 draw=13906 present=785 map=12
[mgba] timing: frame scene=27 tick=6905 clock=44699538 updates=1 update=111 draw=13906 present=785 map=12
[mgba] timing: frame scene=27 tick=6906 clock=44717094 updates=1 update=112 draw=13906 present=785 map=12
[mgba] timing: frame scene=27 tick=6907 clock=44734650 updates=1 update=111 draw=13906 present=785 map=12
[mgba] timing: frame scene=27 tick=6908 clock=44752206 updates=1 update=112 draw=13906 present=785 map=12
[mgba] timing: frame scene=27 tick=6909 clock=44769762 updates=1 update=111 draw=13906 present=785 map=12
[mgba] timing: frame scene=27 tick=6910 clock=44787318 updates=1 update=112 draw=13906 present=785 map=12
[mgba] timing: frame scene=27 tick=6911 clock=44804874 updates=1 update=136 draw=13994 present=785 map=12
[mgba] timing: frame scene=27 tick=6912 clock=44822430 updates=1 update=112 draw=13907 present=785 map=12
[mgba] timing: frame scene=27 tick=6913 clock=44839986 updates=1 update=112 draw=13973 present=786 map=12
[mgba] timing: frame scene=27 tick=6914 clock=44857542 updates=1 update=112 draw=13868 present=785 map=12
[mgba] timing: frame scene=27 tick=6915 clock=44875098 updates=1 update=137 draw=14037 present=785 map=12
[mgba] timing: frame scene=27 tick=6916 clock=44892654 updates=1 update=112 draw=13907 present=785 map=12
[mgba] timing: frame scene=27 tick=6917 clock=44910210 updates=1 update=112 draw=13974 present=785 map=12
[mgba] timing: frame scene=27 tick=6918 clock=44927766 updates=1 update=112 draw=13868 present=785 map=12
[mgba] timing: frame scene=27 tick=6919 clock=44945322 updates=1 update=151 draw=14051 present=785 map=12
[mgba] timing: frame scene=27 tick=6920 clock=44962878 updates=1 update=113 draw=5535 present=785 map=12
[mgba] timing: frame scene=27 tick=6921 clock=44971656 updates=1 update=112 draw=5257 present=785 map=12
[mgba] timing: frame scene=27 tick=6922 clock=44980434 updates=1 update=112 draw=5257 present=786 map=12
[mgba] timing: frame scene=27 tick=6923 clock=44989212 updates=1 update=112 draw=5537 present=786 map=12
[mgba] timing: frame scene=27 tick=6924 clock=44997990 updates=1 update=112 draw=5084 present=785 map=12
[mgba] timing: frame scene=27 tick=6925 clock=45006768 updates=1 update=112 draw=5083 present=785 map=12
[mgba] timing: frame scene=27 tick=6926 clock=45015546 updates=1 update=112 draw=5364 present=785 map=12
[mgba] timing: frame scene=27 tick=6927 clock=45024324 updates=1 update=112 draw=5083 present=785 map=12
[mgba] timing: frame scene=27 tick=6928 clock=45033102 updates=1 update=112 draw=5083 present=786 map=12
[mgba] timing: frame scene=27 tick=6929 clock=45041880 updates=1 update=112 draw=5363 present=785 map=12
[mgba] timing: frame scene=27 tick=6930 clock=45050658 updates=1 update=112 draw=5084 present=785 map=12
[mgba] timing: frame scene=27 tick=6931 clock=45059436 updates=1 update=112 draw=5083 present=785 map=12
[mgba] timing: frame scene=27 tick=6932 clock=45068214 updates=1 update=112 draw=5364 present=785 map=12
[mgba] timing: frame scene=27 tick=6933 clock=45076992 updates=1 update=112 draw=5083 present=785 map=12
[mgba] timing: frame scene=27 tick=6934 clock=45085770 updates=1 update=112 draw=5084 present=785 map=12
[mgba] timing: frame scene=27 tick=6935 clock=45094548 updates=1 update=112 draw=5363 present=785 map=12
[mgba] timing: frame scene=27 tick=6936 clock=45103326 updates=1 update=112 draw=5083 present=786 map=12
[mgba] timing: frame scene=27 tick=6937 clock=45112104 updates=1 update=112 draw=5083 present=785 map=12
[mgba] timing: frame scene=27 tick=6938 clock=45120882 updates=1 update=112 draw=5363 present=786 map=12
[mgba] timing: frame scene=27 tick=6939 clock=45129660 updates=1 update=112 draw=5083 present=785 map=12
[mgba] timing: frame scene=27 tick=6940 clock=45138438 updates=1 update=112 draw=5084 present=785 map=12
[mgba] timing: frame scene=27 tick=6941 clock=45147216 updates=1 update=112 draw=5363 present=785 map=12
[mgba] timing: frame scene=27 tick=6942 clock=45155994 updates=1 update=112 draw=5083 present=786 map=12
[mgba] timing: frame scene=27 tick=6943 clock=45164772 updates=1 update=112 draw=5083 present=785 map=12
[mgba] timing: frame scene=27 tick=6944 clock=45173550 updates=1 update=112 draw=5364 present=785 map=12
[mgba] timing: frame scene=27 tick=6945 clock=45182328 updates=1 update=112 draw=5083 present=785 map=12
[mgba] timing: frame scene=27 tick=6946 clock=45191106 updates=1 update=112 draw=5084 present=785 map=12
[mgba] timing: frame scene=27 tick=6947 clock=45199884 updates=1 update=112 draw=5363 present=785 map=12
[mgba] timing: frame scene=27 tick=6948 clock=45208662 updates=1 update=112 draw=5083 present=786 map=12
[mgba] timing: frame scene=27 tick=6949 clock=45217440 updates=1 update=112 draw=5083 present=785 map=12
[mgba] timing: frame scene=27 tick=6950 clock=45226218 updates=1 update=112 draw=5364 present=785 map=12
[mgba] timing: frame scene=27 tick=6951 clock=45234996 updates=1 update=112 draw=5083 present=785 map=12
[mgba] timing: frame scene=27 tick=6952 clock=45243774 updates=1 update=112 draw=5084 present=785 map=12
[mgba] timing: frame scene=27 tick=6953 clock=45252552 updates=1 update=112 draw=5363 present=785 map=12
[mgba] timing: frame scene=27 tick=6954 clock=45261330 updates=1 update=112 draw=5084 present=785 map=12
[mgba] timing: frame scene=27 tick=6955 clock=45270108 updates=1 update=111 draw=5084 present=785 map=12
[mgba] timing: frame scene=27 tick=6956 clock=45278886 updates=1 update=112 draw=5364 present=785 map=12
[mgba] timing: frame scene=27 tick=6957 clock=45287664 updates=1 update=112 draw=5083 present=785 map=12
[mgba] timing: frame scene=27 tick=6958 clock=45296442 updates=1 update=112 draw=5084 present=785 map=12
[mgba] timing: frame scene=27 tick=6959 clock=45305220 updates=1 update=112 draw=5364 present=785 map=12
[mgba] timing: frame scene=27 tick=6960 clock=45313998 updates=1 update=112 draw=5084 present=785 map=12
[mgba] timing: frame scene=27 tick=6961 clock=45322776 updates=1 update=112 draw=5083 present=785 map=12
[mgba] timing: frame scene=27 tick=6962 clock=45331554 updates=1 update=112 draw=5364 present=785 map=12
[mgba] timing: frame scene=27 tick=6963 clock=45340332 updates=1 update=112 draw=5083 present=785 map=12
[mgba] timing: frame scene=27 tick=6964 clock=45349110 updates=1 update=112 draw=5084 present=785 map=12
[mgba] timing: frame scene=27 tick=6965 clock=45357888 updates=1 update=112 draw=5363 present=785 map=12
[mgba] timing: frame scene=27 tick=6966 clock=45366666 updates=1 update=112 draw=5083 present=786 map=12
[mgba] timing: frame scene=27 tick=6967 clock=45375444 updates=1 update=112 draw=5083 present=785 map=12
[mgba] timing: frame scene=27 tick=6968 clock=45384222 updates=1 update=112 draw=5364 present=785 map=12
[mgba] timing: frame scene=27 tick=6969 clock=45393000 updates=1 update=112 draw=5083 present=785 map=12
[mgba] timing: frame scene=27 tick=6970 clock=45401778 updates=1 update=112 draw=5084 present=785 map=12
[mgba] timing: frame scene=27 tick=6971 clock=45410556 updates=1 update=112 draw=5363 present=785 map=12
[mgba] timing: frame scene=27 tick=6972 clock=45419334 updates=1 update=112 draw=5083 present=786 map=12
[mgba] timing: frame scene=27 tick=6973 clock=45428112 updates=1 update=111 draw=5084 present=785 map=12
[mgba] timing: frame scene=27 tick=6974 clock=45436890 updates=1 update=112 draw=5364 present=785 map=12
[mgba] timing: frame scene=27 tick=6975 clock=45445668 updates=1 update=112 draw=5083 present=785 map=12
[mgba] timing: frame scene=27 tick=6976 clock=45454446 updates=1 update=112 draw=5084 present=785 map=12
[mgba] timing: frame scene=27 tick=6977 clock=45463224 updates=1 update=112 draw=5363 present=785 map=12
[mgba] timing: frame scene=27 tick=6978 clock=45472002 updates=1 update=112 draw=5083 present=786 map=12
[mgba] timing: frame scene=27 tick=6979 clock=45480780 updates=1 update=112 draw=5083 present=785 map=12
[mgba] timing: frame scene=27 tick=6980 clock=45489558 updates=1 update=112 draw=5363 present=786 map=12
[mgba] timing: frame scene=27 tick=6981 clock=45498336 updates=1 update=112 draw=5083 present=785 map=12
[mgba] timing: frame scene=27 tick=6982 clock=45507114 updates=1 update=112 draw=5084 present=785 map=12
[mgba] timing: frame scene=27 tick=6983 clock=45515892 updates=1 update=112 draw=5363 present=785 map=12
[mgba] timing: frame scene=27 tick=6984 clock=45524670 updates=1 update=112 draw=5083 present=786 map=12
[mgba] timing: frame scene=27 tick=6985 clock=45533448 updates=1 update=111 draw=5084 present=785 map=12
[mgba] timing: frame scene=27 tick=6986 clock=45542226 updates=1 update=112 draw=5364 present=785 map=12
[mgba] timing: frame scene=27 tick=6987 clock=45551004 updates=1 update=112 draw=5083 present=785 map=12
[mgba] timing: frame scene=27 tick=6988 clock=45559782 updates=1 update=112 draw=5084 present=785 map=12
[mgba] timing: frame scene=27 tick=6989 clock=45568560 updates=1 update=112 draw=5363 present=785 map=12
[mgba] timing: frame scene=27 tick=6990 clock=45577338 updates=1 update=112 draw=5083 present=786 map=12
[mgba] timing: frame scene=27 tick=6991 clock=45586116 updates=1 update=112 draw=5083 present=785 map=12
[mgba] timing: frame scene=27 tick=6992 clock=45594894 updates=1 update=112 draw=5364 present=785 map=12
[mgba] timing: frame scene=27 tick=6993 clock=45603672 updates=1 update=112 draw=5083 present=785 map=12
[mgba] timing: frame scene=27 tick=6994 clock=45612450 updates=1 update=112 draw=5084 present=785 map=12
[mgba] timing: frame scene=27 tick=6995 clock=45621228 updates=1 update=112 draw=5363 present=785 map=12
[mgba] timing: frame scene=27 tick=6996 clock=45630006 updates=1 update=112 draw=5084 present=785 map=12
[mgba] timing: frame scene=27 tick=6997 clock=45638784 updates=1 update=112 draw=5083 present=785 map=12
[mgba] timing: frame scene=27 tick=6998 clock=45647562 updates=1 update=112 draw=5364 present=785 map=12
[mgba] timing: frame scene=27 tick=6999 clock=45656340 updates=1 update=112 draw=5083 present=785 map=12
[mgba] timing: frame scene=27 tick=7000 clock=45665118 updates=1 update=112 draw=5084 present=785 map=12
[mgba] timing: frame scene=27 tick=7001 clock=45673896 updates=1 update=112 draw=5363 present=785 map=12
[mgba] timing: frame scene=27 tick=7002 clock=45682674 updates=1 update=112 draw=5083 present=786 map=12
[mgba] timing: frame scene=27 tick=7003 clock=45691452 updates=1 update=112 draw=5083 present=785 map=12
[mgba] timing: frame scene=27 tick=7004 clock=45700230 updates=1 update=112 draw=5364 present=785 map=12
[mgba] timing: frame scene=27 tick=7005 clock=45709008 updates=1 update=112 draw=5083 present=785 map=12
[mgba] timing: frame scene=27 tick=7006 clock=45717786 updates=1 update=112 draw=5084 present=785 map=12
[mgba] timing: frame scene=27 tick=7007 clock=45726564 updates=1 update=112 draw=5363 present=785 map=12
[mgba] timing: frame scene=27 tick=7008 clock=45735342 updates=1 update=112 draw=5084 present=785 map=12
[mgba] timing: frame scene=27 tick=7009 clock=45744120 updates=1 update=112 draw=5083 present=785 map=12
[mgba] timing: frame scene=27 tick=7010 clock=45752898 updates=1 update=112 draw=5364 present=785 map=12
[mgba] timing: frame scene=27 tick=7011 clock=45761676 updates=1 update=112 draw=5083 present=785 map=12
[mgba] timing: frame scene=27 tick=7012 clock=45770454 updates=1 update=112 draw=5084 present=785 map=12
[mgba] timing: frame scene=27 tick=7013 clock=45779232 updates=1 update=112 draw=5363 present=785 map=12
[mgba] timing: frame scene=27 tick=7014 clock=45788010 updates=1 update=112 draw=5083 present=785 map=12
[mgba] timing: frame scene=27 tick=7015 clock=45796788 updates=1 update=131 draw=5083 present=785 map=12
[mgba] timing: frame scene=27 tick=7016 clock=45805566 updates=1 update=112 draw=5362 present=785 map=12
[mgba] timing: frame scene=27 tick=7017 clock=45814344 updates=1 update=112 draw=5082 present=786 map=12
[mgba] timing: frame scene=27 tick=7018 clock=45823122 updates=1 update=125 draw=5080 present=786 map=12
[mgba] timing: frame scene=27 tick=7019 clock=45831900 updates=1 update=120 draw=5081 present=785 map=12
[mgba] timing: frame scene=27 tick=7020 clock=45840678 updates=1 update=120 draw=5081 present=785 map=12
[mgba] timing: frame scene=27 tick=7021 clock=45849456 updates=1 update=119 draw=5081 present=785 map=12
[mgba] timing: frame scene=27 tick=7022 clock=45858234 updates=1 update=120 draw=5081 present=785 map=12
[mgba] timing: frame scene=27 tick=7023 clock=45867012 updates=1 update=120 draw=5080 present=786 map=12
[mgba] timing: frame scene=27 tick=7024 clock=45875790 updates=1 update=120 draw=5081 present=785 map=12
[mgba] timing: frame scene=27 tick=7025 clock=45884568 updates=1 update=119 draw=5081 present=785 map=12
[mgba] timing: frame scene=27 tick=7026 clock=45893346 updates=1 update=120 draw=5081 present=785 map=12
[mgba] timing: frame scene=27 tick=7027 clock=45902124 updates=1 update=119 draw=5081 present=785 map=12
[mgba] timing: frame scene=27 tick=7028 clock=45910902 updates=1 update=314 draw=5080 present=785 map=12
[mgba] timing: frame scene=27 tick=7029 clock=45919680 updates=1 update=145 draw=10428 present=785 map=12
[mgba] timing: frame scene=27 tick=7030 clock=45932847 updates=1 update=147 draw=7959 present=798 map=12
[mgba] timing: frame scene=27 tick=7031 clock=45941976 updates=1 update=144 draw=7959 present=799 map=12
[mgba] timing: frame scene=27 tick=7032 clock=45951103 updates=1 update=145 draw=7972 present=785 map=12
[mgba] timing: frame scene=27 tick=7033 clock=45960230 updates=1 update=145 draw=7972 present=785 map=12
[mgba] timing: frame scene=27 tick=7034 clock=45972348 updates=1 update=147 draw=7959 present=798 map=12
[mgba] timing: frame scene=27 tick=7035 clock=45981477 updates=1 update=219 draw=7959 present=798 map=12
[mgba] timing: frame scene=27 tick=7036 clock=45990678 updates=1 update=121 draw=5093 present=785 map=12
[mgba] timing: frame scene=27 tick=7037 clock=45998684 updates=1 update=120 draw=5081 present=785 map=12
[mgba] timing: frame scene=27 tick=7038 clock=46007460 updates=1 update=122 draw=5080 present=785 map=12
[mgba] timing: frame scene=27 tick=7039 clock=46016238 updates=1 update=121 draw=5080 present=786 map=12
[mgba] timing: frame scene=27 tick=7040 clock=46025016 updates=1 update=122 draw=5080 present=785 map=12
[mgba] timing: frame scene=27 tick=7041 clock=46033794 updates=1 update=121 draw=5081 present=785 map=12
[mgba] timing: frame scene=27 tick=7042 clock=46042572 updates=1 update=302 draw=5080 present=786 map=12
[mgba] timing: frame scene=27 tick=7043 clock=46051350 updates=1 update=145 draw=7947 present=798 map=12
[mgba] timing: frame scene=27 tick=7044 clock=46060465 updates=1 update=146 draw=7959 present=798 map=12
[mgba] timing: frame scene=27 tick=7045 clock=46069593 updates=1 update=145 draw=7972 present=785 map=12
[mgba] timing: frame scene=27 tick=7046 clock=46078720 updates=1 update=145 draw=7972 present=785 map=12
[mgba] timing: frame scene=27 tick=7047 clock=46090851 updates=1 update=146 draw=7959 present=798 map=12
[mgba] timing: frame scene=27 tick=7048 clock=46099979 updates=1 update=145 draw=7959 present=798 map=12
[mgba] timing: frame scene=27 tick=7049 clock=46109106 updates=1 update=219 draw=7972 present=785 map=12
[mgba] timing: frame scene=27 tick=7050 clock=46118307 updates=1 update=122 draw=5092 present=785 map=12
[mgba] timing: frame scene=27 tick=7051 clock=46125965 updates=1 update=120 draw=5081 present=785 map=12
[mgba] timing: frame scene=27 tick=7052 clock=46134741 updates=1 update=122 draw=5080 present=785 map=12
[mgba] timing: frame scene=27 tick=7053 clock=46143519 updates=1 update=121 draw=5081 present=785 map=12
[mgba] timing: frame scene=27 tick=7054 clock=46152297 updates=1 update=122 draw=5080 present=785 map=12
[mgba] timing: frame scene=27 tick=7055 clock=46161075 updates=1 update=121 draw=5080 present=786 map=12
[mgba] timing: frame scene=27 tick=7056 clock=46169853 updates=1 update=302 draw=5080 present=786 map=12
[mgba] timing: frame scene=27 tick=7057 clock=46178631 updates=1 update=145 draw=7947 present=798 map=12
[mgba] timing: frame scene=27 tick=7058 clock=46187746 updates=1 update=145 draw=7959 present=799 map=12
[mgba] timing: frame scene=27 tick=7059 clock=46196873 updates=1 update=145 draw=7972 present=785 map=12
[mgba] timing: frame scene=27 tick=7060 clock=46206000 updates=1 update=145 draw=7972 present=786 map=12
[mgba] timing: frame scene=27 tick=7061 clock=46218132 updates=1 update=146 draw=7959 present=798 map=12
[mgba] timing: frame scene=27 tick=7062 clock=46227260 updates=1 update=145 draw=7959 present=799 map=12
[mgba] timing: frame scene=27 tick=7063 clock=46236387 updates=1 update=219 draw=7972 present=786 map=12
[mgba] timing: frame scene=27 tick=7064 clock=46245589 updates=1 update=121 draw=5092 present=786 map=12
[mgba] timing: frame scene=27 tick=7065 clock=46253246 updates=1 update=120 draw=5081 present=785 map=12
[mgba] timing: frame scene=27 tick=7066 clock=46262022 updates=1 update=122 draw=5080 present=785 map=12
[mgba] timing: frame scene=27 tick=7067 clock=46270800 updates=1 update=121 draw=5080 present=786 map=12
[mgba] timing: frame scene=27 tick=7068 clock=46279578 updates=1 update=122 draw=5080 present=785 map=12
[mgba] timing: frame scene=27 tick=7069 clock=46288356 updates=1 update=121 draw=5081 present=785 map=12
[mgba] timing: frame scene=27 tick=7070 clock=46297134 updates=1 update=156 draw=5094 present=786 map=12
[mgba] timing: END scene=27 ticks=180
[mgba] timing: START move=153 player=true scene=28 tick=7071
[mgba] timing: frame scene=28 tick=7072 clock=46310301 updates=1 update=126 draw=7746 present=786 map=12
[mgba] timing: frame scene=28 tick=7073 clock=46319197 updates=1 update=120 draw=8143 present=798 map=12
[mgba] timing: frame scene=28 tick=7074 clock=46328483 updates=1 update=121 draw=5074 present=785 map=12
[mgba] timing: frame scene=28 tick=7075 clock=46336637 updates=1 update=119 draw=5075 present=786 map=12
[mgba] timing: frame scene=28 tick=7076 clock=46345413 updates=1 update=121 draw=5074 present=786 map=12
[mgba] timing: frame scene=28 tick=7077 clock=46354191 updates=1 update=120 draw=5075 present=785 map=12
[mgba] timing: frame scene=28 tick=7078 clock=46362969 updates=1 update=121 draw=5074 present=785 map=12
[mgba] timing: frame scene=28 tick=7079 clock=46371747 updates=1 update=121 draw=5075 present=785 map=12
[mgba] timing: frame scene=28 tick=7080 clock=46380525 updates=1 update=121 draw=5074 present=786 map=12
[mgba] timing: frame scene=28 tick=7081 clock=46389303 updates=1 update=120 draw=5075 present=785 map=12
[mgba] timing: frame scene=28 tick=7082 clock=46398081 updates=1 update=270 draw=5079 present=785 map=12
[mgba] timing: frame scene=28 tick=7083 clock=46406859 updates=1 update=136 draw=9641 present=785 map=12
[mgba] timing: frame scene=28 tick=7084 clock=46420026 updates=1 update=138 draw=7180 present=785 map=12
[mgba] timing: frame scene=28 tick=7085 clock=46428804 updates=1 update=136 draw=7181 present=785 map=12
[mgba] timing: frame scene=28 tick=7086 clock=46437582 updates=1 update=385 draw=7180 present=786 map=12
[mgba] timing: frame scene=28 tick=7087 clock=46446360 updates=1 update=174 draw=11366 present=786 map=12
[mgba] timing: frame scene=28 tick=7088 clock=46459527 updates=1 update=176 draw=11366 present=785 map=12
[mgba] timing: frame scene=28 tick=7089 clock=46472694 updates=1 update=175 draw=11366 present=786 map=12
[mgba] timing: frame scene=28 tick=7090 clock=46485861 updates=1 update=160 draw=20276 present=786 map=12
[mgba] timing: frame scene=28 tick=7091 clock=46507806 updates=1 update=114 draw=13929 present=785 map=12
[mgba] timing: frame scene=28 tick=7092 clock=46525362 updates=1 update=113 draw=13984 present=786 map=12
[mgba] timing: frame scene=28 tick=7093 clock=46542918 updates=1 update=112 draw=13879 present=785 map=12
[mgba] timing: frame scene=28 tick=7094 clock=46560474 updates=1 update=333 draw=13978 present=785 map=12
[mgba] timing: frame scene=28 tick=7095 clock=46578030 updates=1 update=162 draw=9700 present=785 map=12
[mgba] timing: frame scene=28 tick=7096 clock=46591197 updates=1 update=164 draw=9710 present=786 map=12
[mgba] timing: frame scene=28 tick=7097 clock=46604364 updates=1 update=163 draw=9711 present=786 map=12
[mgba] timing: frame scene=28 tick=7098 clock=46617531 updates=1 update=255 draw=9711 present=785 map=12
[mgba] timing: frame scene=28 tick=7099 clock=46630698 updates=1 update=137 draw=7169 present=785 map=12
[mgba] timing: frame scene=28 tick=7100 clock=46639476 updates=1 update=137 draw=7168 present=785 map=12
[mgba] timing: frame scene=28 tick=7101 clock=46648254 updates=1 update=136 draw=7169 present=785 map=12
[mgba] timing: frame scene=28 tick=7102 clock=46657032 updates=1 update=385 draw=7168 present=786 map=12
[mgba] timing: frame scene=28 tick=7103 clock=46665810 updates=1 update=174 draw=11318 present=785 map=12
[mgba] timing: frame scene=28 tick=7104 clock=46678977 updates=1 update=176 draw=11318 present=785 map=12
[mgba] timing: frame scene=28 tick=7105 clock=46692144 updates=1 update=176 draw=11318 present=785 map=12
[mgba] timing: frame scene=28 tick=7106 clock=46705311 updates=1 update=358 draw=11317 present=785 map=12
[mgba] timing: frame scene=28 tick=7107 clock=46718478 updates=1 update=163 draw=9675 present=786 map=12
[mgba] timing: frame scene=28 tick=7108 clock=46731645 updates=1 update=164 draw=9674 present=786 map=12
[mgba] timing: frame scene=28 tick=7109 clock=46744812 updates=1 update=163 draw=9675 present=785 map=12
[mgba] timing: frame scene=28 tick=7110 clock=46757979 updates=1 update=158 draw=18586 present=785 map=12
[mgba] timing: frame scene=28 tick=7111 clock=46779924 updates=1 update=114 draw=13929 present=785 map=12
[mgba] timing: frame scene=28 tick=7112 clock=46797480 updates=1 update=113 draw=13984 present=786 map=12
[mgba] timing: frame scene=28 tick=7113 clock=46815036 updates=1 update=112 draw=13879 present=785 map=12
[mgba] timing: frame scene=28 tick=7114 clock=46832592 updates=1 update=232 draw=13978 present=786 map=12
[mgba] timing: frame scene=28 tick=7115 clock=46850148 updates=1 update=136 draw=7160 present=785 map=12
[mgba] timing: frame scene=28 tick=7116 clock=46858926 updates=1 update=136 draw=7172 present=785 map=12
[mgba] timing: frame scene=28 tick=7117 clock=46867704 updates=1 update=136 draw=7172 present=785 map=12
[mgba] timing: frame scene=28 tick=7118 clock=46876482 updates=1 update=385 draw=7171 present=786 map=12
[mgba] timing: frame scene=28 tick=7119 clock=46885260 updates=1 update=174 draw=11330 present=786 map=12
[mgba] timing: frame scene=28 tick=7120 clock=46898427 updates=1 update=176 draw=11330 present=785 map=12
[mgba] timing: frame scene=28 tick=7121 clock=46911594 updates=1 update=175 draw=11330 present=786 map=12
[mgba] timing: frame scene=28 tick=7122 clock=46924761 updates=1 update=358 draw=11329 present=785 map=12
[mgba] timing: frame scene=28 tick=7123 clock=46937928 updates=1 update=163 draw=9684 present=786 map=12
[mgba] timing: frame scene=28 tick=7124 clock=46951095 updates=1 update=164 draw=9683 present=786 map=12
[mgba] timing: frame scene=28 tick=7125 clock=46964262 updates=1 update=163 draw=9684 present=785 map=12
[mgba] timing: frame scene=28 tick=7126 clock=46977429 updates=1 update=256 draw=9683 present=785 map=12
[mgba] timing: frame scene=28 tick=7127 clock=46990596 updates=1 update=137 draw=7181 present=785 map=12
[mgba] timing: frame scene=28 tick=7128 clock=46999374 updates=1 update=137 draw=7180 present=785 map=12
[mgba] timing: frame scene=28 tick=7129 clock=47008152 updates=1 update=136 draw=7181 present=785 map=12
[mgba] timing: frame scene=28 tick=7130 clock=47016930 updates=1 update=151 draw=16092 present=786 map=12
[mgba] timing: frame scene=28 tick=7131 clock=47034486 updates=1 update=112 draw=13929 present=786 map=12
[mgba] timing: frame scene=28 tick=7132 clock=47052042 updates=1 update=113 draw=13984 present=786 map=12
[mgba] timing: frame scene=28 tick=7133 clock=47069598 updates=1 update=112 draw=13879 present=785 map=12
[mgba] timing: frame scene=28 tick=7134 clock=47087154 updates=1 update=368 draw=13978 present=785 map=12
[mgba] timing: frame scene=28 tick=7135 clock=47104710 updates=1 update=175 draw=11354 present=785 map=12
[mgba] timing: frame scene=28 tick=7136 clock=47117877 updates=1 update=176 draw=11366 present=785 map=12
[mgba] timing: frame scene=28 tick=7137 clock=47131044 updates=1 update=176 draw=11366 present=785 map=12
[mgba] timing: frame scene=28 tick=7138 clock=47144211 updates=1 update=358 draw=11365 present=786 map=12
[mgba] timing: frame scene=28 tick=7139 clock=47157378 updates=1 update=164 draw=9711 present=785 map=12
[mgba] timing: frame scene=28 tick=7140 clock=47170545 updates=1 update=164 draw=9710 present=786 map=12
[mgba] timing: frame scene=28 tick=7141 clock=47183712 updates=1 update=163 draw=9711 present=786 map=12
[mgba] timing: frame scene=28 tick=7142 clock=47196879 updates=1 update=255 draw=9711 present=785 map=12
[mgba] timing: frame scene=28 tick=7143 clock=47210046 updates=1 update=137 draw=7175 present=785 map=12
[mgba] timing: frame scene=28 tick=7144 clock=47218824 updates=1 update=136 draw=7175 present=785 map=12
[mgba] timing: frame scene=28 tick=7145 clock=47227602 updates=1 update=136 draw=7175 present=785 map=12
[mgba] timing: frame scene=28 tick=7146 clock=47236380 updates=1 update=385 draw=7174 present=786 map=12
[mgba] timing: frame scene=28 tick=7147 clock=47245158 updates=1 update=174 draw=11342 present=786 map=12
[mgba] timing: frame scene=28 tick=7148 clock=47258325 updates=1 update=176 draw=11342 present=785 map=12
[mgba] timing: frame scene=28 tick=7149 clock=47271492 updates=1 update=176 draw=11342 present=785 map=12
[mgba] timing: frame scene=28 tick=7150 clock=47284659 updates=1 update=159 draw=20254 present=785 map=12
[mgba] timing: frame scene=28 tick=7151 clock=47306604 updates=1 update=114 draw=13929 present=785 map=12
[mgba] timing: frame scene=28 tick=7152 clock=47324160 updates=1 update=113 draw=13984 present=786 map=12
[mgba] timing: frame scene=28 tick=7153 clock=47341716 updates=1 update=112 draw=13879 present=785 map=12
[mgba] timing: frame scene=28 tick=7154 clock=47359272 updates=1 update=333 draw=13978 present=785 map=12
[mgba] timing: frame scene=28 tick=7155 clock=47376828 updates=1 update=162 draw=9682 present=785 map=12
[mgba] timing: frame scene=28 tick=7156 clock=47389995 updates=1 update=164 draw=9692 present=786 map=12
[mgba] timing: frame scene=28 tick=7157 clock=47403162 updates=1 update=163 draw=9693 present=786 map=12
[mgba] timing: frame scene=28 tick=7158 clock=47416329 updates=1 update=255 draw=9693 present=785 map=12
[mgba] timing: frame scene=28 tick=7159 clock=47429496 updates=1 update=137 draw=7178 present=785 map=12
[mgba] timing: frame scene=28 tick=7160 clock=47438274 updates=1 update=137 draw=7177 present=785 map=12
[mgba] timing: frame scene=28 tick=7161 clock=47447052 updates=1 update=136 draw=7178 present=785 map=12
[mgba] timing: frame scene=28 tick=7162 clock=47455830 updates=1 update=385 draw=7178 present=785 map=12
[mgba] timing: frame scene=28 tick=7163 clock=47464608 updates=1 update=174 draw=11354 present=786 map=12
[mgba] timing: frame scene=28 tick=7164 clock=47477775 updates=1 update=176 draw=11354 present=785 map=12
[mgba] timing: frame scene=28 tick=7165 clock=47490942 updates=1 update=175 draw=11354 present=786 map=12
[mgba] timing: frame scene=28 tick=7166 clock=47504109 updates=1 update=358 draw=11353 present=785 map=12
[mgba] timing: frame scene=28 tick=7167 clock=47517276 updates=1 update=163 draw=9702 present=786 map=12
[mgba] timing: frame scene=28 tick=7168 clock=47530443 updates=1 update=164 draw=9701 present=786 map=12
[mgba] timing: frame scene=28 tick=7169 clock=47543610 updates=1 update=163 draw=9702 present=786 map=12
[mgba] timing: frame scene=28 tick=7170 clock=47556777 updates=1 update=158 draw=18613 present=785 map=12
[mgba] timing: frame scene=28 tick=7171 clock=47578722 updates=1 update=114 draw=13929 present=785 map=12
[mgba] timing: frame scene=28 tick=7172 clock=47596278 updates=1 update=113 draw=13984 present=786 map=12
[mgba] timing: frame scene=28 tick=7173 clock=47613834 updates=1 update=112 draw=13879 present=785 map=12
[mgba] timing: frame scene=28 tick=7174 clock=47631390 updates=1 update=233 draw=13977 present=786 map=12
[mgba] timing: frame scene=28 tick=7175 clock=47648946 updates=1 update=136 draw=7163 present=785 map=12
[mgba] timing: frame scene=28 tick=7176 clock=47657724 updates=1 update=136 draw=7175 present=785 map=12
[mgba] timing: frame scene=28 tick=7177 clock=47666502 updates=1 update=136 draw=7175 present=785 map=12
[mgba] timing: frame scene=28 tick=7178 clock=47675280 updates=1 update=385 draw=7174 present=786 map=12
[mgba] timing: frame scene=28 tick=7179 clock=47684058 updates=1 update=174 draw=11342 present=786 map=12
[mgba] timing: frame scene=28 tick=7180 clock=47697225 updates=1 update=176 draw=11342 present=785 map=12
[mgba] timing: frame scene=28 tick=7181 clock=47710392 updates=1 update=176 draw=11342 present=785 map=12
[mgba] timing: frame scene=28 tick=7182 clock=47723559 updates=1 update=357 draw=11342 present=785 map=12
[mgba] timing: frame scene=28 tick=7183 clock=47736726 updates=1 update=163 draw=9693 present=785 map=12
[mgba] timing: frame scene=28 tick=7184 clock=47749893 updates=1 update=164 draw=9692 present=786 map=12
[mgba] timing: frame scene=28 tick=7185 clock=47763060 updates=1 update=163 draw=9693 present=786 map=12
[mgba] timing: frame scene=28 tick=7186 clock=47776227 updates=1 update=181 draw=9677 present=786 map=12
[mgba] timing: END scene=28 ticks=115
[mgba] timing: START move=153 player=false scene=29 tick=7187
[mgba] timing: frame scene=29 tick=7188 clock=47794609 updates=1 update=125 draw=7756 present=798 map=12
[mgba] timing: frame scene=29 tick=7189 clock=47803513 updates=1 update=120 draw=8153 present=785 map=12
[mgba] timing: frame scene=29 tick=7190 clock=47815728 updates=1 update=122 draw=5072 present=785 map=12
[mgba] timing: frame scene=29 tick=7191 clock=47824506 updates=1 update=119 draw=5073 present=786 map=12
[mgba] timing: frame scene=29 tick=7192 clock=47833284 updates=1 update=121 draw=5072 present=785 map=12
[mgba] timing: frame scene=29 tick=7193 clock=47842062 updates=1 update=119 draw=5073 present=785 map=12
[mgba] timing: frame scene=29 tick=7194 clock=47850840 updates=1 update=121 draw=5072 present=785 map=12
[mgba] timing: frame scene=29 tick=7195 clock=47859618 updates=1 update=119 draw=5073 present=786 map=12
[mgba] timing: frame scene=29 tick=7196 clock=47868396 updates=1 update=121 draw=5072 present=785 map=12
[mgba] timing: frame scene=29 tick=7197 clock=47877174 updates=1 update=119 draw=5073 present=785 map=12
[mgba] timing: frame scene=29 tick=7198 clock=47885952 updates=1 update=273 draw=5074 present=785 map=12
[mgba] timing: frame scene=29 tick=7199 clock=47894730 updates=1 update=136 draw=9643 present=786 map=12
[mgba] timing: frame scene=29 tick=7200 clock=47907897 updates=1 update=138 draw=7172 present=785 map=12
[mgba] timing: frame scene=29 tick=7201 clock=47916675 updates=1 update=135 draw=7173 present=785 map=12
[mgba] timing: frame scene=29 tick=7202 clock=47925453 updates=1 update=399 draw=7173 present=785 map=12
[mgba] timing: frame scene=29 tick=7203 clock=47934231 updates=1 update=174 draw=11545 present=785 map=12
[mgba] timing: frame scene=29 tick=7204 clock=47947398 updates=1 update=176 draw=11545 present=785 map=12
[mgba] timing: frame scene=29 tick=7205 clock=47960565 updates=1 update=175 draw=11545 present=786 map=12
[mgba] timing: frame scene=29 tick=7206 clock=47973732 updates=1 update=159 draw=20457 present=785 map=12
[mgba] timing: frame scene=29 tick=7207 clock=47995677 updates=1 update=113 draw=13912 present=785 map=12
[mgba] timing: frame scene=29 tick=7208 clock=48013233 updates=1 update=113 draw=13967 present=786 map=12
[mgba] timing: frame scene=29 tick=7209 clock=48030789 updates=1 update=112 draw=13861 present=786 map=12
[mgba] timing: frame scene=29 tick=7210 clock=48048345 updates=1 update=343 draw=13961 present=786 map=12
[mgba] timing: frame scene=29 tick=7211 clock=48065901 updates=1 update=161 draw=9790 present=786 map=12
[mgba] timing: frame scene=29 tick=7212 clock=48079068 updates=1 update=164 draw=9801 present=785 map=12
[mgba] timing: frame scene=29 tick=7213 clock=48092235 updates=1 update=162 draw=9802 present=785 map=12
[mgba] timing: frame scene=29 tick=7214 clock=48105402 updates=1 update=259 draw=9801 present=785 map=12
[mgba] timing: frame scene=29 tick=7215 clock=48118569 updates=1 update=136 draw=7185 present=785 map=12
[mgba] timing: frame scene=29 tick=7216 clock=48127347 updates=1 update=136 draw=7185 present=785 map=12
[mgba] timing: frame scene=29 tick=7217 clock=48136125 updates=1 update=135 draw=7185 present=785 map=12
[mgba] timing: frame scene=29 tick=7218 clock=48144903 updates=1 update=399 draw=7185 present=785 map=12
[mgba] timing: frame scene=29 tick=7219 clock=48153681 updates=1 update=174 draw=11593 present=786 map=12
[mgba] timing: frame scene=29 tick=7220 clock=48166848 updates=1 update=176 draw=11593 present=785 map=12
[mgba] timing: frame scene=29 tick=7221 clock=48180015 updates=1 update=175 draw=11593 present=786 map=12
[mgba] timing: frame scene=29 tick=7222 clock=48193182 updates=1 update=368 draw=11593 present=786 map=12
[mgba] timing: frame scene=29 tick=7223 clock=48206349 updates=1 update=162 draw=9838 present=785 map=12
[mgba] timing: frame scene=29 tick=7224 clock=48219516 updates=1 update=164 draw=9837 present=785 map=12
[mgba] timing: frame scene=29 tick=7225 clock=48232683 updates=1 update=162 draw=9838 present=785 map=12
[mgba] timing: frame scene=29 tick=7226 clock=48245850 updates=1 update=157 draw=18749 present=785 map=12
[mgba] timing: frame scene=29 tick=7227 clock=48267795 updates=1 update=113 draw=13912 present=785 map=12
[mgba] timing: frame scene=29 tick=7228 clock=48285351 updates=1 update=113 draw=13967 present=785 map=12
[mgba] timing: frame scene=29 tick=7229 clock=48302907 updates=1 update=112 draw=13861 present=786 map=12
[mgba] timing: frame scene=29 tick=7230 clock=48320463 updates=1 update=236 draw=13961 present=785 map=12
[mgba] timing: frame scene=29 tick=7231 clock=48338019 updates=1 update=135 draw=7170 present=786 map=12
[mgba] timing: frame scene=29 tick=7232 clock=48346797 updates=1 update=136 draw=7182 present=785 map=12
[mgba] timing: frame scene=29 tick=7233 clock=48355575 updates=1 update=135 draw=7182 present=785 map=12
[mgba] timing: frame scene=29 tick=7234 clock=48364353 updates=1 update=399 draw=7181 present=786 map=12
[mgba] timing: frame scene=29 tick=7235 clock=48373131 updates=1 update=174 draw=11581 present=786 map=12
[mgba] timing: frame scene=29 tick=7236 clock=48386298 updates=1 update=176 draw=11581 present=785 map=12
[mgba] timing: frame scene=29 tick=7237 clock=48399465 updates=1 update=175 draw=11581 present=786 map=12
[mgba] timing: frame scene=29 tick=7238 clock=48412632 updates=1 update=368 draw=11581 present=786 map=12
[mgba] timing: frame scene=29 tick=7239 clock=48425799 updates=1 update=162 draw=9829 present=785 map=12
[mgba] timing: frame scene=29 tick=7240 clock=48438966 updates=1 update=164 draw=9828 present=785 map=12
[mgba] timing: frame scene=29 tick=7241 clock=48452133 updates=1 update=162 draw=9829 present=785 map=12
[mgba] timing: frame scene=29 tick=7242 clock=48465300 updates=1 update=259 draw=9828 present=785 map=12
[mgba] timing: frame scene=29 tick=7243 clock=48478467 updates=1 update=136 draw=7173 present=785 map=12
[mgba] timing: frame scene=29 tick=7244 clock=48487245 updates=1 update=136 draw=7172 present=786 map=12
[mgba] timing: frame scene=29 tick=7245 clock=48496023 updates=1 update=135 draw=7173 present=785 map=12
[mgba] timing: frame scene=29 tick=7246 clock=48504801 updates=1 update=151 draw=16084 present=786 map=12
[mgba] timing: frame scene=29 tick=7247 clock=48522357 updates=1 update=112 draw=13912 present=785 map=12
[mgba] timing: frame scene=29 tick=7248 clock=48539913 updates=1 update=113 draw=13967 present=785 map=12
[mgba] timing: frame scene=29 tick=7249 clock=48557469 updates=1 update=112 draw=13861 present=786 map=12
[mgba] timing: frame scene=29 tick=7250 clock=48575025 updates=1 update=382 draw=13961 present=785 map=12
[mgba] timing: frame scene=29 tick=7251 clock=48592581 updates=1 update=174 draw=11534 present=785 map=12
[mgba] timing: frame scene=29 tick=7252 clock=48605748 updates=1 update=176 draw=11545 present=785 map=12
[mgba] timing: frame scene=29 tick=7253 clock=48618915 updates=1 update=175 draw=11545 present=786 map=12
[mgba] timing: frame scene=29 tick=7254 clock=48632082 updates=1 update=368 draw=11545 present=786 map=12
[mgba] timing: frame scene=29 tick=7255 clock=48645249 updates=1 update=162 draw=9802 present=785 map=12
[mgba] timing: frame scene=29 tick=7256 clock=48658416 updates=1 update=164 draw=9801 present=785 map=12
[mgba] timing: frame scene=29 tick=7257 clock=48671583 updates=1 update=162 draw=9802 present=785 map=12
[mgba] timing: frame scene=29 tick=7258 clock=48684750 updates=1 update=259 draw=9801 present=785 map=12
[mgba] timing: frame scene=29 tick=7259 clock=48697917 updates=1 update=137 draw=7179 present=785 map=12
[mgba] timing: frame scene=29 tick=7260 clock=48706695 updates=1 update=136 draw=7179 present=785 map=12
[mgba] timing: frame scene=29 tick=7261 clock=48715473 updates=1 update=135 draw=7179 present=785 map=12
[mgba] timing: frame scene=29 tick=7262 clock=48724251 updates=1 update=399 draw=7179 present=785 map=12
[mgba] timing: frame scene=29 tick=7263 clock=48733029 updates=1 update=174 draw=11569 present=785 map=12
[mgba] timing: frame scene=29 tick=7264 clock=48746196 updates=1 update=176 draw=11569 present=786 map=12
[mgba] timing: frame scene=29 tick=7265 clock=48759363 updates=1 update=175 draw=11569 present=786 map=12
[mgba] timing: frame scene=29 tick=7266 clock=48772530 updates=1 update=159 draw=20481 present=785 map=12
[mgba] timing: frame scene=29 tick=7267 clock=48794475 updates=1 update=113 draw=13912 present=785 map=12
[mgba] timing: frame scene=29 tick=7268 clock=48812031 updates=1 update=113 draw=13967 present=785 map=12
[mgba] timing: frame scene=29 tick=7269 clock=48829587 updates=1 update=112 draw=13861 present=786 map=12
[mgba] timing: frame scene=29 tick=7270 clock=48847143 updates=1 update=343 draw=13961 present=786 map=12
[mgba] timing: frame scene=29 tick=7271 clock=48864699 updates=1 update=161 draw=9808 present=785 map=12
[mgba] timing: frame scene=29 tick=7272 clock=48877866 updates=1 update=164 draw=9819 present=785 map=12
[mgba] timing: frame scene=29 tick=7273 clock=48891033 updates=1 update=162 draw=9820 present=785 map=12
[mgba] timing: frame scene=29 tick=7274 clock=48904200 updates=1 update=259 draw=9819 present=785 map=12
[mgba] timing: frame scene=29 tick=7275 clock=48917367 updates=1 update=136 draw=7176 present=785 map=12
[mgba] timing: frame scene=29 tick=7276 clock=48926145 updates=1 update=136 draw=7176 present=785 map=12
[mgba] timing: frame scene=29 tick=7277 clock=48934923 updates=1 update=135 draw=7176 present=785 map=12
[mgba] timing: frame scene=29 tick=7278 clock=48943701 updates=1 update=399 draw=7175 present=786 map=12
[mgba] timing: frame scene=29 tick=7279 clock=48952479 updates=1 update=174 draw=11557 present=786 map=12
[mgba] timing: frame scene=29 tick=7280 clock=48965646 updates=1 update=176 draw=11557 present=785 map=12
[mgba] timing: frame scene=29 tick=7281 clock=48978813 updates=1 update=175 draw=11557 present=786 map=12
[mgba] timing: frame scene=29 tick=7282 clock=48991980 updates=1 update=368 draw=11557 present=786 map=12
[mgba] timing: frame scene=29 tick=7283 clock=49005147 updates=1 update=162 draw=9811 present=785 map=12
[mgba] timing: frame scene=29 tick=7284 clock=49018314 updates=1 update=164 draw=9810 present=785 map=12
[mgba] timing: frame scene=29 tick=7285 clock=49031481 updates=1 update=162 draw=9811 present=785 map=12
[mgba] timing: frame scene=29 tick=7286 clock=49044648 updates=1 update=158 draw=18721 present=786 map=12
[mgba] timing: frame scene=29 tick=7287 clock=49066593 updates=1 update=113 draw=13912 present=785 map=12
[mgba] timing: frame scene=29 tick=7288 clock=49084149 updates=1 update=113 draw=13967 present=786 map=12
[mgba] timing: frame scene=29 tick=7289 clock=49101705 updates=1 update=112 draw=13861 present=786 map=12
[mgba] timing: frame scene=29 tick=7290 clock=49119261 updates=1 update=236 draw=13961 present=785 map=12
[mgba] timing: frame scene=29 tick=7291 clock=49136817 updates=1 update=135 draw=7167 present=786 map=12
[mgba] timing: frame scene=29 tick=7292 clock=49145595 updates=1 update=136 draw=7179 present=785 map=12
[mgba] timing: frame scene=29 tick=7293 clock=49154373 updates=1 update=135 draw=7179 present=785 map=12
[mgba] timing: frame scene=29 tick=7294 clock=49163151 updates=1 update=399 draw=7178 present=786 map=12
[mgba] timing: frame scene=29 tick=7295 clock=49171929 updates=1 update=173 draw=11570 present=785 map=12
[mgba] timing: frame scene=29 tick=7296 clock=49185096 updates=1 update=176 draw=11569 present=786 map=12
[mgba] timing: frame scene=29 tick=7297 clock=49198263 updates=1 update=175 draw=11569 present=786 map=12
[mgba] timing: frame scene=29 tick=7298 clock=49211430 updates=1 update=368 draw=11569 present=785 map=12
[mgba] timing: frame scene=29 tick=7299 clock=49224597 updates=1 update=162 draw=9820 present=785 map=12
[mgba] timing: frame scene=29 tick=7300 clock=49237764 updates=1 update=164 draw=9819 present=785 map=12
[mgba] timing: frame scene=29 tick=7301 clock=49250931 updates=1 update=162 draw=9820 present=785 map=12
[mgba] timing: frame scene=29 tick=7302 clock=49264098 updates=1 update=181 draw=9820 present=786 map=12
[mgba] timing: END scene=29 ticks=115
[mgba] timing: DONE tick=7303
