[mgba] timing: START pallet-route1 tick=4390
[mgba] timing: frame scene=1 tick=4391 clock=19268333 updates=1 update=454 draw=213 present=2 map=0
[mgba] timing: frame scene=1 tick=4392 clock=19272722 updates=1 update=487 draw=1139 present=59 map=0
[mgba] timing: frame scene=1 tick=4393 clock=19277113 updates=1 update=2317 draw=2480 present=785 map=0
[mgba] timing: frame scene=1 tick=4395 clock=19285889 updates=2 update=987 draw=6536 present=786 map=0
[mgba] timing: frame scene=1 tick=4397 clock=19294668 updates=2 update=986 draw=8527 present=785 map=0
[mgba] timing: frame scene=1 tick=4400 clock=19307834 updates=3 update=3875 draw=5073 present=785 map=0
[mgba] timing: frame scene=1 tick=4402 clock=19317792 updates=2 update=557 draw=6534 present=798 map=0
[mgba] timing: frame scene=1 tick=4404 clock=19325903 updates=2 update=556 draw=6226 present=786 map=0
[mgba] timing: frame scene=1 tick=4406 clock=19334170 updates=2 update=556 draw=6503 present=785 map=0
[mgba] timing: frame scene=1 tick=4408 clock=19342946 updates=2 update=9444 draw=6970 present=785 map=12
[mgba] timing: frame scene=1 tick=4412 clock=19360502 updates=4 update=3880 draw=2623 present=785 map=12
[mgba] timing: frame scene=1 tick=4414 clock=19369281 updates=2 update=908 draw=2745 present=799 map=12
[mgba] timing: frame scene=1 tick=4415 clock=19373955 updates=1 update=455 draw=2522 present=785 map=12
[mgba] timing: frame scene=1 tick=4416 clock=19378060 updates=1 update=455 draw=2562 present=785 map=12
[mgba] timing: frame scene=1 tick=4417 clock=19382449 updates=1 update=619 draw=2537 present=786 map=12
[mgba] timing: frame scene=1 tick=4418 clock=19386838 updates=1 update=455 draw=2542 present=785 map=12
[mgba] timing: frame scene=1 tick=4419 clock=19391227 updates=1 update=454 draw=2583 present=786 map=12
[mgba] timing: frame scene=1 tick=4420 clock=19395616 updates=1 update=455 draw=2623 present=785 map=12
[mgba] timing: frame scene=1 tick=4421 clock=19400005 updates=1 update=454 draw=2538 present=786 map=12
[mgba] timing: frame scene=1 tick=4422 clock=19404394 updates=1 update=455 draw=2542 present=785 map=12
[mgba] timing: frame scene=1 tick=4423 clock=19408783 updates=1 update=454 draw=2522 present=786 map=12
[mgba] timing: frame scene=1 tick=4424 clock=19413172 updates=1 update=455 draw=2562 present=785 map=12
[mgba] timing: frame scene=1 tick=4425 clock=19417561 updates=1 update=619 draw=2537 present=786 map=12
[mgba] timing: frame scene=1 tick=4426 clock=19421950 updates=1 update=455 draw=2542 present=785 map=12
[mgba] timing: frame scene=1 tick=4427 clock=19426339 updates=1 update=454 draw=2583 present=786 map=12
[mgba] timing: frame scene=1 tick=4428 clock=19430728 updates=1 update=456 draw=6565 present=785 map=12
[mgba] timing: frame scene=1 tick=4430 clock=19439505 updates=2 update=909 draw=6532 present=786 map=12
[mgba] timing: frame scene=1 tick=4432 clock=19448283 updates=2 update=908 draw=2555 present=785 map=12
[mgba] timing: frame scene=1 tick=4433 clock=19452767 updates=1 update=617 draw=2537 present=786 map=12
[mgba] timing: frame scene=1 tick=4434 clock=19457062 updates=1 update=455 draw=2542 present=785 map=12
[mgba] timing: frame scene=1 tick=4435 clock=19461451 updates=1 update=454 draw=2583 present=786 map=12
[mgba] timing: frame scene=1 tick=4436 clock=19465840 updates=1 update=455 draw=2623 present=785 map=12
[mgba] timing: frame scene=1 tick=4437 clock=19470229 updates=1 update=454 draw=2538 present=786 map=12
[mgba] timing: frame scene=1 tick=4438 clock=19474618 updates=1 update=455 draw=2542 present=785 map=12
[mgba] timing: frame scene=1 tick=4439 clock=19479007 updates=1 update=455 draw=2522 present=786 map=12
[mgba] timing: frame scene=1 tick=4440 clock=19483396 updates=1 update=455 draw=2562 present=785 map=12
[mgba] timing: frame scene=1 tick=4441 clock=19487785 updates=1 update=628 draw=2502 present=785 map=12
[mgba] timing: frame scene=1 tick=4442 clock=19492174 updates=1 update=455 draw=2506 present=786 map=12
[mgba] timing: frame scene=1 tick=4443 clock=19496563 updates=1 update=454 draw=2548 present=785 map=12
[mgba] timing: frame scene=1 tick=4444 clock=19500952 updates=1 update=455 draw=2588 present=785 map=12
[mgba] timing: frame scene=1 tick=4445 clock=19505341 updates=1 update=454 draw=2503 present=785 map=12
[mgba] timing: frame scene=1 tick=4446 clock=19509730 updates=1 update=455 draw=2506 present=786 map=12
[mgba] timing: frame scene=1 tick=4447 clock=19514119 updates=1 update=454 draw=2487 present=785 map=12
[mgba] timing: frame scene=1 tick=4448 clock=19518508 updates=1 update=455 draw=2527 present=785 map=12
[mgba] timing: frame scene=1 tick=4449 clock=19522897 updates=1 update=615 draw=6098 present=785 map=12
[mgba] timing: frame scene=1 tick=4451 clock=19531674 updates=2 update=909 draw=2541 present=785 map=12
[mgba] timing: frame scene=1 tick=4452 clock=19536145 updates=1 update=455 draw=2588 present=785 map=12
[mgba] timing: frame scene=1 tick=4453 clock=19540453 updates=1 update=454 draw=2503 present=785 map=12
[mgba] timing: frame scene=1 tick=4454 clock=19544842 updates=1 update=455 draw=2508 present=786 map=12
[mgba] timing: frame scene=1 tick=4455 clock=19549231 updates=1 update=454 draw=2489 present=785 map=12
[mgba] timing: frame scene=1 tick=4456 clock=19553620 updates=1 update=455 draw=2529 present=785 map=12
[mgba] timing: frame scene=1 tick=4457 clock=19558009 updates=1 update=614 draw=2504 present=785 map=12
[mgba] timing: frame scene=1 tick=4458 clock=19562398 updates=1 update=455 draw=2609 present=785 map=12
[mgba] timing: frame scene=1 tick=4459 clock=19566787 updates=1 update=454 draw=2680 present=785 map=12
[mgba] timing: frame scene=1 tick=4460 clock=19571176 updates=1 update=455 draw=2748 present=785 map=12
[mgba] timing: START route1-viridian tick=4550
[mgba] timing: frame scene=2 tick=4551 clock=19970573 updates=1 update=419 draw=242 present=2 map=12
[mgba] timing: frame scene=2 tick=4552 clock=19974962 updates=1 update=449 draw=1191 present=60 map=12
[mgba] timing: frame scene=2 tick=4553 clock=19979353 updates=1 update=456 draw=2520 present=785 map=12
[mgba] timing: frame scene=2 tick=4554 clock=19983742 updates=1 update=456 draw=2561 present=786 map=12
[mgba] timing: frame scene=2 tick=4555 clock=19988131 updates=1 update=457 draw=6589 present=785 map=12
[mgba] timing: frame scene=2 tick=4557 clock=19996907 updates=2 update=913 draw=8538 present=785 map=12
[mgba] timing: frame scene=2 tick=4560 clock=20010074 updates=3 update=6853 draw=9593 present=785 map=12
[mgba] timing: frame scene=2 tick=4564 clock=20027630 updates=4 update=1104 draw=6499 present=785 map=12
[mgba] timing: frame scene=2 tick=4566 clock=20036408 updates=2 update=553 draw=6774 present=785 map=12
[mgba] timing: frame scene=2 tick=4568 clock=20045186 updates=2 update=21022 draw=7643 present=785 map=1
[mgba] timing: frame scene=2 tick=4575 clock=20075909 updates=7 update=6818 draw=3233 present=785 map=1
[mgba] timing: frame scene=2 tick=4578 clock=20089076 updates=3 update=2196 draw=3273 present=785 map=1
[mgba] timing: frame scene=2 tick=4580 clock=20097854 updates=2 update=1363 draw=3152 present=786 map=1
[mgba] timing: frame scene=2 tick=4581 clock=20103380 updates=1 update=682 draw=3073 present=785 map=1
[mgba] timing: frame scene=2 tick=4583 clock=20111023 updates=2 update=1363 draw=3051 present=785 map=1
[mgba] timing: frame scene=2 tick=4584 clock=20116448 updates=1 update=685 draw=3097 present=785 map=1
[mgba] timing: frame scene=2 tick=4586 clock=20124190 updates=2 update=1469 draw=3279 present=786 map=1
[mgba] timing: frame scene=2 tick=4588 clock=20132966 updates=2 update=1336 draw=7086 present=798 map=1
[mgba] timing: frame scene=2 tick=4590 clock=20142412 updates=2 update=1335 draw=7061 present=785 map=1
[mgba] timing: frame scene=2 tick=4592 clock=20151818 updates=2 update=1335 draw=3090 present=785 map=1
[mgba] timing: frame scene=2 tick=4594 clock=20159302 updates=2 update=1468 draw=3279 present=785 map=1
[mgba] timing: frame scene=2 tick=4596 clock=20168078 updates=2 update=1335 draw=3151 present=785 map=1
[mgba] timing: frame scene=2 tick=4597 clock=20173574 updates=1 update=668 draw=3071 present=785 map=1
[mgba] timing: frame scene=2 tick=4599 clock=20181247 updates=2 update=1334 draw=3036 present=799 map=1
[mgba] timing: frame scene=2 tick=4600 clock=20186641 updates=1 update=668 draw=3096 present=786 map=1
[mgba] timing: frame scene=2 tick=4602 clock=20194414 updates=2 update=1469 draw=3278 present=785 map=1
[mgba] timing: frame scene=2 tick=4604 clock=20203190 updates=2 update=1335 draw=3151 present=785 map=1
[mgba] timing: frame scene=2 tick=4605 clock=20208686 updates=1 update=668 draw=3071 present=786 map=1
[mgba] timing: frame scene=2 tick=4607 clock=20216359 updates=2 update=1334 draw=3036 present=799 map=1
[mgba] timing: frame scene=2 tick=4608 clock=20221753 updates=1 update=668 draw=3097 present=785 map=1
[mgba] timing: frame scene=2 tick=4610 clock=20229526 updates=2 update=1487 draw=6954 present=799 map=1
[mgba] timing: frame scene=2 tick=4612 clock=20238991 updates=2 update=1334 draw=3151 present=785 map=1
[mgba] timing: frame scene=2 tick=4614 clock=20247082 updates=2 update=1334 draw=3279 present=786 map=1
[mgba] timing: frame scene=2 tick=4615 clock=20252706 updates=1 update=667 draw=3056 present=785 map=1
[mgba] timing: frame scene=2 tick=4617 clock=20260249 updates=2 update=1469 draw=3064 present=785 map=1
[mgba] timing: frame scene=2 tick=4618 clock=20265792 updates=1 update=669 draw=3076 present=785 map=1
[mgba] timing: frame scene=2 tick=4620 clock=20273416 updates=2 update=1335 draw=3151 present=785 map=1
[mgba] timing: START wild-entry tick=4710
[mgba] timing: frame scene=3 tick=4711 clock=20672813 updates=1 update=1661 draw=8860 present=785 map=12
[mgba] timing: frame scene=3 tick=4714 clock=20685980 updates=3 update=240 draw=3252 present=786 map=12
[mgba] timing: frame scene=3 tick=4715 clock=20690494 updates=1 update=81 draw=3252 present=786 map=12
[mgba] timing: frame scene=3 tick=4717 clock=20699149 updates=2 update=161 draw=3252 present=786 map=12
[mgba] timing: frame scene=3 tick=4718 clock=20703584 updates=1 update=82 draw=3252 present=785 map=12
[mgba] timing: frame scene=3 tick=4720 clock=20712316 updates=2 update=161 draw=3252 present=786 map=12
[mgba] timing: frame scene=3 tick=4721 clock=20716751 updates=1 update=82 draw=3252 present=785 map=12
[mgba] timing: frame scene=3 tick=4723 clock=20725483 updates=2 update=161 draw=3252 present=786 map=12
[mgba] timing: frame scene=3 tick=4724 clock=20729918 updates=1 update=82 draw=3252 present=785 map=12
[mgba] timing: frame scene=3 tick=4726 clock=20738650 updates=2 update=161 draw=3252 present=786 map=12
[mgba] timing: frame scene=3 tick=4727 clock=20743085 updates=1 update=82 draw=3251 present=786 map=12
[mgba] timing: frame scene=3 tick=4729 clock=20751817 updates=2 update=161 draw=3252 present=785 map=12
[mgba] timing: frame scene=3 tick=4730 clock=20756252 updates=1 update=82 draw=3252 present=785 map=12
[mgba] timing: frame scene=3 tick=4732 clock=20764984 updates=2 update=161 draw=3252 present=785 map=12
[mgba] timing: frame scene=3 tick=4733 clock=20769419 updates=1 update=82 draw=3252 present=785 map=12
[mgba] timing: frame scene=3 tick=4735 clock=20778151 updates=2 update=161 draw=3252 present=785 map=12
[mgba] timing: frame scene=3 tick=4736 clock=20782586 updates=1 update=82 draw=3252 present=785 map=12
[mgba] timing: frame scene=3 tick=4738 clock=20791318 updates=2 update=161 draw=3252 present=785 map=12
[mgba] timing: frame scene=3 tick=4739 clock=20795753 updates=1 update=83 draw=3252 present=785 map=12
[mgba] timing: frame scene=3 tick=4741 clock=20804485 updates=2 update=161 draw=3252 present=785 map=12
[mgba] timing: frame scene=3 tick=4742 clock=20808920 updates=1 update=82 draw=3252 present=785 map=12
[mgba] timing: frame scene=3 tick=4744 clock=20817652 updates=2 update=161 draw=3252 present=786 map=12
[mgba] timing: frame scene=3 tick=4745 clock=20822087 updates=1 update=82 draw=3252 present=785 map=12
[mgba] timing: frame scene=3 tick=4747 clock=20830819 updates=2 update=161 draw=3252 present=786 map=12
[mgba] timing: frame scene=3 tick=4748 clock=20835254 updates=1 update=82 draw=3252 present=785 map=12
[mgba] timing: frame scene=3 tick=4750 clock=20843986 updates=2 update=161 draw=3252 present=786 map=12
[mgba] timing: frame scene=3 tick=4751 clock=20848421 updates=1 update=82 draw=3252 present=785 map=12
[mgba] timing: frame scene=3 tick=4753 clock=20857153 updates=2 update=161 draw=3252 present=786 map=12
[mgba] timing: frame scene=3 tick=4754 clock=20861588 updates=1 update=82 draw=3252 present=785 map=12
[mgba] timing: frame scene=3 tick=4756 clock=20870320 updates=2 update=161 draw=3252 present=786 map=12
[mgba] timing: frame scene=3 tick=4757 clock=20874755 updates=1 update=82 draw=3252 present=785 map=12
[mgba] timing: frame scene=3 tick=4759 clock=20883487 updates=2 update=161 draw=3252 present=786 map=12
[mgba] timing: frame scene=3 tick=4760 clock=20887922 updates=1 update=82 draw=3252 present=785 map=12
[mgba] timing: frame scene=3 tick=4762 clock=20896654 updates=2 update=161 draw=3252 present=785 map=12
[mgba] timing: frame scene=3 tick=4763 clock=20901089 updates=1 update=82 draw=3251 present=786 map=12
[mgba] timing: frame scene=3 tick=4765 clock=20909821 updates=2 update=161 draw=3252 present=785 map=12
[mgba] timing: frame scene=3 tick=4766 clock=20914256 updates=1 update=82 draw=3252 present=785 map=12
[mgba] timing: frame scene=3 tick=4768 clock=20922988 updates=2 update=161 draw=3252 present=785 map=12
[mgba] timing: frame scene=3 tick=4769 clock=20927423 updates=1 update=82 draw=3251 present=786 map=12
[mgba] timing: frame scene=3 tick=4771 clock=20936155 updates=2 update=161 draw=3252 present=785 map=12
[mgba] timing: frame scene=3 tick=4772 clock=20940590 updates=1 update=82 draw=3252 present=785 map=12
[mgba] timing: frame scene=3 tick=4774 clock=20949322 updates=2 update=161 draw=3252 present=785 map=12
[mgba] timing: frame scene=3 tick=4775 clock=20953757 updates=1 update=82 draw=3252 present=785 map=12
[mgba] timing: frame scene=3 tick=4777 clock=20962489 updates=2 update=161 draw=3252 present=786 map=12
[mgba] timing: frame scene=3 tick=4778 clock=20966924 updates=1 update=82 draw=3252 present=785 map=12
[mgba] timing: frame scene=3 tick=4780 clock=20975656 updates=2 update=161 draw=3252 present=786 map=12
[mgba] timing: frame scene=3 tick=4781 clock=20980091 updates=1 update=82 draw=3251 present=786 map=12
[mgba] timing: frame scene=3 tick=4783 clock=20988823 updates=2 update=161 draw=3239 present=786 map=12
[mgba] timing: frame scene=3 tick=4784 clock=20993245 updates=1 update=350 draw=4675 present=785 map=12
[mgba] timing: frame scene=3 tick=4786 clock=21001990 updates=2 update=166 draw=4675 present=785 map=12
[mgba] timing: frame scene=3 tick=4788 clock=21010767 updates=2 update=228 draw=4760 present=786 map=12
[mgba] timing: frame scene=3 tick=4790 clock=21019544 updates=2 update=270 draw=4906 present=785 map=12
[mgba] timing: frame scene=3 tick=4792 clock=21028323 updates=2 update=165 draw=4906 present=785 map=12
[mgba] timing: frame scene=3 tick=4794 clock=21037100 updates=2 update=247 draw=5021 present=785 map=12
[mgba] timing: frame scene=3 tick=4796 clock=21045878 updates=2 update=246 draw=5123 present=786 map=12
[mgba] timing: frame scene=3 tick=4798 clock=21054657 updates=2 update=165 draw=5124 present=785 map=12
[mgba] timing: frame scene=3 tick=4800 clock=21063434 updates=2 update=247 draw=5227 present=785 map=12
[mgba] timing: frame scene=3 tick=4802 clock=21072212 updates=2 update=247 draw=5343 present=785 map=12
[mgba] timing: frame scene=3 tick=4804 clock=21080990 updates=2 update=166 draw=5342 present=786 map=12
[mgba] timing: frame scene=3 tick=4806 clock=21089768 updates=2 update=271 draw=5487 present=786 map=12
[mgba] timing: frame scene=3 tick=4808 clock=21098546 updates=2 update=229 draw=5573 present=785 map=12
[mgba] timing: frame scene=3 tick=4810 clock=21107324 updates=2 update=166 draw=5573 present=785 map=12
[mgba] timing: frame scene=3 tick=4812 clock=21116102 updates=2 update=244 draw=2422 present=785 map=12
[mgba] timing: frame scene=3 tick=4813 clock=21120493 updates=1 update=81 draw=2422 present=786 map=12
[mgba] timing: frame scene=3 tick=4814 clock=21124882 updates=1 update=82 draw=2422 present=785 map=12
[mgba] timing: frame scene=3 tick=4815 clock=21129271 updates=1 update=81 draw=2422 present=786 map=12
[mgba] timing: frame scene=3 tick=4816 clock=21133660 updates=1 update=82 draw=2422 present=785 map=12
[mgba] timing: frame scene=3 tick=4817 clock=21138049 updates=1 update=81 draw=2422 present=786 map=12
[mgba] timing: frame scene=3 tick=4818 clock=21142438 updates=1 update=82 draw=2422 present=785 map=12
[mgba] timing: frame scene=3 tick=4819 clock=21146827 updates=1 update=81 draw=2422 present=786 map=12
[mgba] timing: frame scene=3 tick=4820 clock=21151216 updates=1 update=82 draw=2422 present=785 map=12
[mgba] timing: frame scene=3 tick=4821 clock=21155605 updates=1 update=81 draw=2422 present=786 map=12
[mgba] timing: frame scene=3 tick=4822 clock=21159994 updates=1 update=82 draw=2422 present=785 map=12
[mgba] timing: frame scene=3 tick=4823 clock=21164383 updates=1 update=81 draw=2422 present=785 map=12
[mgba] timing: frame scene=3 tick=4824 clock=21168772 updates=1 update=82 draw=2422 present=785 map=12
[mgba] timing: frame scene=3 tick=4825 clock=21173161 updates=1 update=81 draw=2422 present=785 map=12
[mgba] timing: frame scene=3 tick=4826 clock=21177550 updates=1 update=82 draw=2422 present=785 map=12
[mgba] timing: frame scene=3 tick=4827 clock=21181939 updates=1 update=81 draw=2422 present=785 map=12
[mgba] timing: frame scene=3 tick=4828 clock=21186328 updates=1 update=82 draw=2422 present=785 map=12
[mgba] timing: frame scene=3 tick=4829 clock=21190717 updates=1 update=81 draw=2422 present=785 map=12
[mgba] timing: frame scene=3 tick=4830 clock=21195106 updates=1 update=82 draw=2422 present=785 map=12
[mgba] timing: frame scene=3 tick=4831 clock=21199495 updates=1 update=81 draw=2422 present=785 map=12
[mgba] timing: frame scene=3 tick=4832 clock=21203884 updates=1 update=82 draw=2422 present=785 map=12
[mgba] timing: frame scene=3 tick=4833 clock=21208273 updates=1 update=81 draw=2422 present=785 map=12
[mgba] timing: frame scene=3 tick=4834 clock=21212662 updates=1 update=82 draw=2422 present=785 map=12
[mgba] timing: frame scene=3 tick=4835 clock=21217051 updates=1 update=81 draw=2422 present=785 map=12
[mgba] timing: frame scene=3 tick=4836 clock=21221440 updates=1 update=82 draw=2422 present=785 map=12
[mgba] timing: frame scene=3 tick=4837 clock=21225829 updates=1 update=81 draw=2422 present=785 map=12
[mgba] timing: frame scene=3 tick=4838 clock=21230218 updates=1 update=82 draw=2422 present=785 map=12
[mgba] timing: frame scene=3 tick=4839 clock=21234607 updates=1 update=81 draw=2422 present=786 map=12
[mgba] timing: frame scene=3 tick=4840 clock=21238996 updates=1 update=82 draw=2422 present=785 map=12
[mgba] timing: frame scene=3 tick=4841 clock=21243385 updates=1 update=81 draw=2422 present=786 map=12
[mgba] timing: frame scene=3 tick=4842 clock=21247774 updates=1 update=82 draw=2422 present=785 map=12
[mgba] timing: frame scene=3 tick=4843 clock=21252163 updates=1 update=81 draw=2422 present=786 map=12
[mgba] timing: frame scene=3 tick=4844 clock=21256552 updates=1 update=82 draw=2422 present=785 map=12
[mgba] timing: frame scene=3 tick=4845 clock=21260941 updates=1 update=81 draw=2422 present=786 map=12
[mgba] timing: frame scene=3 tick=4846 clock=21265330 updates=1 update=82 draw=2422 present=785 map=12
[mgba] timing: frame scene=3 tick=4847 clock=21269719 updates=1 update=81 draw=2422 present=786 map=12
[mgba] timing: frame scene=3 tick=4848 clock=21274108 updates=1 update=82 draw=2422 present=785 map=12
[mgba] timing: frame scene=3 tick=4849 clock=21278497 updates=1 update=81 draw=2422 present=786 map=12
[mgba] timing: frame scene=3 tick=4850 clock=21282886 updates=1 update=82 draw=2422 present=785 map=12
[mgba] timing: frame scene=3 tick=4851 clock=21287275 updates=1 update=81 draw=2422 present=786 map=12
[mgba] timing: frame scene=3 tick=4852 clock=21291664 updates=1 update=82 draw=2422 present=785 map=12
[mgba] timing: frame scene=3 tick=4853 clock=21296053 updates=1 update=81 draw=2422 present=786 map=12
[mgba] timing: frame scene=3 tick=4854 clock=21300442 updates=1 update=82 draw=2422 present=785 map=12
[mgba] timing: frame scene=3 tick=4855 clock=21304831 updates=1 update=81 draw=2422 present=785 map=12
[mgba] timing: frame scene=3 tick=4856 clock=21309220 updates=1 update=82 draw=2422 present=785 map=12
[mgba] timing: frame scene=3 tick=4857 clock=21313609 updates=1 update=81 draw=2422 present=785 map=12
[mgba] timing: frame scene=3 tick=4858 clock=21317998 updates=1 update=82 draw=2422 present=785 map=12
[mgba] timing: frame scene=3 tick=4859 clock=21322387 updates=1 update=82 draw=2422 present=785 map=12
[mgba] timing: frame scene=3 tick=4860 clock=21326776 updates=1 update=82 draw=2422 present=785 map=12
[mgba] timing: frame scene=3 tick=4861 clock=21331165 updates=1 update=81 draw=2422 present=785 map=12
[mgba] timing: frame scene=3 tick=4862 clock=21335554 updates=1 update=82 draw=2422 present=785 map=12
[mgba] timing: frame scene=3 tick=4863 clock=21339943 updates=1 update=81 draw=2422 present=785 map=12
[mgba] timing: frame scene=3 tick=4864 clock=21344332 updates=1 update=82 draw=2422 present=785 map=12
[mgba] timing: frame scene=3 tick=4865 clock=21348721 updates=1 update=81 draw=2422 present=785 map=12
[mgba] timing: frame scene=3 tick=4866 clock=21353110 updates=1 update=82 draw=2422 present=785 map=12
[mgba] timing: frame scene=3 tick=4867 clock=21357499 updates=1 update=81 draw=2422 present=785 map=12
[mgba] timing: frame scene=3 tick=4868 clock=21361888 updates=1 update=82 draw=2422 present=785 map=12
[mgba] timing: frame scene=3 tick=4869 clock=21366277 updates=1 update=81 draw=2422 present=785 map=12
[mgba] timing: frame scene=3 tick=4870 clock=21370666 updates=1 update=82 draw=2422 present=785 map=12
[mgba] timing: frame scene=3 tick=4871 clock=21375055 updates=1 update=81 draw=2422 present=786 map=12
[mgba] timing: frame scene=3 tick=4872 clock=21379444 updates=1 update=82 draw=2422 present=785 map=12
[mgba] timing: frame scene=3 tick=4873 clock=21383833 updates=1 update=81 draw=2422 present=786 map=12
[mgba] timing: frame scene=3 tick=4874 clock=21388222 updates=1 update=82 draw=2422 present=785 map=12
[mgba] timing: frame scene=3 tick=4875 clock=21392611 updates=1 update=81 draw=2422 present=786 map=12
[mgba] timing: frame scene=3 tick=4876 clock=21397000 updates=1 update=82 draw=2422 present=785 map=12
[mgba] timing: frame scene=3 tick=4877 clock=21401389 updates=1 update=81 draw=2422 present=786 map=12
[mgba] timing: frame scene=3 tick=4878 clock=21405778 updates=1 update=82 draw=2422 present=785 map=12
[mgba] timing: frame scene=3 tick=4879 clock=21410167 updates=1 update=81 draw=2422 present=786 map=12
[mgba] timing: frame scene=3 tick=4880 clock=21414556 updates=1 update=82 draw=2422 present=785 map=12
[mgba] timing: frame scene=3 tick=4881 clock=21418945 updates=1 update=81 draw=2422 present=786 map=12
[mgba] timing: frame scene=3 tick=4882 clock=21423334 updates=1 update=82 draw=2422 present=785 map=12
[mgba] timing: frame scene=3 tick=4883 clock=21427723 updates=1 update=81 draw=2422 present=786 map=12
[mgba] timing: frame scene=3 tick=4884 clock=21432112 updates=1 update=82 draw=2422 present=785 map=12
[mgba] timing: frame scene=3 tick=4885 clock=21436501 updates=1 update=81 draw=2422 present=786 map=12
[mgba] timing: frame scene=3 tick=4886 clock=21440890 updates=1 update=82 draw=2422 present=785 map=12
[mgba] timing: frame scene=3 tick=4887 clock=21445279 updates=1 update=81 draw=2422 present=785 map=12
[mgba] timing: frame scene=3 tick=4888 clock=21449668 updates=1 update=82 draw=2422 present=785 map=12
[mgba] timing: frame scene=3 tick=4889 clock=21454057 updates=1 update=81 draw=2422 present=785 map=12
[mgba] timing: frame scene=3 tick=4890 clock=21458446 updates=1 update=82 draw=2422 present=785 map=12
[mgba] timing: frame scene=3 tick=4891 clock=21462835 updates=1 update=81 draw=2422 present=785 map=12
[mgba] timing: frame scene=3 tick=4892 clock=21467224 updates=1 update=82 draw=2422 present=785 map=12
[mgba] timing: frame scene=3 tick=4893 clock=21471613 updates=1 update=81 draw=2422 present=785 map=12
[mgba] timing: frame scene=3 tick=4894 clock=21476002 updates=1 update=82 draw=2422 present=785 map=12
[mgba] timing: frame scene=3 tick=4895 clock=21480391 updates=1 update=81 draw=2422 present=785 map=12
[mgba] timing: frame scene=3 tick=4896 clock=21484780 updates=1 update=82 draw=2422 present=785 map=12
[mgba] timing: frame scene=3 tick=4897 clock=21489169 updates=1 update=81 draw=2422 present=785 map=12
[mgba] timing: frame scene=3 tick=4898 clock=21493558 updates=1 update=82 draw=2422 present=785 map=12
[mgba] timing: frame scene=3 tick=4899 clock=21497947 updates=1 update=81 draw=2422 present=785 map=12
[mgba] timing: frame scene=3 tick=4900 clock=21502336 updates=1 update=82 draw=2422 present=785 map=12
[mgba] timing: frame scene=3 tick=4901 clock=21506725 updates=1 update=81 draw=2422 present=785 map=12
[mgba] timing: frame scene=3 tick=4902 clock=21511114 updates=1 update=82 draw=2422 present=785 map=12
[mgba] timing: frame scene=3 tick=4903 clock=21515503 updates=1 update=81 draw=2422 present=786 map=12
[mgba] timing: frame scene=3 tick=4904 clock=21519892 updates=1 update=82 draw=2423 present=785 map=12
[mgba] timing: frame scene=3 tick=4905 clock=21524281 updates=1 update=85 draw=9663 present=785 map=12
[mgba] timing: frame scene=3 tick=4908 clock=21537446 updates=3 update=243 draw=7410 present=785 map=12
[mgba] timing: frame scene=3 tick=4910 clock=21546224 updates=2 update=163 draw=3457 present=798 map=12
[mgba] timing: frame scene=3 tick=4911 clock=21550866 updates=1 update=81 draw=3492 present=798 map=12
[mgba] timing: frame scene=3 tick=4913 clock=21559393 updates=2 update=162 draw=3609 present=798 map=12
[mgba] timing: frame scene=3 tick=4914 clock=21564186 updates=1 update=82 draw=3646 present=799 map=12
[mgba] timing: frame scene=3 tick=4916 clock=21572560 updates=2 update=162 draw=3718 present=798 map=12
[mgba] timing: frame scene=3 tick=4917 clock=21577462 updates=1 update=81 draw=3809 present=785 map=12
[mgba] timing: frame scene=3 tick=4919 clock=21585727 updates=2 update=163 draw=3867 present=798 map=12
[mgba] timing: frame scene=3 tick=4920 clock=21590779 updates=1 update=83 draw=3913 present=786 map=12
[mgba] timing: frame scene=3 tick=4922 clock=21598894 updates=2 update=162 draw=4007 present=798 map=12
[mgba] timing: frame scene=3 tick=4923 clock=21604085 updates=1 update=81 draw=4050 present=786 map=12
[mgba] timing: frame scene=3 tick=4925 clock=21612061 updates=2 update=162 draw=4069 present=798 map=12
[mgba] timing: frame scene=3 tick=4926 clock=21617314 updates=1 update=82 draw=4082 present=785 map=12
[mgba] timing: frame scene=3 tick=4928 clock=21625228 updates=2 update=162 draw=4069 present=799 map=12
[mgba] timing: frame scene=3 tick=4929 clock=21630481 updates=1 update=82 draw=4081 present=785 map=12
[mgba] timing: frame scene=3 tick=4931 clock=21638395 updates=2 update=162 draw=4069 present=798 map=12
[mgba] timing: frame scene=3 tick=4932 clock=21643648 updates=1 update=82 draw=4082 present=785 map=12
[mgba] timing: frame scene=3 tick=4934 clock=21651562 updates=2 update=162 draw=4069 present=799 map=12
[mgba] timing: frame scene=3 tick=4935 clock=21656815 updates=1 update=82 draw=4081 present=786 map=12
[mgba] timing: frame scene=3 tick=4937 clock=21664729 updates=2 update=162 draw=4069 present=798 map=12
[mgba] timing: frame scene=3 tick=4938 clock=21669982 updates=1 update=82 draw=4082 present=785 map=12
[mgba] timing: frame scene=3 tick=4940 clock=21677896 updates=2 update=162 draw=4069 present=799 map=12
[mgba] timing: frame scene=3 tick=4941 clock=21683149 updates=1 update=82 draw=4081 present=785 map=12
[mgba] timing: frame scene=3 tick=4943 clock=21691063 updates=2 update=162 draw=4069 present=798 map=12
[mgba] timing: frame scene=3 tick=4944 clock=21696316 updates=1 update=82 draw=4082 present=785 map=12
[mgba] timing: frame scene=3 tick=4946 clock=21704230 updates=2 update=162 draw=4069 present=799 map=12
[mgba] timing: frame scene=3 tick=4947 clock=21709483 updates=1 update=82 draw=4081 present=785 map=12
[mgba] timing: frame scene=3 tick=4949 clock=21717397 updates=2 update=162 draw=4069 present=798 map=12
[mgba] timing: frame scene=3 tick=4950 clock=21722650 updates=1 update=82 draw=4082 present=785 map=12
[mgba] timing: frame scene=3 tick=4952 clock=21730564 updates=2 update=162 draw=4069 present=799 map=12
[mgba] timing: frame scene=3 tick=4953 clock=21735817 updates=1 update=82 draw=4081 present=785 map=12
[mgba] timing: frame scene=3 tick=4955 clock=21743731 updates=2 update=162 draw=4069 present=798 map=12
[mgba] timing: frame scene=3 tick=4956 clock=21748984 updates=1 update=82 draw=4082 present=785 map=12
[mgba] timing: frame scene=3 tick=4958 clock=21756898 updates=2 update=162 draw=4069 present=799 map=12
[mgba] timing: frame scene=3 tick=4959 clock=21762151 updates=1 update=82 draw=4081 present=785 map=12
[mgba] timing: frame scene=3 tick=4961 clock=21770065 updates=2 update=162 draw=4069 present=798 map=12
[mgba] timing: frame scene=3 tick=4962 clock=21775317 updates=1 update=83 draw=4082 present=785 map=12
[mgba] timing: frame scene=3 tick=4964 clock=21783232 updates=2 update=162 draw=4069 present=799 map=12
[mgba] timing: frame scene=3 tick=4965 clock=21788485 updates=1 update=82 draw=4081 present=785 map=12
[mgba] timing: frame scene=3 tick=4967 clock=21796399 updates=2 update=162 draw=4069 present=798 map=12
[mgba] timing: frame scene=3 tick=4968 clock=21801651 updates=1 update=83 draw=4082 present=785 map=12
[mgba] timing: frame scene=3 tick=4970 clock=21809566 updates=2 update=162 draw=4069 present=799 map=12
[mgba] timing: frame scene=3 tick=4971 clock=21814819 updates=1 update=82 draw=4081 present=785 map=12
[mgba] timing: frame scene=3 tick=4973 clock=21822733 updates=2 update=162 draw=4068 present=798 map=12
[mgba] timing: frame scene=3 tick=4974 clock=21827985 updates=1 update=82 draw=4082 present=786 map=12
[mgba] timing: frame scene=3 tick=4976 clock=21835900 updates=2 update=162 draw=4069 present=798 map=12
[mgba] timing: frame scene=3 tick=4977 clock=21841153 updates=1 update=82 draw=4068 present=785 map=12
[mgba] timing: frame scene=3 tick=4979 clock=21849067 updates=2 update=167 draw=5337 present=785 map=12
[mgba] timing: frame scene=3 tick=4981 clock=21857843 updates=2 update=162 draw=5337 present=786 map=12
[mgba] timing: frame scene=3 tick=4983 clock=21866622 updates=2 update=161 draw=5337 present=786 map=12
[mgba] timing: frame scene=3 tick=4985 clock=21875399 updates=2 update=162 draw=5337 present=785 map=12
[mgba] timing: frame scene=3 tick=4987 clock=21884177 updates=2 update=162 draw=5337 present=786 map=12
[mgba] timing: frame scene=3 tick=4989 clock=21892955 updates=2 update=162 draw=5337 present=786 map=12
[mgba] timing: frame scene=3 tick=4991 clock=21901734 updates=2 update=161 draw=5337 present=786 map=12
[mgba] timing: frame scene=3 tick=4993 clock=21910511 updates=2 update=162 draw=5337 present=786 map=12
[mgba] timing: frame scene=3 tick=4995 clock=21919289 updates=2 update=162 draw=5337 present=786 map=12
[mgba] timing: frame scene=3 tick=4997 clock=21928067 updates=2 update=162 draw=5337 present=786 map=12
[mgba] timing: frame scene=3 tick=4999 clock=21936845 updates=2 update=162 draw=5337 present=785 map=12
[mgba] timing: frame scene=3 tick=5001 clock=21945623 updates=2 update=222 draw=9457 present=785 map=12
[mgba] timing: frame scene=3 tick=5004 clock=21958790 updates=3 update=264 draw=9457 present=785 map=12
[mgba] timing: frame scene=3 tick=5007 clock=21971957 updates=3 update=264 draw=9457 present=785 map=12
[mgba] timing: frame scene=3 tick=5010 clock=21985124 updates=3 update=493 draw=9457 present=785 map=12
[mgba] timing: frame scene=3 tick=5013 clock=21998291 updates=3 update=389 draw=15816 present=785 map=12
[mgba] timing: frame scene=3 tick=5017 clock=22015847 updates=4 update=770 draw=14905 present=786 map=12
[mgba] timing: frame scene=3 tick=5021 clock=22033403 updates=4 update=785 draw=14905 present=785 map=12
[mgba] timing: frame scene=3 tick=5025 clock=22050960 updates=4 update=747 draw=14905 present=786 map=12
[mgba] timing: frame scene=3 tick=5029 clock=22068515 updates=4 update=518 draw=13304 present=785 map=12
[mgba] timing: frame scene=3 tick=5033 clock=22086071 updates=4 update=709 draw=13304 present=785 map=12
[mgba] timing: frame scene=3 tick=5037 clock=22103627 updates=4 update=1681 draw=21708 present=786 map=12
[mgba] timing: frame scene=3 tick=5043 clock=22129962 updates=6 update=790 draw=16830 present=785 map=12
[mgba] timing: frame scene=3 tick=5047 clock=22148593 updates=4 update=426 draw=12792 present=785 map=12
[mgba] timing: frame scene=3 tick=5051 clock=22165073 updates=4 update=425 draw=199 present=778 map=12
[mgba] timing: frame scene=3 tick=5052 clock=22169462 updates=1 update=109 draw=200 present=2 map=12
[mgba] timing: frame scene=3 tick=5053 clock=22173851 updates=1 update=106 draw=200 present=2 map=12
[mgba] timing: frame scene=3 tick=5054 clock=22178240 updates=1 update=109 draw=200 present=2 map=12
[mgba] timing: frame scene=3 tick=5055 clock=22182629 updates=1 update=106 draw=200 present=2 map=12
[mgba] timing: frame scene=3 tick=5056 clock=22187018 updates=1 update=109 draw=200 present=2 map=12
[mgba] timing: frame scene=3 tick=5057 clock=22191407 updates=1 update=106 draw=200 present=2 map=12
[mgba] timing: frame scene=3 tick=5058 clock=22195796 updates=1 update=109 draw=200 present=2 map=12
[mgba] timing: frame scene=3 tick=5059 clock=22200185 updates=1 update=106 draw=200 present=2 map=12
[mgba] timing: frame scene=3 tick=5060 clock=22204574 updates=1 update=109 draw=200 present=2 map=12
[mgba] timing: frame scene=3 tick=5061 clock=22208963 updates=1 update=106 draw=200 present=2 map=12
[mgba] timing: frame scene=3 tick=5062 clock=22213352 updates=1 update=109 draw=200 present=2 map=12
[mgba] timing: frame scene=3 tick=5063 clock=22217741 updates=1 update=106 draw=200 present=2 map=12
[mgba] timing: frame scene=3 tick=5064 clock=22222130 updates=1 update=109 draw=200 present=2 map=12
[mgba] timing: frame scene=3 tick=5065 clock=22226519 updates=1 update=106 draw=200 present=2 map=12
[mgba] timing: frame scene=3 tick=5066 clock=22230908 updates=1 update=109 draw=200 present=2 map=12
[mgba] timing: frame scene=3 tick=5067 clock=22235297 updates=1 update=106 draw=200 present=2 map=12
[mgba] timing: frame scene=3 tick=5068 clock=22239686 updates=1 update=109 draw=200 present=2 map=12
[mgba] timing: frame scene=3 tick=5069 clock=22244075 updates=1 update=106 draw=200 present=2 map=12
[mgba] timing: frame scene=3 tick=5070 clock=22248464 updates=1 update=109 draw=200 present=2 map=12
[mgba] timing: frame scene=3 tick=5071 clock=22252853 updates=1 update=106 draw=200 present=2 map=12
[mgba] timing: frame scene=3 tick=5072 clock=22257242 updates=1 update=109 draw=200 present=2 map=12
[mgba] timing: frame scene=3 tick=5073 clock=22261631 updates=1 update=106 draw=200 present=2 map=12
[mgba] timing: frame scene=3 tick=5074 clock=22266020 updates=1 update=109 draw=200 present=2 map=12
[mgba] timing: frame scene=3 tick=5075 clock=22270409 updates=1 update=106 draw=200 present=2 map=12
[mgba] timing: frame scene=3 tick=5076 clock=22274798 updates=1 update=109 draw=200 present=2 map=12
[mgba] timing: frame scene=3 tick=5077 clock=22279187 updates=1 update=106 draw=200 present=2 map=12
[mgba] timing: frame scene=3 tick=5078 clock=22283576 updates=1 update=109 draw=200 present=2 map=12
[mgba] timing: frame scene=3 tick=5079 clock=22287965 updates=1 update=106 draw=200 present=2 map=12
[mgba] timing: frame scene=3 tick=5080 clock=22292354 updates=1 update=109 draw=200 present=2 map=12
[mgba] timing: frame scene=3 tick=5081 clock=22296743 updates=1 update=106 draw=200 present=2 map=12
[mgba] timing: frame scene=3 tick=5082 clock=22301132 updates=1 update=109 draw=200 present=2 map=12
[mgba] timing: frame scene=3 tick=5083 clock=22305521 updates=1 update=106 draw=200 present=2 map=12
[mgba] timing: frame scene=3 tick=5084 clock=22309910 updates=1 update=109 draw=200 present=2 map=12
[mgba] timing: frame scene=3 tick=5085 clock=22314299 updates=1 update=106 draw=200 present=2 map=12
[mgba] timing: frame scene=3 tick=5086 clock=22318688 updates=1 update=109 draw=200 present=2 map=12
[mgba] timing: frame scene=3 tick=5087 clock=22323077 updates=1 update=106 draw=200 present=2 map=12
[mgba] timing: frame scene=3 tick=5088 clock=22327466 updates=1 update=109 draw=200 present=2 map=12
[mgba] timing: frame scene=3 tick=5089 clock=22331855 updates=1 update=106 draw=200 present=2 map=12
[mgba] timing: frame scene=3 tick=5090 clock=22336244 updates=1 update=109 draw=200 present=2 map=12
[mgba] timing: frame scene=3 tick=5091 clock=22340633 updates=1 update=106 draw=200 present=2 map=12
[mgba] timing: frame scene=3 tick=5092 clock=22345022 updates=1 update=109 draw=200 present=2 map=12
[mgba] timing: frame scene=3 tick=5093 clock=22349411 updates=1 update=106 draw=200 present=2 map=12
[mgba] timing: frame scene=3 tick=5094 clock=22353800 updates=1 update=109 draw=200 present=2 map=12
[mgba] timing: frame scene=3 tick=5095 clock=22358189 updates=1 update=106 draw=200 present=2 map=12
[mgba] timing: frame scene=3 tick=5096 clock=22362578 updates=1 update=109 draw=200 present=2 map=12
[mgba] timing: frame scene=3 tick=5097 clock=22366967 updates=1 update=106 draw=200 present=2 map=12
[mgba] timing: frame scene=3 tick=5098 clock=22371356 updates=1 update=109 draw=200 present=2 map=12
[mgba] timing: frame scene=3 tick=5099 clock=22375745 updates=1 update=107 draw=200 present=2 map=12
[mgba] timing: frame scene=3 tick=5100 clock=22380134 updates=1 update=109 draw=200 present=2 map=12
[mgba] timing: frame scene=3 tick=5101 clock=22384523 updates=1 update=106 draw=200 present=2 map=12
[mgba] timing: frame scene=3 tick=5102 clock=22388912 updates=1 update=109 draw=200 present=2 map=12
[mgba] timing: frame scene=3 tick=5103 clock=22393301 updates=1 update=106 draw=200 present=2 map=12
[mgba] timing: frame scene=3 tick=5104 clock=22397690 updates=1 update=109 draw=200 present=2 map=12
[mgba] timing: frame scene=3 tick=5105 clock=22402079 updates=1 update=106 draw=200 present=2 map=12
[mgba] timing: frame scene=3 tick=5106 clock=22406468 updates=1 update=109 draw=200 present=2 map=12
[mgba] timing: frame scene=3 tick=5107 clock=22410857 updates=1 update=106 draw=200 present=2 map=12
[mgba] timing: frame scene=3 tick=5108 clock=22415246 updates=1 update=109 draw=200 present=2 map=12
[mgba] timing: frame scene=3 tick=5109 clock=22419635 updates=1 update=106 draw=200 present=2 map=12
[mgba] timing: frame scene=3 tick=5110 clock=22424024 updates=1 update=109 draw=200 present=2 map=12
[mgba] timing: frame scene=3 tick=5111 clock=22428413 updates=1 update=106 draw=200 present=2 map=12
[mgba] timing: frame scene=3 tick=5112 clock=22432802 updates=1 update=109 draw=200 present=2 map=12
[mgba] timing: frame scene=3 tick=5113 clock=22437191 updates=1 update=106 draw=200 present=2 map=12
[mgba] timing: frame scene=3 tick=5114 clock=22441580 updates=1 update=109 draw=200 present=2 map=12
[mgba] timing: frame scene=3 tick=5115 clock=22445969 updates=1 update=106 draw=200 present=2 map=12
[mgba] timing: frame scene=3 tick=5116 clock=22450358 updates=1 update=109 draw=200 present=2 map=12
[mgba] timing: frame scene=3 tick=5117 clock=22454747 updates=1 update=106 draw=200 present=2 map=12
[mgba] timing: frame scene=3 tick=5118 clock=22459136 updates=1 update=109 draw=200 present=2 map=12
[mgba] timing: frame scene=3 tick=5119 clock=22463525 updates=1 update=106 draw=200 present=2 map=12
[mgba] timing: frame scene=3 tick=5120 clock=22467914 updates=1 update=109 draw=200 present=2 map=12
[mgba] timing: frame scene=3 tick=5121 clock=22472303 updates=1 update=106 draw=200 present=2 map=12
[mgba] timing: frame scene=3 tick=5122 clock=22476692 updates=1 update=109 draw=200 present=2 map=12
[mgba] timing: frame scene=3 tick=5123 clock=22481081 updates=1 update=106 draw=200 present=2 map=12
[mgba] timing: frame scene=3 tick=5124 clock=22485470 updates=1 update=109 draw=200 present=2 map=12
[mgba] timing: frame scene=3 tick=5125 clock=22489859 updates=1 update=106 draw=200 present=2 map=12
[mgba] timing: frame scene=3 tick=5126 clock=22494248 updates=1 update=109 draw=200 present=2 map=12
[mgba] timing: frame scene=3 tick=5127 clock=22498637 updates=1 update=106 draw=200 present=2 map=12
[mgba] timing: frame scene=3 tick=5128 clock=22503026 updates=1 update=109 draw=200 present=2 map=12
[mgba] timing: frame scene=3 tick=5129 clock=22507415 updates=1 update=106 draw=200 present=2 map=12
[mgba] timing: frame scene=3 tick=5130 clock=22511804 updates=1 update=109 draw=200 present=2 map=12
[mgba] timing: frame scene=3 tick=5131 clock=22516193 updates=1 update=106 draw=200 present=2 map=12
[mgba] timing: frame scene=3 tick=5132 clock=22520582 updates=1 update=109 draw=200 present=2 map=12
[mgba] timing: frame scene=3 tick=5133 clock=22524971 updates=1 update=106 draw=200 present=2 map=12
[mgba] timing: frame scene=3 tick=5134 clock=22529360 updates=1 update=109 draw=200 present=2 map=12
[mgba] timing: frame scene=3 tick=5135 clock=22533749 updates=1 update=106 draw=200 present=2 map=12
[mgba] timing: frame scene=3 tick=5136 clock=22538138 updates=1 update=109 draw=200 present=2 map=12
[mgba] timing: frame scene=3 tick=5137 clock=22542527 updates=1 update=106 draw=200 present=2 map=12
[mgba] timing: frame scene=3 tick=5138 clock=22546916 updates=1 update=109 draw=200 present=2 map=12
[mgba] timing: frame scene=3 tick=5139 clock=22551305 updates=1 update=106 draw=200 present=2 map=12
[mgba] timing: frame scene=3 tick=5140 clock=22555694 updates=1 update=109 draw=200 present=2 map=12
[mgba] timing: frame scene=3 tick=5141 clock=22560083 updates=1 update=106 draw=200 present=2 map=12
[mgba] timing: frame scene=3 tick=5142 clock=22564472 updates=1 update=109 draw=200 present=2 map=12
[mgba] timing: frame scene=3 tick=5143 clock=22568861 updates=1 update=106 draw=200 present=2 map=12
[mgba] timing: frame scene=3 tick=5144 clock=22573250 updates=1 update=109 draw=200 present=2 map=12
[mgba] timing: frame scene=3 tick=5145 clock=22577639 updates=1 update=106 draw=200 present=2 map=12
[mgba] timing: frame scene=3 tick=5146 clock=22582028 updates=1 update=109 draw=200 present=2 map=12
[mgba] timing: frame scene=3 tick=5147 clock=22586417 updates=1 update=106 draw=200 present=2 map=12
[mgba] timing: frame scene=3 tick=5148 clock=22590806 updates=1 update=109 draw=200 present=2 map=12
[mgba] timing: frame scene=3 tick=5149 clock=22595195 updates=1 update=106 draw=200 present=2 map=12
[mgba] timing: frame scene=3 tick=5150 clock=22599584 updates=1 update=109 draw=200 present=2 map=12
[mgba] timing: frame scene=3 tick=5151 clock=22603973 updates=1 update=106 draw=200 present=2 map=12
[mgba] timing: frame scene=3 tick=5152 clock=22608362 updates=1 update=109 draw=200 present=2 map=12
[mgba] timing: frame scene=3 tick=5153 clock=22612751 updates=1 update=106 draw=200 present=2 map=12
[mgba] timing: frame scene=3 tick=5154 clock=22617140 updates=1 update=109 draw=200 present=2 map=12
[mgba] timing: frame scene=3 tick=5155 clock=22621529 updates=1 update=106 draw=200 present=2 map=12
[mgba] timing: frame scene=3 tick=5156 clock=22625918 updates=1 update=109 draw=200 present=2 map=12
[mgba] timing: frame scene=3 tick=5157 clock=22630307 updates=1 update=106 draw=200 present=2 map=12
[mgba] timing: frame scene=3 tick=5158 clock=22634696 updates=1 update=109 draw=200 present=2 map=12
[mgba] timing: frame scene=3 tick=5159 clock=22639085 updates=1 update=107 draw=200 present=2 map=12
[mgba] timing: frame scene=3 tick=5160 clock=22643474 updates=1 update=109 draw=200 present=2 map=12
[mgba] timing: frame scene=3 tick=5161 clock=22647863 updates=1 update=106 draw=200 present=2 map=12
[mgba] timing: frame scene=3 tick=5162 clock=22652252 updates=1 update=109 draw=200 present=2 map=12
[mgba] timing: frame scene=3 tick=5163 clock=22656641 updates=1 update=106 draw=200 present=2 map=12
[mgba] timing: frame scene=3 tick=5164 clock=22661030 updates=1 update=109 draw=200 present=2 map=12
[mgba] timing: frame scene=3 tick=5165 clock=22665419 updates=1 update=106 draw=200 present=2 map=12
[mgba] timing: frame scene=3 tick=5166 clock=22669808 updates=1 update=109 draw=200 present=2 map=12
[mgba] timing: frame scene=3 tick=5167 clock=22674197 updates=1 update=106 draw=200 present=2 map=12
[mgba] timing: frame scene=3 tick=5168 clock=22678586 updates=1 update=109 draw=200 present=2 map=12
[mgba] timing: frame scene=3 tick=5169 clock=22682975 updates=1 update=106 draw=200 present=2 map=12
[mgba] timing: frame scene=3 tick=5170 clock=22687364 updates=1 update=109 draw=200 present=2 map=12
[mgba] timing: frame scene=3 tick=5171 clock=22691753 updates=1 update=106 draw=200 present=2 map=12
[mgba] timing: frame scene=3 tick=5172 clock=22696142 updates=1 update=109 draw=200 present=2 map=12
[mgba] timing: frame scene=3 tick=5173 clock=22700531 updates=1 update=106 draw=200 present=2 map=12
[mgba] timing: frame scene=3 tick=5174 clock=22704920 updates=1 update=109 draw=200 present=2 map=12
[mgba] timing: frame scene=3 tick=5175 clock=22709309 updates=1 update=106 draw=200 present=2 map=12
[mgba] timing: frame scene=3 tick=5176 clock=22713698 updates=1 update=109 draw=200 present=2 map=12
[mgba] timing: frame scene=3 tick=5177 clock=22718087 updates=1 update=106 draw=200 present=2 map=12
[mgba] timing: frame scene=3 tick=5178 clock=22722476 updates=1 update=109 draw=200 present=2 map=12
[mgba] timing: frame scene=3 tick=5179 clock=22726865 updates=1 update=106 draw=200 present=2 map=12
[mgba] timing: frame scene=3 tick=5180 clock=22731254 updates=1 update=109 draw=200 present=2 map=12
[mgba] timing: frame scene=3 tick=5181 clock=22735643 updates=1 update=106 draw=200 present=2 map=12
[mgba] timing: frame scene=3 tick=5182 clock=22740032 updates=1 update=109 draw=200 present=2 map=12
[mgba] timing: frame scene=3 tick=5183 clock=22744421 updates=1 update=106 draw=200 present=2 map=12
[mgba] timing: frame scene=3 tick=5184 clock=22748810 updates=1 update=109 draw=200 present=2 map=12
[mgba] timing: frame scene=3 tick=5185 clock=22753199 updates=1 update=106 draw=200 present=2 map=12
[mgba] timing: frame scene=3 tick=5186 clock=22757588 updates=1 update=109 draw=200 present=2 map=12
[mgba] timing: frame scene=3 tick=5187 clock=22761977 updates=1 update=106 draw=200 present=2 map=12
[mgba] timing: frame scene=3 tick=5188 clock=22766366 updates=1 update=109 draw=200 present=2 map=12
[mgba] timing: frame scene=3 tick=5189 clock=22770755 updates=1 update=106 draw=200 present=2 map=12
[mgba] timing: frame scene=3 tick=5190 clock=22775144 updates=1 update=109 draw=200 present=2 map=12
[mgba] timing: frame scene=3 tick=5191 clock=22779533 updates=1 update=106 draw=200 present=2 map=12
[mgba] timing: frame scene=3 tick=5192 clock=22783922 updates=1 update=109 draw=200 present=2 map=12
[mgba] timing: frame scene=3 tick=5193 clock=22788311 updates=1 update=106 draw=200 present=2 map=12
[mgba] timing: frame scene=3 tick=5194 clock=22792700 updates=1 update=109 draw=200 present=2 map=12
[mgba] timing: frame scene=3 tick=5195 clock=22797089 updates=1 update=106 draw=200 present=2 map=12
[mgba] timing: frame scene=3 tick=5196 clock=22801478 updates=1 update=109 draw=200 present=2 map=12
[mgba] timing: frame scene=3 tick=5197 clock=22805867 updates=1 update=106 draw=200 present=2 map=12
[mgba] timing: frame scene=3 tick=5198 clock=22810256 updates=1 update=109 draw=200 present=2 map=12
[mgba] timing: frame scene=3 tick=5199 clock=22814645 updates=1 update=106 draw=200 present=2 map=12
[mgba] timing: frame scene=3 tick=5200 clock=22819034 updates=1 update=109 draw=200 present=2 map=12
[mgba] timing: frame scene=3 tick=5201 clock=22823423 updates=1 update=106 draw=200 present=2 map=12
[mgba] timing: frame scene=3 tick=5202 clock=22827812 updates=1 update=109 draw=200 present=2 map=12
[mgba] timing: frame scene=3 tick=5203 clock=22832201 updates=1 update=106 draw=200 present=2 map=12
[mgba] timing: frame scene=3 tick=5204 clock=22836590 updates=1 update=109 draw=200 present=2 map=12
[mgba] timing: frame scene=3 tick=5205 clock=22840979 updates=1 update=106 draw=200 present=2 map=12
[mgba] timing: frame scene=3 tick=5206 clock=22845368 updates=1 update=109 draw=200 present=2 map=12
[mgba] timing: frame scene=3 tick=5207 clock=22849757 updates=1 update=106 draw=200 present=2 map=12
[mgba] timing: frame scene=3 tick=5208 clock=22854146 updates=1 update=109 draw=200 present=2 map=12
[mgba] timing: frame scene=3 tick=5209 clock=22858535 updates=1 update=106 draw=200 present=2 map=12
[mgba] timing: frame scene=3 tick=5210 clock=22862924 updates=1 update=109 draw=200 present=2 map=12
[mgba] timing: frame scene=3 tick=5211 clock=22867313 updates=1 update=106 draw=200 present=2 map=12
[mgba] timing: frame scene=3 tick=5212 clock=22871702 updates=1 update=109 draw=200 present=2 map=12
[mgba] timing: frame scene=3 tick=5213 clock=22876091 updates=1 update=106 draw=200 present=2 map=12
[mgba] timing: frame scene=3 tick=5214 clock=22880480 updates=1 update=109 draw=200 present=2 map=12
[mgba] timing: frame scene=3 tick=5215 clock=22884869 updates=1 update=106 draw=200 present=2 map=12
[mgba] timing: frame scene=3 tick=5216 clock=22889258 updates=1 update=109 draw=200 present=2 map=12
[mgba] timing: frame scene=3 tick=5217 clock=22893647 updates=1 update=106 draw=200 present=2 map=12
[mgba] timing: frame scene=3 tick=5218 clock=22898036 updates=1 update=109 draw=200 present=2 map=12
[mgba] timing: frame scene=3 tick=5219 clock=22902425 updates=1 update=107 draw=200 present=2 map=12
[mgba] timing: frame scene=3 tick=5220 clock=22906814 updates=1 update=109 draw=200 present=2 map=12
[mgba] timing: frame scene=3 tick=5221 clock=22911203 updates=1 update=106 draw=200 present=2 map=12
[mgba] timing: frame scene=3 tick=5222 clock=22915592 updates=1 update=109 draw=200 present=2 map=12
[mgba] timing: frame scene=3 tick=5223 clock=22919981 updates=1 update=106 draw=200 present=2 map=12
[mgba] timing: frame scene=3 tick=5224 clock=22924370 updates=1 update=109 draw=200 present=2 map=12
[mgba] timing: frame scene=3 tick=5225 clock=22928759 updates=1 update=106 draw=200 present=2 map=12
[mgba] timing: frame scene=3 tick=5226 clock=22933148 updates=1 update=109 draw=200 present=2 map=12
[mgba] timing: frame scene=3 tick=5227 clock=22937537 updates=1 update=106 draw=200 present=2 map=12
[mgba] timing: frame scene=3 tick=5228 clock=22941926 updates=1 update=109 draw=200 present=2 map=12
[mgba] timing: frame scene=3 tick=5229 clock=22946315 updates=1 update=106 draw=200 present=2 map=12
[mgba] timing: frame scene=3 tick=5230 clock=22950704 updates=1 update=109 draw=200 present=2 map=12
[mgba] timing: frame scene=3 tick=5231 clock=22955093 updates=1 update=106 draw=200 present=2 map=12
[mgba] timing: frame scene=3 tick=5232 clock=22959482 updates=1 update=109 draw=200 present=2 map=12
[mgba] timing: frame scene=3 tick=5233 clock=22963871 updates=1 update=106 draw=200 present=2 map=12
[mgba] timing: frame scene=3 tick=5234 clock=22968260 updates=1 update=109 draw=200 present=2 map=12
[mgba] timing: frame scene=3 tick=5235 clock=22972649 updates=1 update=106 draw=200 present=2 map=12
[mgba] timing: frame scene=3 tick=5236 clock=22977038 updates=1 update=109 draw=200 present=2 map=12
[mgba] timing: frame scene=3 tick=5237 clock=22981427 updates=1 update=106 draw=200 present=2 map=12
[mgba] timing: frame scene=3 tick=5238 clock=22985816 updates=1 update=109 draw=200 present=2 map=12
[mgba] timing: frame scene=3 tick=5239 clock=22990205 updates=1 update=106 draw=200 present=2 map=12
[mgba] timing: frame scene=3 tick=5240 clock=22994594 updates=1 update=109 draw=200 present=2 map=12
[mgba] timing: frame scene=3 tick=5241 clock=22998983 updates=1 update=106 draw=200 present=2 map=12
[mgba] timing: frame scene=3 tick=5242 clock=23003372 updates=1 update=109 draw=200 present=2 map=12
[mgba] timing: frame scene=3 tick=5243 clock=23007761 updates=1 update=106 draw=200 present=2 map=12
[mgba] timing: frame scene=3 tick=5244 clock=23012150 updates=1 update=109 draw=200 present=2 map=12
[mgba] timing: frame scene=3 tick=5245 clock=23016539 updates=1 update=106 draw=200 present=2 map=12
[mgba] timing: frame scene=3 tick=5246 clock=23020928 updates=1 update=109 draw=200 present=2 map=12
[mgba] timing: frame scene=3 tick=5247 clock=23025317 updates=1 update=106 draw=200 present=2 map=12
[mgba] timing: frame scene=3 tick=5248 clock=23029706 updates=1 update=109 draw=200 present=2 map=12
[mgba] timing: frame scene=3 tick=5249 clock=23034095 updates=1 update=106 draw=200 present=2 map=12
[mgba] timing: frame scene=3 tick=5250 clock=23038484 updates=1 update=109 draw=200 present=2 map=12
[mgba] timing: frame scene=3 tick=5251 clock=23042873 updates=1 update=106 draw=200 present=2 map=12
[mgba] timing: frame scene=3 tick=5252 clock=23047262 updates=1 update=109 draw=200 present=2 map=12
[mgba] timing: frame scene=3 tick=5253 clock=23051651 updates=1 update=106 draw=200 present=2 map=12
[mgba] timing: frame scene=3 tick=5254 clock=23056040 updates=1 update=109 draw=200 present=2 map=12
[mgba] timing: frame scene=3 tick=5255 clock=23060429 updates=1 update=106 draw=200 present=2 map=12
[mgba] timing: frame scene=3 tick=5256 clock=23064818 updates=1 update=109 draw=200 present=2 map=12
[mgba] timing: frame scene=3 tick=5257 clock=23069207 updates=1 update=106 draw=200 present=2 map=12
[mgba] timing: frame scene=3 tick=5258 clock=23073596 updates=1 update=109 draw=200 present=2 map=12
[mgba] timing: frame scene=3 tick=5259 clock=23077985 updates=1 update=106 draw=200 present=2 map=12
[mgba] timing: frame scene=3 tick=5260 clock=23082374 updates=1 update=109 draw=200 present=2 map=12
[mgba] timing: frame scene=3 tick=5261 clock=23086763 updates=1 update=106 draw=200 present=2 map=12
[mgba] timing: frame scene=3 tick=5262 clock=23091152 updates=1 update=109 draw=200 present=2 map=12
[mgba] timing: frame scene=3 tick=5263 clock=23095541 updates=1 update=106 draw=200 present=2 map=12
[mgba] timing: frame scene=3 tick=5264 clock=23099930 updates=1 update=109 draw=200 present=2 map=12
[mgba] timing: frame scene=3 tick=5265 clock=23104319 updates=1 update=106 draw=200 present=2 map=12
[mgba] timing: frame scene=3 tick=5266 clock=23108708 updates=1 update=109 draw=200 present=2 map=12
[mgba] timing: frame scene=3 tick=5267 clock=23113097 updates=1 update=106 draw=200 present=2 map=12
[mgba] timing: frame scene=3 tick=5268 clock=23117486 updates=1 update=109 draw=200 present=2 map=12
[mgba] timing: frame scene=3 tick=5269 clock=23121875 updates=1 update=106 draw=200 present=2 map=12
[mgba] timing: frame scene=3 tick=5270 clock=23126264 updates=1 update=109 draw=200 present=2 map=12
[mgba] timing: frame scene=3 tick=5271 clock=23130653 updates=1 update=106 draw=200 present=2 map=12
[mgba] timing: frame scene=3 tick=5272 clock=23135042 updates=1 update=109 draw=200 present=2 map=12
[mgba] timing: frame scene=3 tick=5273 clock=23139431 updates=1 update=106 draw=200 present=2 map=12
[mgba] timing: frame scene=3 tick=5274 clock=23143820 updates=1 update=109 draw=200 present=2 map=12
[mgba] timing: frame scene=3 tick=5275 clock=23148209 updates=1 update=106 draw=200 present=2 map=12
[mgba] timing: frame scene=3 tick=5276 clock=23152598 updates=1 update=109 draw=200 present=2 map=12
[mgba] timing: frame scene=3 tick=5277 clock=23156987 updates=1 update=106 draw=200 present=2 map=12
[mgba] timing: frame scene=3 tick=5278 clock=23161376 updates=1 update=109 draw=200 present=2 map=12
[mgba] timing: frame scene=3 tick=5279 clock=23165765 updates=1 update=107 draw=200 present=2 map=12
[mgba] timing: frame scene=3 tick=5280 clock=23170154 updates=1 update=109 draw=200 present=2 map=12
[mgba] timing: frame scene=3 tick=5281 clock=23174543 updates=1 update=106 draw=200 present=2 map=12
[mgba] timing: frame scene=3 tick=5282 clock=23178932 updates=1 update=109 draw=200 present=2 map=12
[mgba] timing: frame scene=3 tick=5283 clock=23183321 updates=1 update=106 draw=200 present=2 map=12
[mgba] timing: frame scene=3 tick=5284 clock=23187710 updates=1 update=109 draw=200 present=2 map=12
[mgba] timing: frame scene=3 tick=5285 clock=23192099 updates=1 update=106 draw=200 present=2 map=12
[mgba] timing: frame scene=3 tick=5286 clock=23196488 updates=1 update=109 draw=200 present=2 map=12
[mgba] timing: frame scene=3 tick=5287 clock=23200877 updates=1 update=106 draw=200 present=2 map=12
[mgba] timing: frame scene=3 tick=5288 clock=23205266 updates=1 update=109 draw=200 present=2 map=12
[mgba] timing: frame scene=3 tick=5289 clock=23209655 updates=1 update=106 draw=200 present=2 map=12
[mgba] timing: frame scene=3 tick=5290 clock=23214044 updates=1 update=109 draw=200 present=2 map=12
[mgba] timing: frame scene=3 tick=5291 clock=23218433 updates=1 update=106 draw=200 present=2 map=12
[mgba] timing: frame scene=3 tick=5292 clock=23222822 updates=1 update=109 draw=200 present=2 map=12
[mgba] timing: frame scene=3 tick=5293 clock=23227211 updates=1 update=106 draw=200 present=2 map=12
[mgba] timing: frame scene=3 tick=5294 clock=23231600 updates=1 update=109 draw=200 present=2 map=12
[mgba] timing: frame scene=3 tick=5295 clock=23235989 updates=1 update=106 draw=200 present=2 map=12
[mgba] timing: frame scene=3 tick=5296 clock=23240378 updates=1 update=109 draw=200 present=2 map=12
[mgba] timing: frame scene=3 tick=5297 clock=23244767 updates=1 update=106 draw=200 present=2 map=12
[mgba] timing: frame scene=3 tick=5298 clock=23249156 updates=1 update=109 draw=200 present=2 map=12
[mgba] timing: frame scene=3 tick=5299 clock=23253545 updates=1 update=106 draw=200 present=2 map=12
[mgba] timing: frame scene=3 tick=5300 clock=23257934 updates=1 update=109 draw=200 present=2 map=12
[mgba] timing: frame scene=3 tick=5301 clock=23262323 updates=1 update=106 draw=200 present=2 map=12
[mgba] timing: frame scene=3 tick=5302 clock=23266712 updates=1 update=109 draw=200 present=2 map=12
[mgba] timing: frame scene=3 tick=5303 clock=23271101 updates=1 update=106 draw=200 present=2 map=12
[mgba] timing: frame scene=3 tick=5304 clock=23275490 updates=1 update=109 draw=200 present=2 map=12
[mgba] timing: frame scene=3 tick=5305 clock=23279879 updates=1 update=106 draw=200 present=2 map=12
[mgba] timing: frame scene=3 tick=5306 clock=23284268 updates=1 update=109 draw=200 present=2 map=12
[mgba] timing: frame scene=3 tick=5307 clock=23288657 updates=1 update=106 draw=200 present=2 map=12
[mgba] timing: frame scene=3 tick=5308 clock=23293046 updates=1 update=109 draw=200 present=2 map=12
[mgba] timing: frame scene=3 tick=5309 clock=23297435 updates=1 update=106 draw=200 present=2 map=12
[mgba] timing: frame scene=3 tick=5310 clock=23301824 updates=1 update=109 draw=200 present=2 map=12
[mgba] timing: frame scene=3 tick=5311 clock=23306213 updates=1 update=106 draw=200 present=2 map=12
[mgba] timing: frame scene=3 tick=5312 clock=23310602 updates=1 update=109 draw=200 present=2 map=12
[mgba] timing: frame scene=3 tick=5313 clock=23314991 updates=1 update=106 draw=200 present=2 map=12
[mgba] timing: frame scene=3 tick=5314 clock=23319380 updates=1 update=109 draw=200 present=2 map=12
[mgba] timing: frame scene=3 tick=5315 clock=23323769 updates=1 update=106 draw=200 present=2 map=12
[mgba] timing: frame scene=3 tick=5316 clock=23328158 updates=1 update=109 draw=200 present=2 map=12
[mgba] timing: frame scene=3 tick=5317 clock=23332547 updates=1 update=106 draw=200 present=2 map=12
[mgba] timing: frame scene=3 tick=5318 clock=23336936 updates=1 update=109 draw=200 present=2 map=12
[mgba] timing: frame scene=3 tick=5319 clock=23341325 updates=1 update=106 draw=200 present=2 map=12
[mgba] timing: frame scene=3 tick=5320 clock=23345714 updates=1 update=109 draw=200 present=2 map=12
[mgba] timing: frame scene=3 tick=5321 clock=23350103 updates=1 update=106 draw=200 present=2 map=12
[mgba] timing: frame scene=3 tick=5322 clock=23354492 updates=1 update=109 draw=200 present=2 map=12
[mgba] timing: frame scene=3 tick=5323 clock=23358881 updates=1 update=106 draw=200 present=2 map=12
[mgba] timing: frame scene=3 tick=5324 clock=23363270 updates=1 update=109 draw=200 present=2 map=12
[mgba] timing: frame scene=3 tick=5325 clock=23367659 updates=1 update=106 draw=200 present=2 map=12
[mgba] timing: frame scene=3 tick=5326 clock=23372048 updates=1 update=109 draw=200 present=2 map=12
[mgba] timing: frame scene=3 tick=5327 clock=23376437 updates=1 update=106 draw=200 present=2 map=12
[mgba] timing: frame scene=3 tick=5328 clock=23380826 updates=1 update=109 draw=200 present=2 map=12
[mgba] timing: frame scene=3 tick=5329 clock=23385215 updates=1 update=106 draw=200 present=2 map=12
[mgba] timing: frame scene=3 tick=5330 clock=23389604 updates=1 update=109 draw=200 present=2 map=12
[mgba] timing: frame scene=3 tick=5331 clock=23393993 updates=1 update=106 draw=200 present=2 map=12
[mgba] timing: frame scene=3 tick=5332 clock=23398382 updates=1 update=109 draw=200 present=2 map=12
[mgba] timing: frame scene=3 tick=5333 clock=23402771 updates=1 update=106 draw=200 present=2 map=12
[mgba] timing: frame scene=3 tick=5334 clock=23407160 updates=1 update=109 draw=200 present=2 map=12
[mgba] timing: frame scene=3 tick=5335 clock=23411549 updates=1 update=106 draw=200 present=2 map=12
[mgba] timing: frame scene=3 tick=5336 clock=23415938 updates=1 update=109 draw=200 present=2 map=12
[mgba] timing: frame scene=3 tick=5337 clock=23420327 updates=1 update=106 draw=200 present=2 map=12
[mgba] timing: frame scene=3 tick=5338 clock=23424716 updates=1 update=109 draw=200 present=2 map=12
[mgba] timing: frame scene=3 tick=5339 clock=23429105 updates=1 update=107 draw=200 present=2 map=12
[mgba] timing: frame scene=3 tick=5340 clock=23433494 updates=1 update=109 draw=200 present=2 map=12
[mgba] timing: frame scene=3 tick=5341 clock=23437883 updates=1 update=106 draw=200 present=2 map=12
[mgba] timing: frame scene=3 tick=5342 clock=23442272 updates=1 update=109 draw=200 present=2 map=12
[mgba] timing: frame scene=3 tick=5343 clock=23446661 updates=1 update=106 draw=200 present=2 map=12
[mgba] timing: frame scene=3 tick=5344 clock=23451050 updates=1 update=109 draw=200 present=2 map=12
[mgba] timing: frame scene=3 tick=5345 clock=23455439 updates=1 update=106 draw=200 present=2 map=12
[mgba] timing: frame scene=3 tick=5346 clock=23459828 updates=1 update=109 draw=200 present=2 map=12
[mgba] timing: frame scene=3 tick=5347 clock=23464217 updates=1 update=106 draw=200 present=2 map=12
[mgba] timing: frame scene=3 tick=5348 clock=23468606 updates=1 update=109 draw=200 present=2 map=12
[mgba] timing: frame scene=3 tick=5349 clock=23472995 updates=1 update=106 draw=200 present=2 map=12
[mgba] timing: frame scene=3 tick=5350 clock=23477384 updates=1 update=109 draw=200 present=2 map=12
[mgba] timing: frame scene=3 tick=5351 clock=23481773 updates=1 update=106 draw=200 present=2 map=12
[mgba] timing: frame scene=3 tick=5352 clock=23486162 updates=1 update=109 draw=200 present=2 map=12
[mgba] timing: frame scene=3 tick=5353 clock=23490551 updates=1 update=106 draw=200 present=2 map=12
[mgba] timing: frame scene=3 tick=5354 clock=23494940 updates=1 update=109 draw=200 present=2 map=12
[mgba] timing: frame scene=3 tick=5355 clock=23499329 updates=1 update=106 draw=200 present=2 map=12
[mgba] timing: frame scene=3 tick=5356 clock=23503718 updates=1 update=109 draw=200 present=2 map=12
[mgba] timing: frame scene=3 tick=5357 clock=23508107 updates=1 update=106 draw=200 present=2 map=12
[mgba] timing: frame scene=3 tick=5358 clock=23512496 updates=1 update=109 draw=200 present=2 map=12
[mgba] timing: frame scene=3 tick=5359 clock=23516885 updates=1 update=106 draw=200 present=2 map=12
[mgba] timing: frame scene=3 tick=5360 clock=23521274 updates=1 update=109 draw=200 present=2 map=12
[mgba] timing: frame scene=3 tick=5361 clock=23525663 updates=1 update=106 draw=200 present=2 map=12
[mgba] timing: frame scene=3 tick=5362 clock=23530052 updates=1 update=109 draw=200 present=2 map=12
[mgba] timing: frame scene=3 tick=5363 clock=23534441 updates=1 update=106 draw=200 present=2 map=12
[mgba] timing: frame scene=3 tick=5364 clock=23538830 updates=1 update=109 draw=200 present=2 map=12
[mgba] timing: frame scene=3 tick=5365 clock=23543219 updates=1 update=106 draw=200 present=2 map=12
[mgba] timing: frame scene=3 tick=5366 clock=23547608 updates=1 update=109 draw=200 present=2 map=12
[mgba] timing: frame scene=3 tick=5367 clock=23551997 updates=1 update=106 draw=200 present=2 map=12
[mgba] timing: frame scene=3 tick=5368 clock=23556386 updates=1 update=109 draw=200 present=2 map=12
[mgba] timing: frame scene=3 tick=5369 clock=23560775 updates=1 update=106 draw=200 present=2 map=12
[mgba] timing: frame scene=3 tick=5370 clock=23565164 updates=1 update=109 draw=200 present=2 map=12
[mgba] timing: frame scene=3 tick=5371 clock=23569553 updates=1 update=106 draw=200 present=2 map=12
[mgba] timing: frame scene=3 tick=5372 clock=23573942 updates=1 update=109 draw=200 present=2 map=12
[mgba] timing: frame scene=3 tick=5373 clock=23578331 updates=1 update=106 draw=200 present=2 map=12
[mgba] timing: frame scene=3 tick=5374 clock=23582720 updates=1 update=109 draw=200 present=2 map=12
[mgba] timing: frame scene=3 tick=5375 clock=23587109 updates=1 update=106 draw=200 present=2 map=12
[mgba] timing: frame scene=3 tick=5376 clock=23591498 updates=1 update=109 draw=200 present=2 map=12
[mgba] timing: frame scene=3 tick=5377 clock=23595887 updates=1 update=106 draw=200 present=2 map=12
[mgba] timing: frame scene=3 tick=5378 clock=23600276 updates=1 update=109 draw=200 present=2 map=12
[mgba] timing: frame scene=3 tick=5379 clock=23604665 updates=1 update=106 draw=200 present=2 map=12
[mgba] timing: frame scene=3 tick=5380 clock=23609054 updates=1 update=109 draw=200 present=2 map=12
[mgba] timing: frame scene=3 tick=5381 clock=23613443 updates=1 update=106 draw=200 present=2 map=12
[mgba] timing: frame scene=3 tick=5382 clock=23617832 updates=1 update=109 draw=200 present=2 map=12
[mgba] timing: frame scene=3 tick=5383 clock=23622221 updates=1 update=106 draw=200 present=2 map=12
[mgba] timing: frame scene=3 tick=5384 clock=23626610 updates=1 update=109 draw=200 present=2 map=12
[mgba] timing: frame scene=3 tick=5385 clock=23630999 updates=1 update=106 draw=200 present=2 map=12
[mgba] timing: frame scene=3 tick=5386 clock=23635388 updates=1 update=109 draw=200 present=2 map=12
[mgba] timing: frame scene=3 tick=5387 clock=23639777 updates=1 update=106 draw=200 present=2 map=12
[mgba] timing: frame scene=3 tick=5388 clock=23644166 updates=1 update=109 draw=200 present=2 map=12
[mgba] timing: frame scene=3 tick=5389 clock=23648555 updates=1 update=106 draw=200 present=2 map=12
[mgba] timing: frame scene=3 tick=5390 clock=23652944 updates=1 update=109 draw=200 present=2 map=12
[mgba] timing: frame scene=3 tick=5391 clock=23657333 updates=1 update=106 draw=200 present=2 map=12
[mgba] timing: frame scene=3 tick=5392 clock=23661722 updates=1 update=109 draw=200 present=2 map=12
[mgba] timing: frame scene=3 tick=5393 clock=23666111 updates=1 update=106 draw=200 present=2 map=12
[mgba] timing: frame scene=3 tick=5394 clock=23670500 updates=1 update=109 draw=200 present=2 map=12
[mgba] timing: frame scene=3 tick=5395 clock=23674889 updates=1 update=106 draw=200 present=2 map=12
[mgba] timing: frame scene=3 tick=5396 clock=23679278 updates=1 update=109 draw=200 present=2 map=12
[mgba] timing: frame scene=3 tick=5397 clock=23683667 updates=1 update=106 draw=200 present=2 map=12
[mgba] timing: frame scene=3 tick=5398 clock=23688056 updates=1 update=109 draw=200 present=2 map=12
[mgba] timing: frame scene=3 tick=5399 clock=23692445 updates=1 update=107 draw=200 present=2 map=12
[mgba] timing: frame scene=3 tick=5400 clock=23696834 updates=1 update=109 draw=200 present=2 map=12
[mgba] timing: frame scene=3 tick=5401 clock=23701223 updates=1 update=106 draw=200 present=2 map=12
[mgba] timing: frame scene=3 tick=5402 clock=23705612 updates=1 update=109 draw=200 present=2 map=12
[mgba] timing: frame scene=3 tick=5403 clock=23710001 updates=1 update=106 draw=200 present=2 map=12
[mgba] timing: frame scene=3 tick=5404 clock=23714390 updates=1 update=109 draw=200 present=2 map=12
[mgba] timing: frame scene=3 tick=5405 clock=23718779 updates=1 update=106 draw=200 present=2 map=12
[mgba] timing: frame scene=3 tick=5406 clock=23723168 updates=1 update=109 draw=200 present=2 map=12
[mgba] timing: frame scene=3 tick=5407 clock=23727557 updates=1 update=106 draw=200 present=2 map=12
[mgba] timing: frame scene=3 tick=5408 clock=23731946 updates=1 update=109 draw=200 present=2 map=12
[mgba] timing: frame scene=3 tick=5409 clock=23736335 updates=1 update=106 draw=200 present=2 map=12
[mgba] timing: frame scene=3 tick=5410 clock=23740724 updates=1 update=109 draw=200 present=2 map=12
[mgba] timing: START move=33 player=true scene=10 tick=5411
[mgba] timing: frame scene=10 tick=5412 clock=23749502 updates=1 update=131 draw=15699 present=785 map=12
[mgba] timing: frame scene=10 tick=5416 clock=23767058 updates=4 update=449 draw=17069 present=798 map=12
[mgba] timing: frame scene=10 tick=5420 clock=23785602 updates=4 update=445 draw=13027 present=785 map=12
[mgba] timing: END scene=10 ticks=9
[mgba] timing: START move=33 player=false scene=11 tick=5424
[mgba] timing: frame scene=11 tick=5425 clock=23806559 updates=1 update=130 draw=15691 present=786 map=12
[mgba] timing: frame scene=11 tick=5429 clock=23824115 updates=4 update=446 draw=17064 present=798 map=12
[mgba] timing: frame scene=11 tick=5433 clock=23842651 updates=4 update=445 draw=13026 present=785 map=12
[mgba] timing: END scene=11 ticks=9
[mgba] timing: START move=45 player=true scene=12 tick=5437
[mgba] timing: frame scene=12 tick=5438 clock=23863616 updates=1 update=119 draw=15687 present=785 map=12
[mgba] timing: frame scene=12 tick=5442 clock=23881172 updates=4 update=456 draw=17065 present=798 map=12
[mgba] timing: frame scene=12 tick=5446 clock=23899719 updates=4 update=456 draw=13008 present=785 map=12
[mgba] timing: frame scene=12 tick=5450 clock=23916284 updates=4 update=624 draw=16858 present=798 map=12
[mgba] timing: frame scene=12 tick=5454 clock=23934792 updates=4 update=681 draw=14402 present=785 map=12
[mgba] timing: frame scene=12 tick=5458 clock=23951396 updates=4 update=568 draw=15531 present=785 map=12
[mgba] timing: frame scene=12 tick=5462 clock=23968952 updates=4 update=723 draw=15528 present=785 map=12
[mgba] timing: frame scene=12 tick=5466 clock=23986508 updates=4 update=722 draw=15528 present=785 map=12
[mgba] timing: frame scene=12 tick=5470 clock=24004064 updates=4 update=568 draw=15518 present=785 map=12
[mgba] timing: frame scene=12 tick=5474 clock=24021620 updates=4 update=722 draw=15508 present=785 map=12
[mgba] timing: frame scene=12 tick=5478 clock=24039176 updates=4 update=722 draw=15508 present=785 map=12
[mgba] timing: frame scene=12 tick=5482 clock=24056732 updates=4 update=568 draw=15521 present=786 map=12
[mgba] timing: frame scene=12 tick=5486 clock=24074288 updates=4 update=722 draw=15560 present=785 map=12
[mgba] timing: frame scene=12 tick=5490 clock=24091844 updates=4 update=722 draw=15560 present=785 map=12
[mgba] timing: frame scene=12 tick=5494 clock=24109400 updates=4 update=568 draw=15514 present=785 map=12
[mgba] timing: frame scene=12 tick=5498 clock=24126956 updates=4 update=722 draw=15535 present=785 map=12
[mgba] timing: frame scene=12 tick=5502 clock=24144512 updates=4 update=617 draw=15535 present=785 map=12
[mgba] timing: frame scene=12 tick=5506 clock=24162068 updates=4 update=474 draw=13041 present=786 map=12
[mgba] timing: END scene=12 ticks=69
[mgba] timing: START move=45 player=false scene=13 tick=5510
[mgba] timing: frame scene=13 tick=5511 clock=24184013 updates=1 update=119 draw=15714 present=786 map=12
[mgba] timing: frame scene=13 tick=5515 clock=24201569 updates=4 update=457 draw=17063 present=798 map=12
[mgba] timing: frame scene=13 tick=5519 clock=24220115 updates=4 update=457 draw=13006 present=786 map=12
[mgba] timing: frame scene=13 tick=5523 clock=24236681 updates=4 update=624 draw=16892 present=798 map=12
[mgba] timing: frame scene=13 tick=5527 clock=24255223 updates=4 update=681 draw=14425 present=786 map=12
[mgba] timing: frame scene=13 tick=5531 clock=24271793 updates=4 update=569 draw=15549 present=786 map=12
[mgba] timing: frame scene=13 tick=5535 clock=24289349 updates=4 update=721 draw=15465 present=785 map=12
[mgba] timing: frame scene=13 tick=5539 clock=24306905 updates=4 update=721 draw=15465 present=785 map=12
[mgba] timing: frame scene=13 tick=5543 clock=24324461 updates=4 update=569 draw=15446 present=785 map=12
[mgba] timing: frame scene=13 tick=5547 clock=24342017 updates=4 update=721 draw=15455 present=786 map=12
[mgba] timing: frame scene=13 tick=5551 clock=24359574 updates=4 update=720 draw=15455 present=786 map=12
[mgba] timing: frame scene=13 tick=5555 clock=24377129 updates=4 update=569 draw=15471 present=786 map=12
[mgba] timing: frame scene=13 tick=5559 clock=24394685 updates=4 update=721 draw=15520 present=786 map=12
[mgba] timing: frame scene=13 tick=5563 clock=24412241 updates=4 update=721 draw=15520 present=785 map=12
[mgba] timing: frame scene=13 tick=5567 clock=24429797 updates=4 update=569 draw=15333 present=786 map=12
[mgba] timing: frame scene=13 tick=5571 clock=24447353 updates=4 update=721 draw=15428 present=786 map=12
[mgba] timing: frame scene=13 tick=5575 clock=24464909 updates=4 update=617 draw=15429 present=785 map=12
[mgba] timing: frame scene=13 tick=5579 clock=24482465 updates=4 update=474 draw=13043 present=785 map=12
[mgba] timing: END scene=13 ticks=69
[mgba] timing: START move=10 player=true scene=14 tick=5583
[mgba] timing: frame scene=14 tick=5584 clock=24504410 updates=1 update=121 draw=15703 present=785 map=12
[mgba] timing: frame scene=14 tick=5588 clock=24521966 updates=4 update=458 draw=17066 present=798 map=12
[mgba] timing: frame scene=14 tick=5592 clock=24540516 updates=4 update=458 draw=13008 present=785 map=12
[mgba] timing: frame scene=14 tick=5596 clock=24557078 updates=4 update=914 draw=19604 present=786 map=12
[mgba] timing: frame scene=14 tick=5601 clock=24579023 updates=5 update=1183 draw=17163 present=785 map=12
[mgba] timing: frame scene=14 tick=5606 clock=24600968 updates=5 update=832 draw=18273 present=785 map=12
[mgba] timing: frame scene=14 tick=5611 clock=24622913 updates=5 update=1286 draw=19163 present=785 map=12
[mgba] timing: frame scene=14 tick=5616 clock=24644858 updates=5 update=1172 draw=17111 present=785 map=12
[mgba] timing: frame scene=14 tick=5621 clock=24666803 updates=5 update=782 draw=17111 present=785 map=12
[mgba] timing: frame scene=14 tick=5626 clock=24688749 updates=5 update=583 draw=13044 present=785 map=12
[mgba] timing: END scene=14 ticks=43
[mgba] timing: START move=10 player=false scene=15 tick=5630
[mgba] timing: frame scene=15 tick=5631 clock=24710693 updates=1 update=119 draw=15715 present=785 map=12
[mgba] timing: frame scene=15 tick=5635 clock=24728249 updates=4 update=457 draw=17063 present=798 map=12
[mgba] timing: frame scene=15 tick=5639 clock=24746795 updates=4 update=457 draw=13006 present=785 map=12
[mgba] timing: frame scene=15 tick=5643 clock=24763361 updates=4 update=917 draw=19719 present=785 map=12
[mgba] timing: frame scene=15 tick=5648 clock=24785306 updates=5 update=1184 draw=17276 present=786 map=12
[mgba] timing: frame scene=15 tick=5653 clock=24807251 updates=5 update=828 draw=18455 present=786 map=12
[mgba] timing: frame scene=15 tick=5658 clock=24829196 updates=5 update=1287 draw=19394 present=785 map=12
[mgba] timing: frame scene=15 tick=5663 clock=24851141 updates=5 update=1171 draw=17182 present=786 map=12
[mgba] timing: frame scene=15 tick=5668 clock=24873086 updates=5 update=779 draw=17182 present=786 map=12
[mgba] timing: frame scene=15 tick=5673 clock=24895031 updates=5 update=581 draw=13043 present=785 map=12
[mgba] timing: END scene=15 ticks=43
[mgba] timing: START move=52 player=true scene=16 tick=5677
[mgba] timing: frame scene=16 tick=5678 clock=24916976 updates=1 update=121 draw=15708 present=785 map=12
[mgba] timing: frame scene=16 tick=5682 clock=24934532 updates=4 update=458 draw=17064 present=799 map=12
[mgba] timing: frame scene=16 tick=5686 clock=24953081 updates=4 update=458 draw=13007 present=786 map=12
[mgba] timing: frame scene=16 tick=5690 clock=24969644 updates=4 update=626 draw=16885 present=798 map=12
[mgba] timing: frame scene=16 tick=5694 clock=24988181 updates=4 update=520 draw=14465 present=785 map=12
[mgba] timing: frame scene=16 tick=5698 clock=25004756 updates=4 update=632 draw=14806 present=785 map=12
[mgba] timing: frame scene=16 tick=5702 clock=25022312 updates=4 update=633 draw=14806 present=785 map=12
[mgba] timing: frame scene=16 tick=5706 clock=25039869 updates=4 update=520 draw=14464 present=786 map=12
[mgba] timing: frame scene=16 tick=5710 clock=25057424 updates=4 update=632 draw=14806 present=785 map=12
[mgba] timing: frame scene=16 tick=5714 clock=25074980 updates=4 update=521 draw=14806 present=785 map=12
[mgba] timing: frame scene=16 tick=5718 clock=25092536 updates=4 update=632 draw=14464 present=786 map=12
[mgba] timing: frame scene=16 tick=5722 clock=25110092 updates=4 update=521 draw=14464 present=786 map=12
[mgba] timing: frame scene=16 tick=5726 clock=25127648 updates=4 update=632 draw=14806 present=785 map=12
[mgba] timing: frame scene=16 tick=5730 clock=25145204 updates=4 update=632 draw=14806 present=785 map=12
[mgba] timing: frame scene=16 tick=5734 clock=25162760 updates=4 update=521 draw=14464 present=786 map=12
[mgba] timing: frame scene=16 tick=5738 clock=25180316 updates=4 update=632 draw=14806 present=785 map=12
[mgba] timing: frame scene=16 tick=5742 clock=25197872 updates=4 update=521 draw=14806 present=785 map=12
[mgba] timing: frame scene=16 tick=5746 clock=25215428 updates=4 update=632 draw=14464 present=786 map=12
[mgba] timing: frame scene=16 tick=5750 clock=25232984 updates=4 update=521 draw=14464 present=786 map=12
[mgba] timing: frame scene=16 tick=5754 clock=25250540 updates=4 update=632 draw=14806 present=785 map=12
[mgba] timing: frame scene=16 tick=5758 clock=25268097 updates=4 update=631 draw=14806 present=785 map=12
[mgba] timing: frame scene=16 tick=5762 clock=25285652 updates=4 update=522 draw=14464 present=785 map=12
[mgba] timing: frame scene=16 tick=5766 clock=25303208 updates=4 update=632 draw=14806 present=785 map=12
[mgba] timing: frame scene=16 tick=5770 clock=25320764 updates=4 update=521 draw=14806 present=785 map=12
[mgba] timing: frame scene=16 tick=5774 clock=25338320 updates=4 update=497 draw=13040 present=785 map=12
[mgba] timing: END scene=16 ticks=97
[mgba] timing: START move=52 player=false scene=17 tick=5778
[mgba] timing: frame scene=17 tick=5779 clock=25360265 updates=1 update=119 draw=15705 present=786 map=12
[mgba] timing: frame scene=17 tick=5783 clock=25377821 updates=4 update=457 draw=17067 present=798 map=12
[mgba] timing: frame scene=17 tick=5787 clock=25396371 updates=4 update=456 draw=13008 present=785 map=12
[mgba] timing: frame scene=17 tick=5791 clock=25412933 updates=4 update=627 draw=16903 present=798 map=12
[mgba] timing: frame scene=17 tick=5795 clock=25431489 updates=4 update=518 draw=14449 present=785 map=12
[mgba] timing: frame scene=17 tick=5799 clock=25448045 updates=4 update=630 draw=14790 present=786 map=12
[mgba] timing: frame scene=17 tick=5803 clock=25465601 updates=4 update=631 draw=14790 present=785 map=12
[mgba] timing: frame scene=17 tick=5807 clock=25483157 updates=4 update=518 draw=14449 present=785 map=12
[mgba] timing: frame scene=17 tick=5811 clock=25500713 updates=4 update=631 draw=14790 present=785 map=12
[mgba] timing: frame scene=17 tick=5815 clock=25518269 updates=4 update=518 draw=14790 present=786 map=12
[mgba] timing: frame scene=17 tick=5819 clock=25535825 updates=4 update=631 draw=14449 present=785 map=12
[mgba] timing: frame scene=17 tick=5823 clock=25553381 updates=4 update=518 draw=14449 present=785 map=12
[mgba] timing: frame scene=17 tick=5827 clock=25570937 updates=4 update=630 draw=14791 present=785 map=12
[mgba] timing: frame scene=17 tick=5831 clock=25588493 updates=4 update=631 draw=14790 present=785 map=12
[mgba] timing: frame scene=17 tick=5835 clock=25606049 updates=4 update=518 draw=14449 present=785 map=12
[mgba] timing: frame scene=17 tick=5839 clock=25623606 updates=4 update=630 draw=14790 present=785 map=12
[mgba] timing: frame scene=17 tick=5843 clock=25641161 updates=4 update=518 draw=14790 present=786 map=12
[mgba] timing: frame scene=17 tick=5847 clock=25658718 updates=4 update=630 draw=14448 present=786 map=12
[mgba] timing: frame scene=17 tick=5851 clock=25676273 updates=4 update=518 draw=14449 present=785 map=12
[mgba] timing: frame scene=17 tick=5855 clock=25693829 updates=4 update=630 draw=14790 present=786 map=12
[mgba] timing: frame scene=17 tick=5859 clock=25711386 updates=4 update=630 draw=14790 present=785 map=12
[mgba] timing: frame scene=17 tick=5863 clock=25728941 updates=4 update=518 draw=14449 present=785 map=12
[mgba] timing: frame scene=17 tick=5867 clock=25746497 updates=4 update=630 draw=14791 present=785 map=12
[mgba] timing: frame scene=17 tick=5871 clock=25764053 updates=4 update=518 draw=14790 present=786 map=12
[mgba] timing: frame scene=17 tick=5875 clock=25781609 updates=4 update=496 draw=13046 present=785 map=12
[mgba] timing: END scene=17 ticks=97
[mgba] timing: START move=55 player=true scene=18 tick=5879
[mgba] timing: frame scene=18 tick=5880 clock=25803554 updates=1 update=121 draw=15709 present=785 map=12
[mgba] timing: frame scene=18 tick=5884 clock=25821110 updates=4 update=458 draw=17065 present=798 map=12
[mgba] timing: frame scene=18 tick=5888 clock=25839659 updates=4 update=459 draw=13008 present=785 map=12
[mgba] timing: frame scene=18 tick=5892 clock=25856222 updates=4 update=611 draw=16698 present=798 map=12
[mgba] timing: frame scene=18 tick=5896 clock=25874557 updates=4 update=507 draw=14281 present=786 map=12
[mgba] timing: frame scene=18 tick=5900 clock=25891334 updates=4 update=611 draw=14275 present=785 map=12
[mgba] timing: frame scene=18 tick=5904 clock=25908890 updates=4 update=611 draw=14275 present=786 map=12
[mgba] timing: frame scene=18 tick=5908 clock=25926447 updates=4 update=506 draw=14268 present=786 map=12
[mgba] timing: frame scene=18 tick=5912 clock=25944002 updates=4 update=611 draw=14262 present=785 map=12
[mgba] timing: frame scene=18 tick=5916 clock=25961558 updates=4 update=507 draw=14261 present=786 map=12
[mgba] timing: frame scene=18 tick=5920 clock=25979114 updates=4 update=627 draw=14326 present=785 map=12
[mgba] timing: frame scene=18 tick=5924 clock=25996670 updates=4 update=521 draw=14326 present=785 map=12
[mgba] timing: frame scene=18 tick=5928 clock=26014226 updates=4 update=875 draw=16619 present=798 map=12
[mgba] timing: frame scene=18 tick=5932 clock=26032746 updates=4 update=984 draw=16632 present=785 map=12
[mgba] timing: frame scene=18 tick=5937 clock=26053727 updates=5 update=912 draw=19378 present=786 map=12
[mgba] timing: frame scene=18 tick=5942 clock=26075672 updates=5 update=1004 draw=16843 present=786 map=12
[mgba] timing: frame scene=18 tick=5947 clock=26097618 updates=5 update=906 draw=15383 present=785 map=12
[mgba] timing: frame scene=18 tick=5951 clock=26115173 updates=4 update=571 draw=15384 present=785 map=12
[mgba] timing: frame scene=18 tick=5955 clock=26132730 updates=4 update=720 draw=15383 present=786 map=12
[mgba] timing: frame scene=18 tick=5959 clock=26150286 updates=4 update=571 draw=15383 present=785 map=12
[mgba] timing: frame scene=18 tick=5963 clock=26167841 updates=4 update=475 draw=13040 present=786 map=12
[mgba] timing: END scene=18 ticks=84
[mgba] timing: START move=55 player=false scene=19 tick=5967
[mgba] timing: frame scene=19 tick=5968 clock=26189786 updates=1 update=120 draw=15705 present=786 map=12
[mgba] timing: frame scene=19 tick=5972 clock=26207342 updates=4 update=456 draw=17065 present=798 map=12
[mgba] timing: frame scene=19 tick=5976 clock=26225889 updates=4 update=456 draw=13007 present=785 map=12
[mgba] timing: frame scene=19 tick=5980 clock=26242454 updates=4 update=610 draw=16722 present=798 map=12
[mgba] timing: frame scene=19 tick=5984 clock=26260812 updates=4 update=503 draw=14303 present=785 map=12
[mgba] timing: frame scene=19 tick=5988 clock=26277566 updates=4 update=610 draw=14296 present=785 map=12
[mgba] timing: frame scene=19 tick=5992 clock=26295122 updates=4 update=610 draw=14296 present=785 map=12
[mgba] timing: frame scene=19 tick=5996 clock=26312678 updates=4 update=504 draw=14289 present=786 map=12
[mgba] timing: frame scene=19 tick=6000 clock=26330234 updates=4 update=611 draw=14282 present=786 map=12
[mgba] timing: frame scene=19 tick=6004 clock=26347790 updates=4 update=504 draw=14283 present=785 map=12
[mgba] timing: frame scene=19 tick=6008 clock=26365346 updates=4 update=626 draw=14354 present=785 map=12
[mgba] timing: frame scene=19 tick=6012 clock=26382903 updates=4 update=517 draw=14354 present=786 map=12
[mgba] timing: frame scene=19 tick=6016 clock=26400458 updates=4 update=876 draw=17004 present=785 map=12
[mgba] timing: frame scene=19 tick=6021 clock=26422404 updates=5 update=1169 draw=19694 present=785 map=12
[mgba] timing: frame scene=19 tick=6026 clock=26444348 updates=5 update=910 draw=19693 present=786 map=12
[mgba] timing: frame scene=19 tick=6031 clock=26466293 updates=5 update=976 draw=17214 present=785 map=12
[mgba] timing: frame scene=19 tick=6036 clock=26488238 updates=5 update=893 draw=15512 present=785 map=12
[mgba] timing: frame scene=19 tick=6040 clock=26505795 updates=4 update=568 draw=15511 present=786 map=12
[mgba] timing: frame scene=19 tick=6044 clock=26523351 updates=4 update=720 draw=15512 present=785 map=12
[mgba] timing: frame scene=19 tick=6048 clock=26540906 updates=4 update=583 draw=15495 present=785 map=12
[mgba] timing: END scene=19 ticks=81
[mgba] timing: START move=85 player=true scene=20 tick=6052
[mgba] timing: frame scene=20 tick=6056 clock=26576019 updates=4 update=461 draw=15712 present=786 map=12
[mgba] timing: frame scene=20 tick=6060 clock=26593574 updates=4 update=460 draw=17059 present=798 map=12
[mgba] timing: frame scene=20 tick=6064 clock=26612119 updates=4 update=624 draw=17239 present=785 map=12
[mgba] timing: frame scene=20 tick=6069 clock=26633075 updates=5 update=1332 draw=21758 present=785 map=12
[mgba] timing: frame scene=20 tick=6075 clock=26659409 updates=6 update=853 draw=21804 present=785 map=12
[mgba] timing: frame scene=20 tick=6081 clock=26685743 updates=6 update=1561 draw=14630 present=785 map=12
[mgba] timing: frame scene=20 tick=6085 clock=26703300 updates=4 update=1029 draw=15943 present=798 map=12
[mgba] timing: frame scene=20 tick=6089 clock=26721302 updates=4 update=563 draw=21909 present=786 map=12
[mgba] timing: frame scene=20 tick=6095 clock=26747189 updates=6 update=1206 draw=14629 present=786 map=12
[mgba] timing: frame scene=20 tick=6099 clock=26764745 updates=4 update=1093 draw=14641 present=785 map=12
[mgba] timing: frame scene=20 tick=6103 clock=26782301 updates=4 update=639 draw=23481 present=786 map=12
[mgba] timing: frame scene=20 tick=6109 clock=26808635 updates=6 update=1310 draw=21758 present=785 map=12
[mgba] timing: frame scene=20 tick=6115 clock=26834969 updates=6 update=1470 draw=21719 present=785 map=12
[mgba] timing: frame scene=20 tick=6121 clock=26861303 updates=6 update=727 draw=13018 present=785 map=12
[mgba] timing: frame scene=20 tick=6125 clock=26878859 updates=4 update=456 draw=13007 present=785 map=12
[mgba] timing: frame scene=20 tick=6129 clock=26896415 updates=4 update=884 draw=14643 present=786 map=12
[mgba] timing: frame scene=20 tick=6133 clock=26913971 updates=4 update=1093 draw=14655 present=785 map=12
[mgba] timing: frame scene=20 tick=6137 clock=26931527 updates=4 update=501 draw=21910 present=785 map=12
[mgba] timing: frame scene=20 tick=6143 clock=26957861 updates=6 update=1421 draw=21702 present=786 map=12
[mgba] timing: frame scene=20 tick=6149 clock=26984195 updates=6 update=1470 draw=21802 present=785 map=12
[mgba] timing: frame scene=20 tick=6155 clock=27010530 updates=6 update=943 draw=14655 present=786 map=12
[mgba] timing: frame scene=20 tick=6159 clock=27028086 updates=4 update=1029 draw=15918 present=798 map=12
[mgba] timing: frame scene=20 tick=6163 clock=27046062 updates=4 update=835 draw=15918 present=798 map=12
[mgba] timing: frame scene=20 tick=6167 clock=27063841 updates=4 update=607 draw=23549 present=785 map=12
[mgba] timing: frame scene=20 tick=6173 clock=27089531 updates=6 update=1446 draw=14655 present=786 map=12
[mgba] timing: frame scene=20 tick=6177 clock=27107087 updates=4 update=1030 draw=15918 present=799 map=12
[mgba] timing: frame scene=20 tick=6181 clock=27125065 updates=4 update=572 draw=13040 present=785 map=12
[mgba] timing: END scene=20 ticks=129
[mgba] timing: START move=85 player=false scene=21 tick=6185
[mgba] timing: frame scene=21 tick=6186 clock=27146588 updates=1 update=120 draw=15721 present=786 map=12
[mgba] timing: frame scene=21 tick=6190 clock=27164145 updates=4 update=456 draw=17060 present=798 map=12
[mgba] timing: frame scene=21 tick=6194 clock=27182687 updates=4 update=455 draw=13013 present=786 map=12
[mgba] timing: frame scene=21 tick=6198 clock=27199256 updates=4 update=753 draw=17270 present=786 map=12
[mgba] timing: frame scene=21 tick=6203 clock=27221201 updates=5 update=1354 draw=14684 present=785 map=12
[mgba] timing: frame scene=21 tick=6207 clock=27238757 updates=4 update=500 draw=21919 present=786 map=12
[mgba] timing: frame scene=21 tick=6213 clock=27265091 updates=6 update=1438 draw=22024 present=785 map=12
[mgba] timing: frame scene=21 tick=6219 clock=27291425 updates=6 update=1485 draw=22105 present=785 map=12
[mgba] timing: frame scene=21 tick=6225 clock=27317759 updates=6 update=949 draw=14684 present=785 map=12
[mgba] timing: frame scene=21 tick=6229 clock=27335315 updates=4 update=1044 draw=15948 present=798 map=12
[mgba] timing: frame scene=21 tick=6233 clock=27353337 updates=4 update=840 draw=15949 present=798 map=12
[mgba] timing: frame scene=21 tick=6237 clock=27371152 updates=4 update=609 draw=23577 present=785 map=12
[mgba] timing: frame scene=21 tick=6243 clock=27396761 updates=6 update=1463 draw=14684 present=785 map=12
[mgba] timing: frame scene=21 tick=6247 clock=27414317 updates=4 update=1044 draw=15949 present=798 map=12
[mgba] timing: frame scene=21 tick=6251 clock=27432339 updates=4 update=579 draw=13025 present=785 map=12
[mgba] timing: frame scene=21 tick=6255 clock=27449429 updates=4 update=455 draw=13013 present=785 map=12
[mgba] timing: frame scene=21 tick=6259 clock=27466985 updates=4 update=614 draw=13014 present=785 map=12
[mgba] timing: frame scene=21 tick=6263 clock=27484541 updates=4 update=1030 draw=15957 present=799 map=12
[mgba] timing: frame scene=21 tick=6267 clock=27502558 updates=4 update=840 draw=15969 present=798 map=12
[mgba] timing: frame scene=21 tick=6271 clock=27520394 updates=4 update=463 draw=21813 present=786 map=12
[mgba] timing: frame scene=21 tick=6277 clock=27545988 updates=6 update=1579 draw=14660 present=786 map=12
[mgba] timing: frame scene=21 tick=6281 clock=27563544 updates=4 update=1043 draw=15970 present=798 map=12
[mgba] timing: frame scene=21 tick=6285 clock=27581586 updates=4 update=562 draw=21919 present=785 map=12
[mgba] timing: frame scene=21 tick=6291 clock=27607433 updates=6 update=1217 draw=14660 present=786 map=12
[mgba] timing: frame scene=21 tick=6295 clock=27624990 updates=4 update=1105 draw=14672 present=785 map=12
[mgba] timing: frame scene=21 tick=6299 clock=27642545 updates=4 update=643 draw=23510 present=785 map=12
[mgba] timing: frame scene=21 tick=6305 clock=27668880 updates=6 update=1323 draw=22056 present=786 map=12
[mgba] timing: frame scene=21 tick=6311 clock=27695213 updates=6 update=1485 draw=22028 present=785 map=12
[mgba] timing: frame scene=21 tick=6317 clock=27721547 updates=6 update=693 draw=13046 present=785 map=12
[mgba] timing: END scene=21 ticks=132
[mgba] timing: START move=86 player=true scene=22 tick=6321
[mgba] timing: frame scene=22 tick=6322 clock=27743492 updates=1 update=120 draw=15709 present=785 map=12
[mgba] timing: frame scene=22 tick=6326 clock=27761049 updates=4 update=458 draw=17060 present=798 map=12
[mgba] timing: frame scene=22 tick=6330 clock=27779593 updates=4 update=456 draw=13003 present=786 map=12
[mgba] timing: frame scene=22 tick=6334 clock=27796161 updates=4 update=638 draw=17239 present=786 map=12
[mgba] timing: frame scene=22 tick=6339 clock=27818105 updates=5 update=1152 draw=15944 present=798 map=12
[mgba] timing: frame scene=22 tick=6343 clock=27836230 updates=4 update=769 draw=14656 present=786 map=12
[mgba] timing: frame scene=22 tick=6347 clock=27853217 updates=4 update=770 draw=15944 present=785 map=12
[mgba] timing: frame scene=22 tick=6351 clock=27870957 updates=4 update=913 draw=15919 present=798 map=12
[mgba] timing: frame scene=22 tick=6355 clock=27888815 updates=4 update=769 draw=14642 present=785 map=12
[mgba] timing: frame scene=22 tick=6359 clock=27905885 updates=4 update=771 draw=15918 present=786 map=12
[mgba] timing: frame scene=22 tick=6363 clock=27923601 updates=4 update=913 draw=15944 present=798 map=12
[mgba] timing: frame scene=22 tick=6367 clock=27941484 updates=4 update=769 draw=14656 present=785 map=12
[mgba] timing: frame scene=22 tick=6371 clock=27958553 updates=4 update=770 draw=15944 present=785 map=12
[mgba] timing: frame scene=22 tick=6375 clock=27976293 updates=4 update=914 draw=15918 present=798 map=12
[mgba] timing: frame scene=22 tick=6379 clock=27994151 updates=4 update=769 draw=14642 present=785 map=12
[mgba] timing: frame scene=22 tick=6383 clock=28011221 updates=4 update=770 draw=15919 present=786 map=12
[mgba] timing: frame scene=22 tick=6387 clock=28028936 updates=4 update=914 draw=15944 present=798 map=12
[mgba] timing: frame scene=22 tick=6391 clock=28046820 updates=4 update=769 draw=14656 present=785 map=12
[mgba] timing: frame scene=22 tick=6395 clock=28063889 updates=4 update=770 draw=15944 present=785 map=12
[mgba] timing: frame scene=22 tick=6399 clock=28081629 updates=4 update=914 draw=15919 present=798 map=12
[mgba] timing: frame scene=22 tick=6403 clock=28099488 updates=4 update=658 draw=13018 present=785 map=12
[mgba] timing: frame scene=22 tick=6407 clock=28116557 updates=4 update=456 draw=13007 present=785 map=12
[mgba] timing: frame scene=22 tick=6411 clock=28134113 updates=4 update=456 draw=13007 present=785 map=12
[mgba] timing: frame scene=22 tick=6415 clock=28151669 updates=4 update=887 draw=18157 present=785 map=12
[mgba] timing: frame scene=22 tick=6420 clock=28173614 updates=5 update=659 draw=13027 present=785 map=12
[mgba] timing: frame scene=22 tick=6424 clock=28191170 updates=4 update=456 draw=13015 present=785 map=12
[mgba] timing: frame scene=22 tick=6428 clock=28208727 updates=4 update=641 draw=13012 present=786 map=12
[mgba] timing: frame scene=22 tick=6432 clock=28226282 updates=4 update=569 draw=15665 present=785 map=12
[mgba] timing: frame scene=22 tick=6436 clock=28243838 updates=4 update=733 draw=15606 present=785 map=12
[mgba] timing: frame scene=22 tick=6440 clock=28261394 updates=4 update=509 draw=13048 present=785 map=12
[mgba] timing: END scene=22 ticks=119
[mgba] timing: START move=86 player=false scene=23 tick=6444
[mgba] timing: frame scene=23 tick=6445 clock=28283339 updates=1 update=119 draw=15730 present=785 map=12
[mgba] timing: frame scene=23 tick=6449 clock=28300895 updates=4 update=457 draw=17060 present=798 map=12
[mgba] timing: frame scene=23 tick=6453 clock=28319438 updates=4 update=456 draw=13003 present=785 map=12
[mgba] timing: frame scene=23 tick=6457 clock=28336007 updates=4 update=640 draw=17237 present=785 map=12
[mgba] timing: frame scene=23 tick=6462 clock=28357952 updates=5 update=1161 draw=15894 present=798 map=12
[mgba] timing: frame scene=23 tick=6466 clock=28376036 updates=4 update=771 draw=14631 present=785 map=12
[mgba] timing: frame scene=23 tick=6470 clock=28393064 updates=4 update=774 draw=15894 present=785 map=12
[mgba] timing: frame scene=23 tick=6474 clock=28410758 updates=4 update=920 draw=15872 present=799 map=12
[mgba] timing: frame scene=23 tick=6478 clock=28428576 updates=4 update=771 draw=14619 present=785 map=12
[mgba] timing: frame scene=23 tick=6482 clock=28445732 updates=4 update=774 draw=15873 present=785 map=12
[mgba] timing: frame scene=23 tick=6486 clock=28463405 updates=4 update=920 draw=15894 present=798 map=12
[mgba] timing: frame scene=23 tick=6490 clock=28481245 updates=4 update=771 draw=14631 present=785 map=12
[mgba] timing: frame scene=23 tick=6494 clock=28498400 updates=4 update=774 draw=15894 present=785 map=12
[mgba] timing: frame scene=23 tick=6498 clock=28516094 updates=4 update=920 draw=15872 present=798 map=12
[mgba] timing: frame scene=23 tick=6502 clock=28533912 updates=4 update=771 draw=14619 present=785 map=12
[mgba] timing: frame scene=23 tick=6506 clock=28551068 updates=4 update=774 draw=15873 present=785 map=12
[mgba] timing: frame scene=23 tick=6510 clock=28568741 updates=4 update=920 draw=15894 present=798 map=12
[mgba] timing: frame scene=23 tick=6514 clock=28586581 updates=4 update=771 draw=14631 present=785 map=12
[mgba] timing: frame scene=23 tick=6518 clock=28603736 updates=4 update=774 draw=15894 present=785 map=12
[mgba] timing: frame scene=23 tick=6522 clock=28621430 updates=4 update=920 draw=15873 present=798 map=12
[mgba] timing: frame scene=23 tick=6526 clock=28639249 updates=4 update=659 draw=13018 present=785 map=12
[mgba] timing: frame scene=23 tick=6530 clock=28656404 updates=4 update=456 draw=13006 present=786 map=12
[mgba] timing: frame scene=23 tick=6534 clock=28673960 updates=4 update=457 draw=13006 present=785 map=12
[mgba] timing: frame scene=23 tick=6538 clock=28691516 updates=4 update=862 draw=18154 present=785 map=12
[mgba] timing: frame scene=23 tick=6543 clock=28713461 updates=5 update=658 draw=13026 present=786 map=12
[mgba] timing: frame scene=23 tick=6547 clock=28731017 updates=4 update=456 draw=13015 present=785 map=12
[mgba] timing: frame scene=23 tick=6551 clock=28748573 updates=4 update=644 draw=13013 present=785 map=12
[mgba] timing: frame scene=23 tick=6555 clock=28766129 updates=4 update=567 draw=15661 present=785 map=12
[mgba] timing: frame scene=23 tick=6559 clock=28783685 updates=4 update=733 draw=15593 present=786 map=12
[mgba] timing: frame scene=23 tick=6563 clock=28801320 updates=4 update=507 draw=13049 present=785 map=12
[mgba] timing: END scene=23 ticks=119
[mgba] timing: START move=150 player=true scene=24 tick=6567
[mgba] timing: frame scene=24 tick=6568 clock=28823186 updates=1 update=129 draw=15728 present=786 map=12
[mgba] timing: frame scene=24 tick=6572 clock=28840742 updates=4 update=428 draw=17051 present=798 map=12
[mgba] timing: frame scene=24 tick=6576 clock=28859247 updates=4 update=427 draw=12930 present=786 map=12
[mgba] timing: frame scene=24 tick=6580 clock=28875854 updates=4 update=428 draw=12078 present=798 map=12
[mgba] timing: frame scene=24 tick=6583 clock=28889386 updates=3 update=321 draw=11790 present=798 map=12
[mgba] timing: frame scene=24 tick=6586 clock=28902523 updates=3 update=321 draw=11517 present=785 map=12
[mgba] timing: frame scene=24 tick=6589 clock=28915387 updates=3 update=320 draw=11246 present=786 map=12
[mgba] timing: frame scene=24 tick=6592 clock=28928522 updates=3 update=321 draw=12997 present=785 map=12
[mgba] timing: frame scene=24 tick=6595 clock=28942853 updates=3 update=321 draw=12696 present=786 map=12
[mgba] timing: frame scene=24 tick=6599 clock=28959245 updates=4 update=428 draw=12378 present=798 map=12
[mgba] timing: frame scene=24 tick=6602 clock=28973077 updates=3 update=321 draw=12079 present=798 map=12
[mgba] timing: frame scene=24 tick=6605 clock=28986503 updates=3 update=320 draw=11791 present=798 map=12
[mgba] timing: frame scene=24 tick=6608 clock=28999640 updates=3 update=321 draw=11517 present=798 map=12
[mgba] timing: frame scene=24 tick=6611 clock=29012504 updates=3 update=320 draw=11247 present=785 map=12
[mgba] timing: frame scene=24 tick=6614 clock=29025097 updates=3 update=321 draw=12996 present=786 map=12
[mgba] timing: frame scene=24 tick=6617 clock=29039428 updates=3 update=320 draw=12697 present=785 map=12
[mgba] timing: frame scene=24 tick=6621 clock=29055803 updates=4 update=428 draw=12566 present=798 map=12
[mgba] timing: frame scene=24 tick=6624 clock=29069823 updates=3 update=321 draw=12235 present=785 map=12
[mgba] timing: frame scene=24 tick=6627 clock=29083392 updates=3 update=321 draw=11902 present=785 map=12
[mgba] timing: frame scene=24 tick=6631 clock=29099693 updates=4 update=427 draw=11247 present=785 map=12
[mgba] timing: frame scene=24 tick=6634 clock=29112860 updates=3 update=321 draw=12997 present=785 map=12
[mgba] timing: frame scene=24 tick=6637 clock=29127192 updates=3 update=320 draw=12697 present=785 map=12
[mgba] timing: frame scene=24 tick=6641 clock=29143584 updates=4 update=427 draw=12378 present=798 map=12
[mgba] timing: frame scene=24 tick=6644 clock=29157415 updates=3 update=321 draw=12078 present=798 map=12
[mgba] timing: frame scene=24 tick=6647 clock=29170840 updates=3 update=321 draw=11790 present=798 map=12
[mgba] timing: frame scene=24 tick=6650 clock=29183977 updates=3 update=321 draw=11517 present=798 map=12
[mgba] timing: frame scene=24 tick=6653 clock=29196841 updates=3 update=320 draw=11247 present=785 map=12
[mgba] timing: frame scene=24 tick=6656 clock=29209434 updates=3 update=321 draw=12997 present=785 map=12
[mgba] timing: frame scene=24 tick=6659 clock=29223765 updates=3 update=321 draw=12697 present=785 map=12
[mgba] timing: frame scene=24 tick=6663 clock=29240141 updates=4 update=428 draw=12566 present=798 map=12
[mgba] timing: frame scene=24 tick=6666 clock=29254161 updates=3 update=321 draw=12235 present=785 map=12
[mgba] timing: frame scene=24 tick=6669 clock=29267731 updates=3 update=320 draw=11902 present=785 map=12
[mgba] timing: frame scene=24 tick=6673 clock=29284031 updates=4 update=427 draw=11247 present=785 map=12
[mgba] timing: frame scene=24 tick=6676 clock=29297199 updates=3 update=342 draw=13030 present=785 map=12
[mgba] timing: END scene=24 ticks=109
[mgba] timing: START move=150 player=false scene=25 tick=6679
[mgba] timing: frame scene=25 tick=6680 clock=29314754 updates=1 update=130 draw=15665 present=786 map=12
[mgba] timing: frame scene=25 tick=6684 clock=29332310 updates=4 update=427 draw=17051 present=798 map=12
[mgba] timing: frame scene=25 tick=6688 clock=29350814 updates=4 update=428 draw=12986 present=785 map=12
[mgba] timing: frame scene=25 tick=6692 clock=29367422 updates=4 update=428 draw=12718 present=798 map=12
[mgba] timing: frame scene=25 tick=6695 clock=29381595 updates=3 update=321 draw=12513 present=785 map=12
[mgba] timing: frame scene=25 tick=6699 clock=29398145 updates=4 update=428 draw=12281 present=798 map=12
[mgba] timing: frame scene=25 tick=6702 clock=29411880 updates=3 update=321 draw=12074 present=799 map=12
[mgba] timing: frame scene=25 tick=6705 clock=29425302 updates=3 update=321 draw=12995 present=786 map=12
[mgba] timing: frame scene=25 tick=6709 clock=29442035 updates=4 update=428 draw=12985 present=786 map=12
[mgba] timing: frame scene=25 tick=6712 clock=29456461 updates=3 update=321 draw=12934 present=785 map=12
[mgba] timing: frame scene=25 tick=6716 clock=29472758 updates=4 update=428 draw=12501 present=798 map=12
[mgba] timing: frame scene=25 tick=6719 clock=29486713 updates=3 update=322 draw=12294 present=786 map=12
[mgba] timing: frame scene=25 tick=6722 clock=29500342 updates=3 update=321 draw=12087 present=785 map=12
[mgba] timing: frame scene=25 tick=6726 clock=29516648 updates=4 update=428 draw=12996 present=785 map=12
[mgba] timing: frame scene=25 tick=6729 clock=29531085 updates=3 update=322 draw=12969 present=785 map=12
[mgba] timing: frame scene=25 tick=6733 clock=29547371 updates=4 update=428 draw=12933 present=785 map=12
[mgba] timing: frame scene=25 tick=6736 clock=29561745 updates=3 update=321 draw=12692 present=785 map=12
[mgba] timing: frame scene=25 tick=6740 clock=29578094 updates=4 update=428 draw=12282 present=798 map=12
[mgba] timing: frame scene=25 tick=6743 clock=29591830 updates=3 update=321 draw=12074 present=798 map=12
[mgba] timing: frame scene=25 tick=6746 clock=29605251 updates=3 update=321 draw=12996 present=785 map=12
[mgba] timing: frame scene=25 tick=6750 clock=29621984 updates=4 update=428 draw=12970 present=785 map=12
[mgba] timing: frame scene=25 tick=6753 clock=29636395 updates=3 update=322 draw=12943 present=785 map=12
[mgba] timing: frame scene=25 tick=6757 clock=29652707 updates=4 update=428 draw=12679 present=798 map=12
[mgba] timing: frame scene=25 tick=6760 clock=29667117 updates=3 update=321 draw=12598 present=785 map=12
[mgba] timing: frame scene=25 tick=6764 clock=29683430 updates=4 update=428 draw=12074 present=799 map=12
[mgba] timing: frame scene=25 tick=6767 clock=29696959 updates=3 update=321 draw=12995 present=786 map=12
[mgba] timing: frame scene=25 tick=6771 clock=29714153 updates=4 update=428 draw=12969 present=785 map=12
[mgba] timing: frame scene=25 tick=6774 clock=29728563 updates=3 update=321 draw=12944 present=785 map=12
[mgba] timing: frame scene=25 tick=6778 clock=29744876 updates=4 update=428 draw=12679 present=799 map=12
[mgba] timing: frame scene=25 tick=6781 clock=29759010 updates=3 update=322 draw=12597 present=786 map=12
[mgba] timing: frame scene=25 tick=6785 clock=29775599 updates=4 update=428 draw=12074 present=798 map=12
[mgba] timing: frame scene=25 tick=6788 clock=29789127 updates=3 update=342 draw=13030 present=786 map=12
[mgba] timing: END scene=25 ticks=109
[mgba] timing: START move=104 player=true scene=26 tick=6792
[mgba] timing: frame scene=26 tick=6793 clock=29810711 updates=1 update=142 draw=24605 present=785 map=12
[mgba] timing: frame scene=26 tick=6799 clock=29837045 updates=6 update=630 draw=25907 present=786 map=12
[mgba] timing: frame scene=26 tick=6805 clock=29864596 updates=6 update=653 draw=21838 present=785 map=12
[mgba] timing: frame scene=26 tick=6811 clock=29889713 updates=6 update=636 draw=21838 present=786 map=12
[mgba] timing: frame scene=26 tick=6817 clock=29916047 updates=6 update=688 draw=21969 present=785 map=12
[mgba] timing: frame scene=26 tick=6823 clock=29942381 updates=6 update=679 draw=13507 present=786 map=12
[mgba] timing: frame scene=26 tick=6827 clock=29959937 updates=4 update=427 draw=13015 present=785 map=12
[mgba] timing: frame scene=26 tick=6830 clock=29974392 updates=3 update=322 draw=13015 present=785 map=12
[mgba] timing: frame scene=26 tick=6834 clock=29990660 updates=4 update=427 draw=13335 present=785 map=12
[mgba] timing: frame scene=26 tick=6838 clock=30008217 updates=4 update=426 draw=13014 present=786 map=12
[mgba] timing: frame scene=26 tick=6841 clock=30022671 updates=3 update=319 draw=13016 present=785 map=12
[mgba] timing: frame scene=26 tick=6845 clock=30038940 updates=4 update=426 draw=13015 present=786 map=12
[mgba] timing: frame scene=26 tick=6848 clock=30053395 updates=3 update=321 draw=13015 present=785 map=12
[mgba] timing: frame scene=26 tick=6852 clock=30069662 updates=4 update=427 draw=13335 present=785 map=12
[mgba] timing: frame scene=26 tick=6856 clock=30087218 updates=4 update=427 draw=13014 present=786 map=12
[mgba] timing: frame scene=26 tick=6859 clock=30101673 updates=3 update=318 draw=13016 present=785 map=12
[mgba] timing: frame scene=26 tick=6863 clock=30117941 updates=4 update=427 draw=13015 present=785 map=12
[mgba] timing: frame scene=26 tick=6866 clock=30132396 updates=3 update=322 draw=13015 present=785 map=12
[mgba] timing: frame scene=26 tick=6870 clock=30148664 updates=4 update=427 draw=13335 present=785 map=12
[mgba] timing: frame scene=26 tick=6874 clock=30166220 updates=4 update=427 draw=13014 present=786 map=12
[mgba] timing: frame scene=26 tick=6877 clock=30180675 updates=3 update=318 draw=13016 present=785 map=12
[mgba] timing: frame scene=26 tick=6881 clock=30196943 updates=4 update=427 draw=13015 present=785 map=12
[mgba] timing: frame scene=26 tick=6884 clock=30211398 updates=3 update=322 draw=13015 present=785 map=12
[mgba] timing: frame scene=26 tick=6888 clock=30227666 updates=4 update=427 draw=13335 present=785 map=12
[mgba] timing: frame scene=26 tick=6892 clock=30245223 updates=4 update=426 draw=13014 present=786 map=12
[mgba] timing: frame scene=26 tick=6895 clock=30259677 updates=3 update=318 draw=13016 present=785 map=12
[mgba] timing: frame scene=26 tick=6899 clock=30275945 updates=4 update=428 draw=13015 present=785 map=12
[mgba] timing: frame scene=26 tick=6902 clock=30290401 updates=3 update=322 draw=13015 present=785 map=12
[mgba] timing: frame scene=26 tick=6906 clock=30306668 updates=4 update=427 draw=13335 present=785 map=12
[mgba] timing: frame scene=26 tick=6910 clock=30324224 updates=4 update=427 draw=13014 present=786 map=12
[mgba] timing: frame scene=26 tick=6913 clock=30338679 updates=3 update=318 draw=13016 present=785 map=12
[mgba] timing: frame scene=26 tick=6917 clock=30354947 updates=4 update=446 draw=13015 present=786 map=12
[mgba] timing: frame scene=26 tick=6921 clock=30372503 updates=4 update=447 draw=13013 present=785 map=12
[mgba] timing: frame scene=26 tick=6925 clock=30390059 updates=4 update=458 draw=13013 present=785 map=12
[mgba] timing: frame scene=26 tick=6929 clock=30407615 updates=4 update=458 draw=13013 present=786 map=12
[mgba] timing: frame scene=26 tick=6933 clock=30425171 updates=4 update=706 draw=18360 present=785 map=12
[mgba] timing: frame scene=26 tick=6938 clock=30447117 updates=5 update=748 draw=13021 present=785 map=12
[mgba] timing: frame scene=26 tick=6942 clock=30464672 updates=4 update=463 draw=13009 present=785 map=12
[mgba] timing: frame scene=26 tick=6946 clock=30482228 updates=4 update=674 draw=15817 present=786 map=12
[mgba] timing: frame scene=26 tick=6950 clock=30499784 updates=4 update=558 draw=15830 present=785 map=12
[mgba] timing: frame scene=26 tick=6954 clock=30517340 updates=4 update=561 draw=13021 present=786 map=12
[mgba] timing: frame scene=26 tick=6958 clock=30534897 updates=4 update=625 draw=13009 present=786 map=12
[mgba] timing: frame scene=26 tick=6962 clock=30552452 updates=4 update=559 draw=15818 present=785 map=12
[mgba] timing: frame scene=26 tick=6966 clock=30570008 updates=4 update=609 draw=13021 present=785 map=12
[mgba] timing: frame scene=26 tick=6970 clock=30587564 updates=4 update=463 draw=13009 present=785 map=12
[mgba] timing: frame scene=26 tick=6974 clock=30605120 updates=4 update=479 draw=13046 present=786 map=12
[mgba] timing: END scene=26 ticks=182
[mgba] timing: START move=104 player=false scene=27 tick=6978
[mgba] timing: frame scene=27 tick=6979 clock=30627065 updates=1 update=142 draw=24639 present=786 map=12
[mgba] timing: frame scene=27 tick=6985 clock=30653399 updates=6 update=629 draw=25907 present=785 map=12
[mgba] timing: frame scene=27 tick=6991 clock=30680948 updates=6 update=651 draw=21841 present=785 map=12
[mgba] timing: frame scene=27 tick=6997 clock=30706067 updates=6 update=634 draw=21841 present=785 map=12
[mgba] timing: frame scene=27 tick=7003 clock=30732401 updates=6 update=687 draw=21971 present=785 map=12
[mgba] timing: frame scene=27 tick=7009 clock=30758735 updates=6 update=677 draw=13234 present=785 map=12
[mgba] timing: frame scene=27 tick=7013 clock=30776291 updates=4 update=425 draw=13019 present=785 map=12
[mgba] timing: frame scene=27 tick=7016 clock=30790748 updates=3 update=320 draw=13018 present=785 map=12
[mgba] timing: frame scene=27 tick=7020 clock=30807014 updates=4 update=426 draw=13270 present=785 map=12
[mgba] timing: frame scene=27 tick=7024 clock=30824570 updates=4 update=425 draw=13018 present=785 map=12
[mgba] timing: frame scene=27 tick=7027 clock=30839026 updates=3 update=318 draw=13018 present=786 map=12
[mgba] timing: frame scene=27 tick=7031 clock=30855293 updates=4 update=425 draw=13019 present=785 map=12
[mgba] timing: frame scene=27 tick=7034 clock=30869750 updates=3 update=320 draw=13018 present=785 map=12
[mgba] timing: frame scene=27 tick=7038 clock=30886016 updates=4 update=425 draw=13270 present=785 map=12
[mgba] timing: frame scene=27 tick=7042 clock=30903572 updates=4 update=425 draw=13018 present=785 map=12
[mgba] timing: frame scene=27 tick=7045 clock=30918028 updates=3 update=318 draw=13018 present=786 map=12
[mgba] timing: frame scene=27 tick=7049 clock=30934296 updates=4 update=424 draw=13019 present=785 map=12
[mgba] timing: frame scene=27 tick=7052 clock=30948752 updates=3 update=320 draw=13018 present=785 map=12
[mgba] timing: frame scene=27 tick=7056 clock=30965018 updates=4 update=425 draw=13270 present=785 map=12
[mgba] timing: frame scene=27 tick=7060 clock=30982574 updates=4 update=425 draw=13018 present=785 map=12
[mgba] timing: frame scene=27 tick=7063 clock=30997030 updates=3 update=318 draw=13018 present=786 map=12
[mgba] timing: frame scene=27 tick=7067 clock=31013297 updates=4 update=425 draw=13019 present=785 map=12
[mgba] timing: frame scene=27 tick=7070 clock=31027754 updates=3 update=320 draw=13018 present=785 map=12
[mgba] timing: frame scene=27 tick=7074 clock=31044021 updates=4 update=424 draw=13270 present=785 map=12
[mgba] timing: frame scene=27 tick=7078 clock=31061576 updates=4 update=425 draw=13018 present=785 map=12
[mgba] timing: frame scene=27 tick=7081 clock=31076032 updates=3 update=319 draw=13018 present=786 map=12
[mgba] timing: frame scene=27 tick=7085 clock=31092299 updates=4 update=425 draw=13019 present=785 map=12
[mgba] timing: frame scene=27 tick=7088 clock=31106753 updates=3 update=320 draw=13018 present=785 map=12
[mgba] timing: frame scene=27 tick=7092 clock=31123022 updates=4 update=425 draw=13270 present=785 map=12
[mgba] timing: frame scene=27 tick=7096 clock=31140578 updates=4 update=425 draw=13018 present=785 map=12
[mgba] timing: frame scene=27 tick=7099 clock=31155031 updates=3 update=318 draw=13019 present=785 map=12
[mgba] timing: frame scene=27 tick=7103 clock=31171302 updates=4 update=444 draw=13018 present=785 map=12
[mgba] timing: frame scene=27 tick=7107 clock=31188857 updates=4 update=445 draw=13016 present=786 map=12
[mgba] timing: frame scene=27 tick=7111 clock=31206413 updates=4 update=457 draw=13016 present=785 map=12
[mgba] timing: frame scene=27 tick=7115 clock=31223970 updates=4 update=456 draw=13016 present=785 map=12
[mgba] timing: frame scene=27 tick=7119 clock=31241525 updates=4 update=711 draw=18367 present=786 map=12
[mgba] timing: frame scene=27 tick=7124 clock=31263471 updates=5 update=749 draw=13023 present=785 map=12
[mgba] timing: frame scene=27 tick=7128 clock=31281027 updates=4 update=462 draw=13011 present=785 map=12
[mgba] timing: frame scene=27 tick=7132 clock=31298582 updates=4 update=679 draw=15825 present=785 map=12
[mgba] timing: frame scene=27 tick=7136 clock=31316138 updates=4 update=558 draw=15837 present=785 map=12
[mgba] timing: frame scene=27 tick=7140 clock=31333694 updates=4 update=563 draw=13022 present=786 map=12
[mgba] timing: frame scene=27 tick=7144 clock=31351251 updates=4 update=630 draw=13011 present=786 map=12
[mgba] timing: frame scene=27 tick=7148 clock=31368806 updates=4 update=558 draw=15825 present=785 map=12
[mgba] timing: frame scene=27 tick=7152 clock=31386362 updates=4 update=609 draw=13023 present=786 map=12
[mgba] timing: frame scene=27 tick=7156 clock=31403919 updates=4 update=462 draw=13011 present=785 map=12
[mgba] timing: frame scene=27 tick=7160 clock=31421475 updates=4 update=476 draw=13047 present=785 map=12
[mgba] timing: END scene=27 ticks=182
[mgba] timing: START move=153 player=true scene=28 tick=7164
[mgba] timing: frame scene=28 tick=7165 clock=31443419 updates=1 update=120 draw=15707 present=786 map=12
[mgba] timing: frame scene=28 tick=7169 clock=31460975 updates=4 update=458 draw=17064 present=798 map=12
[mgba] timing: frame scene=28 tick=7173 clock=31479523 updates=4 update=459 draw=13006 present=785 map=12
[mgba] timing: frame scene=28 tick=7177 clock=31496087 updates=4 update=637 draw=17241 present=785 map=12
[mgba] timing: frame scene=28 tick=7182 clock=31518032 updates=5 update=1015 draw=18786 present=786 map=12
[mgba] timing: frame scene=28 tick=7187 clock=31539977 updates=5 update=798 draw=21908 present=785 map=12
[mgba] timing: frame scene=28 tick=7193 clock=31566312 updates=6 update=976 draw=14741 present=785 map=12
[mgba] timing: frame scene=28 tick=7197 clock=31583867 updates=4 update=846 draw=18714 present=786 map=12
[mgba] timing: frame scene=28 tick=7202 clock=31605812 updates=5 update=988 draw=17213 present=785 map=12
[mgba] timing: frame scene=28 tick=7207 clock=31627757 updates=5 update=696 draw=21908 present=785 map=12
[mgba] timing: frame scene=28 tick=7213 clock=31654091 updates=6 update=1106 draw=18720 present=785 map=12
[mgba] timing: frame scene=28 tick=7218 clock=31676037 updates=5 update=987 draw=17225 present=786 map=12
[mgba] timing: frame scene=28 tick=7223 clock=31697981 updates=5 update=783 draw=23683 present=785 map=12
[mgba] timing: frame scene=28 tick=7229 clock=31724315 updates=6 update=1019 draw=18786 present=785 map=12
[mgba] timing: frame scene=28 tick=7234 clock=31746260 updates=5 update=988 draw=17266 present=785 map=12
[mgba] timing: frame scene=28 tick=7239 clock=31768205 updates=5 update=1015 draw=14762 present=785 map=12
[mgba] timing: frame scene=28 tick=7243 clock=31785761 updates=4 update=659 draw=27662 present=786 map=12
[mgba] timing: frame scene=28 tick=7250 clock=31816484 updates=7 update=1115 draw=17239 present=785 map=12
[mgba] timing: frame scene=28 tick=7255 clock=31838429 updates=5 update=1015 draw=14767 present=785 map=12
[mgba] timing: frame scene=28 tick=7259 clock=31855985 updates=4 update=857 draw=18769 present=785 map=12
[mgba] timing: frame scene=28 tick=7264 clock=31877930 updates=5 update=726 draw=21847 present=785 map=12
[mgba] timing: frame scene=28 tick=7270 clock=31904264 updates=6 update=829 draw=14750 present=786 map=12
[mgba] timing: frame scene=28 tick=7274 clock=31921820 updates=4 update=885 draw=18750 present=786 map=12
[mgba] timing: frame scene=28 tick=7279 clock=31943765 updates=5 update=992 draw=17241 present=785 map=12
[mgba] timing: END scene=28 ticks=115
[mgba] timing: START move=153 player=false scene=29 tick=7284
[mgba] timing: frame scene=29 tick=7287 clock=31978877 updates=3 update=347 draw=15712 present=785 map=12
[mgba] timing: frame scene=29 tick=7291 clock=31996433 updates=4 update=457 draw=17064 present=798 map=12
[mgba] timing: frame scene=29 tick=7295 clock=32014980 updates=4 update=607 draw=13010 present=786 map=12
[mgba] timing: frame scene=29 tick=7299 clock=32031546 updates=4 update=778 draw=17262 present=786 map=12
[mgba] timing: frame scene=29 tick=7304 clock=32053490 updates=5 update=763 draw=21848 present=785 map=12
[mgba] timing: frame scene=29 tick=7310 clock=32079824 updates=6 update=1013 draw=17413 present=785 map=12
[mgba] timing: frame scene=29 tick=7315 clock=32101770 updates=5 update=1026 draw=14810 present=786 map=12
[mgba] timing: frame scene=29 tick=7319 clock=32119325 updates=4 update=864 draw=19136 present=785 map=12
[mgba] timing: frame scene=29 tick=7324 clock=32141270 updates=5 update=723 draw=21848 present=785 map=12
[mgba] timing: frame scene=29 tick=7330 clock=32167604 updates=6 update=828 draw=14794 present=785 map=12
[mgba] timing: frame scene=29 tick=7334 clock=32185160 updates=4 update=895 draw=19118 present=785 map=12
[mgba] timing: frame scene=29 tick=7339 clock=32207105 updates=5 update=1074 draw=17465 present=786 map=12
[mgba] timing: frame scene=29 tick=7344 clock=32229050 updates=5 update=639 draw=21848 present=786 map=12
[mgba] timing: frame scene=29 tick=7350 clock=32255384 updates=6 update=1090 draw=19051 present=786 map=12
[mgba] timing: frame scene=29 tick=7355 clock=32277329 updates=5 update=1074 draw=17425 present=785 map=12
[mgba] timing: frame scene=29 tick=7360 clock=32299275 updates=5 update=946 draw=19100 present=785 map=12
[mgba] timing: frame scene=29 tick=7365 clock=32321219 updates=5 update=700 draw=21916 present=785 map=12
[mgba] timing: frame scene=29 tick=7371 clock=32347553 updates=6 update=1156 draw=17440 present=786 map=12
[mgba] timing: frame scene=29 tick=7376 clock=32369498 updates=5 update=947 draw=19082 present=785 map=12
[mgba] timing: frame scene=29 tick=7381 clock=32391443 updates=5 update=1006 draw=17439 present=785 map=12
[mgba] timing: frame scene=29 tick=7386 clock=32413388 updates=5 update=624 draw=21809 present=786 map=12
[mgba] timing: frame scene=29 tick=7392 clock=32439722 updates=6 update=1174 draw=19088 present=785 map=12
[mgba] timing: frame scene=29 tick=7397 clock=32461668 updates=5 update=1004 draw=17452 present=785 map=12
[mgba] timing: frame scene=29 tick=7402 clock=32483612 updates=5 update=646 draw=11871 present=798 map=12
[mgba] timing: END scene=29 ticks=118
[mgba] timing: DONE tick=7405
